Workbook

Sheet Geometry Summary
A1: Abbreviation | B1: Building Type | C1: Shape | D1: Number of Floors | E1: Aspect Ratio | F1: Zone Height_1 | G1: Zone Height_2 | H1: Zone Height_3 | I1: Plenum Height | J1: Floor to Floor Height (feet) | K1: Floor to Ceiling Height (feet)
A2: Asm | B2: Assembly | C2: #VALUE! | D2: 1 | E2: 1 | F2: 12.000578 | G2: na | H2: na | I2: 3.0001456 | J2: =F2 -> 12.000578 | K2: =J2+I2 -> 15.000723
A3: ECC | B3: Education - Community College | C3: #VALUE! | D3: 3 | E3: 5.7 | F3: 9.0004351 | G3: 13.000638 | H3: na | I3: 4.0002044 | J3: 9 / 13 | K3: 13 / 17
A4: EPr | B4: Education - Primary School | C4: #VALUE! | D4: 1 | E4: 2 | F4: 9.0004364 | G4: 12.000591 | H4: na | I4: 3.0001461 | J4: 9 / 12 | K4: 12 / 15
A5: ERC | B5: Education - Relocatable Classroom | C5: #VALUE! | D5: 1 | E5: 1.7 | F5: 9.0004473 | G5: na | H5: na | I5: 3.0001456 | J5: =F5 -> 9.0004473 | K5: =J5+I5 -> 12.000593
A6: ESe | B6: Education - Secondary School | C6: #VALUE! | D6: 2 | E6: 2.5/1.0 | F6: 9.0004492 | G6: 13.000632 | H6: na | I6: 4.0001946 | J6: 9 / 13 | K6: 13 / 17
A7: EUn | B7: Education - University | C7: #VALUE! | D7: 4 | E7: 2.0/15.0 | F7: 10.000492 | G7: 9.0004349 | H7: 14.000685 | I7: 4.0001957 | J7: 9 / 10 / 14 | K7: 13 / 14 / 18
A8: Fin | B8: Financial buildings, incl. banks | C8: #VALUE! | D8: 1 | E8: 1 | F8: 11.000511 | G8: na | H8: na | I8: na | J8: =F8 -> 11.000511 | K8: =J8 -> 11.000511
A9: Gro | B9: Grocery | C9: #VALUE! | D9: 1 | E9: 1 | F9: 25.001203 | G9: na | H9: na | I9: na | J9: =F9 -> 25.001203 | K9: =J9 -> 25.001203
A10: Hsp | B10: Health/Medical - Hospital | C10: #VALUE! | D10: 3 | E10: 1 | F10: 10.007046 | G10: 12.992746 | H10: na | I10: 2.985712 | J10: 10 / 13 | K10: 13 / 16
A11: Htl | B11: Lodging - Hotel | C11: #VALUE! | D11: 4 | E11: 6.6 | F11: 8.0003806 | G11: 10.500488 | H11: na | I11: 1.500073 | J11: 8 / 11 | K11: 10 / 12
A12: Lib | B12: Libraries | C12: #VALUE! | D12: 1 | E12: 1 | F12: 13.00063 | G12: na | H12: na | I12: na | J12: =F12 -> 13.00063 | K12: =J12 -> 13.00063
A13: MBT | B13: Manufacturing Biotech | C13: #VALUE! | D13: 1 | E13: 6 | F13: 9.0004452 | G13: na | H13: na | I13: 6.0003317 | J13: =F13 -> 9.0004452 | K13: =J13+I13 -> 15.000777
A14: MLI | B14: Manufacturing Light Industrial | C14: #VALUE! | D14: 1 | E14: 1 | F14: 35.001709 | G14: na | H14: na | I14: na | J14: =F14 -> 35.001709 | K14: =J14 -> 35.001709
A15: Mtl | B15: Lodging - Motel | C15: #VALUE! | D15: 2 | E15: 5.1 | F15: 9.0004353 | G15: na | H15: na | I15: na | J15: =F15 -> 9.0004353 | K15: =J15 -> 9.0004353
A16: Nrs | B16: Health/Medical - Nursing Home | C16: #VALUE! | D16: 2 | E16: 10.3 | F16: 12.998582 | G16: 9.0004507 | H16: na | I16: 4.0055319 | J16: 9 / 13 | K16: 13 / 17
A17: OfL | B17: Office - Large | C17: #VALUE! | D17: 3 | E17: 1.5 | F17: 9.0004157 | G17: na | H17: na | I17: 3.0001406 | J17: =F17 -> 9.0004157 | K17: =J17+I17 -> 12.000556
A18: OfS | B18: Office - Small | C18: #VALUE! | D18: 2 | E18: 1.5 | F18: 9.0004138 | G18: na | H18: na | I18: 3.0001401 | J18: =F18 -> 9.0004138 | K18: =J18+I18 -> 12.000554
A19: Rel | B19: Religious assembly buildings | C19: #VALUE! | D19: 1 | E19: 2.5 | F19: 37.501823 | G19: 15.0007 | H19: na | I19: na | J19: 38 / 15 | K19: 38 / 15
A20: RFF | B20: Restaurant - Fast-Food | C20: #VALUE! | D20: 1 | E20: 1 | F20: 10.000526 | G20: na | H20: na | I20: 3.0001627 | J20: =F20 -> 10.000526 | K20: =J20+I20 -> 13.000689
A21: RSD | B21: Restaurant - Sit-Down | C21: #VALUE! | D21: 1 | E21: 1 | F21: 10.000487 | G21: na | H21: na | I21: 3.0001467 | J21: =F21 -> 10.000487 | K21: =J21+I21 -> 13.000634
A22: Rt3 | B22: Retail - Multistory Large | C22: #VALUE! | D22: 3 | E22: 1 | F22: 15.000732 | G22: na | H22: na | I22: 5.8001832 | J22: =F22 -> 15.000732 | K22: =J22+I22 -> 20.800916
A23: RtL | B23: Retail - Single-Story Large | C23: #VALUE! | D23: 1 | E23: 1 | F23: 20.500994 | G23: na | H23: na | I23: na | J23: =F23 -> 20.500994 | K23: =J23 -> 20.500994
A24: RtS | B24: Retail - Small | C24: #VALUE! | D24: 1 | E24: 1 | F24: 10.000506 | G24: na | H24: na | I24: 2.0001 | J24: =F24 -> 10.000506 | K24: =J24+I24 -> 12.000606
A25: SCn | B25: Storage - Conditioned | C25: #VALUE! | D25: 1 | E25: 1 | F25: 48.002341 | G25: na | H25: na | I25: na | J25: =F25 -> 48.002341 | K25: =J25 -> 48.002341
A26: SUn | B26: Storage - Unconditioned | C26: #VALUE! | D26: 1 | E26: 1 | F26: 48.002341 | G26: na | H26: na | I26: na | J26: =F26 -> 48.002341 | K26: =J26 -> 48.002341
A27: WRf | B27: Warehouse - Refrigerated | C27: #VALUE! | D27: 1 | E27: 1 | F27: 48.002341 | G27: na | H27: na | I27: na | J27: =F27 -> 48.002341 | K27: =J27 -> 48.002341

Sheet Prototype
A1: TRC, Updated Febuary 2026
A2: =B4 -> Retail - Multistory Large
A3: Characteristic | B3: Value
A4: Building Type | B4: =Raw_building!A2 -> Retail - Multistory Large
A5: Building Category | B5: =Raw_building!B2 -> Nonresidential
A6: Vintages | B6: Two vintages: Existing and New Construction
A7: Shape | B7: =_xlfn.XLOOKUP( B4, 'Geometry Summary'!$B:$B, 'Geometry Summary'!$C:$C, "" ) -> #VALUE!
A8: Total Floor Area (ft²) | B8: =Zones!H33 -> 120011.7
A9: Aspect Ratio | B9: =_xlfn.XLOOKUP( B4, 'Geometry Summary'!$B:$B, 'Geometry Summary'!$E:$E, "" ) -> 1
A10: Number of Floors | B10: =_xlfn.XLOOKUP( B4, 'Geometry Summary'!$B:$B, 'Geometry Summary'!$D:$D, "" ) -> 3
A11: Roof Type | B11: =Raw_building!C2 -> Flat Roof
A12: Gross Window to Wall Ratio (%) | B12: =Raw_building!D2 -> 2
A13: Shading Geometry | B13: =_xlfn.TEXTJOIN("; ", TRUE, _xlfn.BYROW(Raw_shadinggeometry!A2:C7, _xlfn.LAMBDA(_xlpm.r, _xlfn.TEXTJOIN(", ", TRUE, _xlpm.r)))) -> No Shading
A14: Floor to Floor Height (feet) | B14: =_xlfn.XLOOKUP( B4, 'Geometry Summary'!$B:$B, 'Geometry Summary'!$J:$J, "" ) -> 15.000732
A15: Floor to Ceiling Height (feet) | B15: =_xlfn.XLOOKUP( B4, 'Geometry Summary'!$B:$B, 'Geometry Summary'!$K:$K, "" ) -> 20.800916
A16: Glazing Sill Height (feet) | B16: =AVERAGE(Raw_windowdimensionsillheight!D:D) -> 3

Sheet Notes
A1: Prototype Overview
A2: Name | B2: Description
A3: Asm | B3: Assembly
A4: ECC | B4: Education - Community College
A5: EPr | B5: Education - Primary School
A6: ERC | B6: Education - Relocatable Classroom
A7: ESe | B7: Education - Secondary School
A8: EUn | B8: Education - University
A9: Fin | B9: Financial buildings, incl. banks
A10: Gro | B10: Grocery
A11: Hsp | B11: Health/Medical - Hospital
A12: Htl | B12: Lodging - Hotel
A13: Lib | B13: Libraries
... A28: WRf | B28: Warehouse - Refrigerated
A31: Vintages
A32: Existing | B32: Weighted average of Title 24 requirements based on vintages from 1975 to 2022
A33: New Construction | B33: Title 24 2025
A36: Run Begin Day
A37: Begin Month | B37: Begin Day of Month | C37: Day of Week for Start Day
A38: =Raw_runbeginday!A2 -> 1 | B38: =Raw_runbeginday!B2 -> 1 | C38: =Raw_runbeginday!C2 -> Sunday
A41: Special Days
A42: Name | B42: Start Date | C42: Duration (days) | D42: Special Day Type
A43: =Raw_specialdays!A2 -> New Years Day | B43: =Raw_specialdays!B2 -> January 1 | C43: =Raw_specialdays!C2 -> 1 | D43: =Raw_specialdays!D2 -> Holiday
A44: =Raw_specialdays!A3 -> Veterans Day | B44: =Raw_specialdays!B3 -> November 11 | C44: =Raw_specialdays!C3 -> 1 | D44: =Raw_specialdays!D3 -> Holiday
A45: =Raw_specialdays!A4 -> Christmas | B45: =Raw_specialdays!B4 -> December 25 | C45: =Raw_specialdays!C4 -> 1 | D45: =Raw_specialdays!D4 -> Holiday
A46: =Raw_specialdays!A5 -> Independence Day | B46: =Raw_specialdays!B5 -> July 4 | C46: =Raw_specialdays!C5 -> 1 | D46: =Raw_specialdays!D5 -> Holiday
A47: =Raw_specialdays!A6 -> MLK Day | B47: =Raw_specialdays!B6 -> 3rd Monday in January | C47: =Raw_specialdays!C6 -> 1 | D47: =Raw_specialdays!D6 -> Holiday
A48: =Raw_specialdays!A7 -> Presidents Day | B48: =Raw_specialdays!B7 -> 3rd Monday in February | C48: =Raw_specialdays!C7 -> 1 | D48: =Raw_specialdays!D7 -> Holiday
A49: =Raw_specialdays!A8 -> Memorial Day | B49: =Raw_specialdays!B8 -> Last Monday in May | C49: =Raw_specialdays!C8 -> 1 | D49: =Raw_specialdays!D8 -> Holiday
A50: =Raw_specialdays!A9 -> Labor Day | B50: =Raw_specialdays!B9 -> 1st Monday in September | C50: =Raw_specialdays!C9 -> 1 | D50: =Raw_specialdays!D9 -> Holiday
A51: =Raw_specialdays!A10 -> Columbus Day | B51: =Raw_specialdays!B10 -> 2nd Monday in October | C51: =Raw_specialdays!C10 -> 1 | D51: =Raw_specialdays!D10 -> Holiday
A52: =Raw_specialdays!A11 -> Thanksgiving | B52: =Raw_specialdays!B11 -> 4th Thursday in November | C52: =Raw_specialdays!C11 -> 1 | D52: =Raw_specialdays!D11 -> Holiday

Sheet Raw_runbeginday
A1: Begin Month | B1: Begin Day of Month | C1: Day of Week for Start Day
A2: 1 | B2: 1 | C2: Sunday

Sheet Raw_specialdays
A1: Name | B1: Start Day | C1: Duration | D1: Special Day Type
A2: New Years Day | B2: January 1 | C2: 1 | D2: Holiday
A3: Veterans Day | B3: November 11 | C3: 1 | D3: Holiday
A4: Christmas | B4: December 25 | C4: 1 | D4: Holiday
A5: Independence Day | B5: July 4 | C5: 1 | D5: Holiday
A6: MLK Day | B6: 3rd Monday in January | C6: 1 | D6: Holiday
A7: Presidents Day | B7: 3rd Monday in February | C7: 1 | D7: Holiday
A8: Memorial Day | B8: Last Monday in May | C8: 1 | D8: Holiday
A9: Labor Day | B9: 1st Monday in September | C9: 1 | D9: Holiday
A10: Columbus Day | B10: 2nd Monday in October | C10: 1 | D10: Holiday
A11: Thanksgiving | B11: 4th Thursday in November | C11: 1 | D11: Holiday

Sheet Climate Zone
A1: Climate Zones - All Prototypes
A2: Climate Zone | B2: Representative City | C2: Weather File Name
A3: CZ01 | B3: Eureka | C3: CA_EUREKA_725940S_CZ2022.epw
A4: CZ02 | B4: Napa | C4: CA_NAPA-CO_724955S_CZ2022.epw
A5: CZ03 | B5: Oakland | C5: CA_OAKLAND-METRO-AP_724930S_CZ2022.epw
A6: CZ04 | B6: San Jose | C6: CA_SAN-JOSE-IAP_724945S_CZ2022.epw
A7: CZ05 | B7: Santa Maria | C7: CA_SANTA-MARIA-PUBLIC-AP_723940S_CZ2022.epw
A8: CZ06 | B8: Los Angeles | C8: CA_LOS-ANGELES-IAP_722950S_CZ2022.epw
A9: CZ07 | B9: San Diego-Lindbergh | C9: CA_SAN-DIEGO-LINDBERGH-FLD_722900S_CZ2022.epw
A10: CZ08 | B10: Long Beach-Daugherty | C10: CA_LONG-BEACH-DAUGHERTY-FLD_722970S_CZ2022.epw
A11: CZ09 | B11: Los Angeles | C11: CA_LOS-ANGELES-DOWNTOWN-USC_722874S_CZ2022.epw
A12: CZ10 | B12: Riverside | C12: CA_RIVERSIDE-MUNI_722869S_CZ2022.epw
A13: CZ11 | B13: Red Bluff | C13: CA_RED-BLUFF-MUNI-AP_725910S_CZ2022.epw
... A18: CZ16 | B18: Bishop | C18: CA_BISHOP-AP_724800S_CZ2022.epw
F25: Source: California Energy Commission, https://cecgis-caenergy.opendata.arcgis.com/datasets/CAEnergy::california-building-climate-zones/about

Sheet Zones
A1: ="Zone Summary - "&Prototype!A2 -> Zone Summary - Retail - Multistory Large
A2: Space | B2: Zone Name | C2: Conditioned [Y/N] | D2: Zone Type | E2: HVAC System Identifier (Main/Alternative/Customized) | F2: Schedule Identifier | G2: Area Fraction | H2: Area (Excluding Plenums and Crawl Space) (ft²) | I2: Volume (ft³) | J2: Multipliers | K2: People (Persons/1,000 ft²) | L2: Note
A3: =IF(TRIM(Raw_zonesummary!$A2)="Existing",Raw_zonesummary!B2,"") -> EL1 CORE PLNM (G.C10) | B3: =IF(TRIM(Raw_zonesummary!$A2)="Existing",Raw_zonesummary!C2,"") -> EL1 CORE PLNM (G.C10) | C3: =IF(TRIM(Raw_zonesummary!$A2)="Existing",Raw_zonesummary!D2,"") -> No | D3: =IF(TRIM(Raw_zonesummary!$A2)="Existing",Raw_zonesummary!P2,"") -> Plenum | E3: =IF(TRIM(Raw_zonesummary!$A2)="Existing",Raw_zonesummary!Q2,"") -> - | F3: =IF(TRIM(Raw_zonesummary!$A2)="Existing",Raw_zonesummary!R2,"") -> Plenum | G3: =IFERROR(H3*J3/H33,"") -> 0 | H3: =IF(TRIM(Raw_zonesummary!$A2)="Existing",Raw_zonesummary!E2,"") -> 0 | I3: =IF(TRIM(Raw_zonesummary!$A2)="Existing",Raw_zonesummary!I2,"") -> 167641.65 | J3: =IF(TRIM(Raw_zonesummary!$A2)="Existing",Raw_zonesummary!J2,"") -> 1 | K3: =IF(TRIM(Raw_zonesummary!$A2)="Existing",Raw_zonesummary!K2,"") -> 0
A4: =IF(TRIM(Raw_zonesummary!$A3)="Existing",Raw_zonesummary!B3,"") -> EL1 CORE PLNM (M.C20) | B4: =IF(TRIM(Raw_zonesummary!$A3)="Existing",Raw_zonesummary!C3,"") -> EL1 CORE PLNM (M.C20) | C4: =IF(TRIM(Raw_zonesummary!$A3)="Existing",Raw_zonesummary!D3,"") -> No | D4: =IF(TRIM(Raw_zonesummary!$A3)="Existing",Raw_zonesummary!P3,"") -> Plenum | E4: =IF(TRIM(Raw_zonesummary!$A3)="Existing",Raw_zonesummary!Q3,"") -> - | F4: =IF(TRIM(Raw_zonesummary!$A3)="Existing",Raw_zonesummary!R3,"") -> Plenum | G4: =IFERROR(H4*J4/H33,"") -> 0 | H4: =IF(TRIM(Raw_zonesummary!$A3)="Existing",Raw_zonesummary!E3,"") -> 0 | I4: =IF(TRIM(Raw_zonesummary!$A3)="Existing",Raw_zonesummary!I3,"") -> 167650.32 | J4: =IF(TRIM(Raw_zonesummary!$A3)="Existing",Raw_zonesummary!J3,"") -> 1 | K4: =IF(TRIM(Raw_zonesummary!$A3)="Existing",Raw_zonesummary!K3,"") -> 0
A5: =IF(TRIM(Raw_zonesummary!$A4)="Existing",Raw_zonesummary!B4,"") -> EL1 CORE PLNM (T.C30) | B5: =IF(TRIM(Raw_zonesummary!$A4)="Existing",Raw_zonesummary!C4,"") -> EL1 CORE PLNM (T.C30) | C5: =IF(TRIM(Raw_zonesummary!$A4)="Existing",Raw_zonesummary!D4,"") -> No | D5: =IF(TRIM(Raw_zonesummary!$A4)="Existing",Raw_zonesummary!P4,"") -> Plenum | E5: =IF(TRIM(Raw_zonesummary!$A4)="Existing",Raw_zonesummary!Q4,"") -> - | F5: =IF(TRIM(Raw_zonesummary!$A4)="Existing",Raw_zonesummary!R4,"") -> Plenum | G5: =IFERROR(H5*J5/H33,"") -> 0 | H5: =IF(TRIM(Raw_zonesummary!$A4)="Existing",Raw_zonesummary!E4,"") -> 0 | I5: =IF(TRIM(Raw_zonesummary!$A4)="Existing",Raw_zonesummary!I4,"") -> 167638.76 | J5: =IF(TRIM(Raw_zonesummary!$A4)="Existing",Raw_zonesummary!J4,"") -> 1 | K5: =IF(TRIM(Raw_zonesummary!$A4)="Existing",Raw_zonesummary!K4,"") -> 0
A6: =IF(TRIM(Raw_zonesummary!$A5)="Existing",Raw_zonesummary!B5,"") -> EL1 CORE SPC (G.C5) | B6: =IF(TRIM(Raw_zonesummary!$A5)="Existing",Raw_zonesummary!C5,"") -> EL1 CORE SPC (G.C5) | C6: =IF(TRIM(Raw_zonesummary!$A5)="Existing",Raw_zonesummary!D5,"") -> Yes | D6: =IF(TRIM(Raw_zonesummary!$A5)="Existing",Raw_zonesummary!P5,"") -> Retail_sales | E6: =IF(TRIM(Raw_zonesummary!$A5)="Existing",Raw_zonesummary!Q5,"") -> Main | F6: =IF(TRIM(Raw_zonesummary!$A5)="Existing",Raw_zonesummary!R5,"") -> Retail | G6: =IFERROR(H6*J6/H33,"") -> 0.24083335 | H6: =IF(TRIM(Raw_zonesummary!$A5)="Existing",Raw_zonesummary!E5,"") -> 28902.82 | I6: =IF(TRIM(Raw_zonesummary!$A5)="Existing",Raw_zonesummary!I5,"") -> 433563.47 | J6: =IF(TRIM(Raw_zonesummary!$A5)="Existing",Raw_zonesummary!J5,"") -> 1 | K6: =IF(TRIM(Raw_zonesummary!$A5)="Existing",Raw_zonesummary!K5,"") -> 8.33
A7: =IF(TRIM(Raw_zonesummary!$A6)="Existing",Raw_zonesummary!B6,"") -> EL1 EAST PERIM PLNM (G.E7) | B7: =IF(TRIM(Raw_zonesummary!$A6)="Existing",Raw_zonesummary!C6,"") -> EL1 EAST PERIM PLNM (G.E7) | C7: =IF(TRIM(Raw_zonesummary!$A6)="Existing",Raw_zonesummary!D6,"") -> No | D7: =IF(TRIM(Raw_zonesummary!$A6)="Existing",Raw_zonesummary!P6,"") -> Plenum | E7: =IF(TRIM(Raw_zonesummary!$A6)="Existing",Raw_zonesummary!Q6,"") -> - | F7: =IF(TRIM(Raw_zonesummary!$A6)="Existing",Raw_zonesummary!R6,"") -> Plenum | G7: =IFERROR(H7*J7/H33,"") -> 0 | H7: =IF(TRIM(Raw_zonesummary!$A6)="Existing",Raw_zonesummary!E6,"") -> 0 | I7: =IF(TRIM(Raw_zonesummary!$A6)="Existing",Raw_zonesummary!I6,"") -> 16097.08 | J7: =IF(TRIM(Raw_zonesummary!$A6)="Existing",Raw_zonesummary!J6,"") -> 1 | K7: =IF(TRIM(Raw_zonesummary!$A6)="Existing",Raw_zonesummary!K6,"") -> 0
A8: =IF(TRIM(Raw_zonesummary!$A7)="Existing",Raw_zonesummary!B7,"") -> EL1 EAST PERIM PLNM (M.E17) | B8: =IF(TRIM(Raw_zonesummary!$A7)="Existing",Raw_zonesummary!C7,"") -> EL1 EAST PERIM PLNM (M.E17) | C8: =IF(TRIM(Raw_zonesummary!$A7)="Existing",Raw_zonesummary!D7,"") -> No | D8: =IF(TRIM(Raw_zonesummary!$A7)="Existing",Raw_zonesummary!P7,"") -> Plenum | E8: =IF(TRIM(Raw_zonesummary!$A7)="Existing",Raw_zonesummary!Q7,"") -> - | F8: =IF(TRIM(Raw_zonesummary!$A7)="Existing",Raw_zonesummary!R7,"") -> Plenum | G8: =IFERROR(H8*J8/H33,"") -> 0 | H8: =IF(TRIM(Raw_zonesummary!$A7)="Existing",Raw_zonesummary!E7,"") -> 0 | I8: =IF(TRIM(Raw_zonesummary!$A7)="Existing",Raw_zonesummary!I7,"") -> 16097.91 | J8: =IF(TRIM(Raw_zonesummary!$A7)="Existing",Raw_zonesummary!J7,"") -> 1 | K8: =IF(TRIM(Raw_zonesummary!$A7)="Existing",Raw_zonesummary!K7,"") -> 0
A9: =IF(TRIM(Raw_zonesummary!$A8)="Existing",Raw_zonesummary!B8,"") -> EL1 EAST PERIM PLNM (T.E27) | B9: =IF(TRIM(Raw_zonesummary!$A8)="Existing",Raw_zonesummary!C8,"") -> EL1 EAST PERIM PLNM (T.E27) | C9: =IF(TRIM(Raw_zonesummary!$A8)="Existing",Raw_zonesummary!D8,"") -> No | D9: =IF(TRIM(Raw_zonesummary!$A8)="Existing",Raw_zonesummary!P8,"") -> Plenum | E9: =IF(TRIM(Raw_zonesummary!$A8)="Existing",Raw_zonesummary!Q8,"") -> - | F9: =IF(TRIM(Raw_zonesummary!$A8)="Existing",Raw_zonesummary!R8,"") -> Plenum | G9: =IFERROR(H9*J9/H33,"") -> 0 | H9: =IF(TRIM(Raw_zonesummary!$A8)="Existing",Raw_zonesummary!E8,"") -> 0 | I9: =IF(TRIM(Raw_zonesummary!$A8)="Existing",Raw_zonesummary!I8,"") -> 16096.8 | J9: =IF(TRIM(Raw_zonesummary!$A8)="Existing",Raw_zonesummary!J8,"") -> 1 | K9: =IF(TRIM(Raw_zonesummary!$A8)="Existing",Raw_zonesummary!K8,"") -> 0
A10: =IF(TRIM(Raw_zonesummary!$A9)="Existing",Raw_zonesummary!B9,"") -> EL1 NORTH PERIM PLNM (G.N8) | B10: =IF(TRIM(Raw_zonesummary!$A9)="Existing",Raw_zonesummary!C9,"") -> EL1 NORTH PERIM PLNM (G.N8) | C10: =IF(TRIM(Raw_zonesummary!$A9)="Existing",Raw_zonesummary!D9,"") -> No | D10: =IF(TRIM(Raw_zonesummary!$A9)="Existing",Raw_zonesummary!P9,"") -> Plenum | E10: =IF(TRIM(Raw_zonesummary!$A9)="Existing",Raw_zonesummary!Q9,"") -> - | F10: =IF(TRIM(Raw_zonesummary!$A9)="Existing",Raw_zonesummary!R9,"") -> Plenum | G10: =IFERROR(H10*J10/H33,"") -> 0 | H10: =IF(TRIM(Raw_zonesummary!$A9)="Existing",Raw_zonesummary!E9,"") -> 0 | I10: =IF(TRIM(Raw_zonesummary!$A9)="Existing",Raw_zonesummary!I9,"") -> 16097.08 | J10: =IF(TRIM(Raw_zonesummary!$A9)="Existing",Raw_zonesummary!J9,"") -> 1 | K10: =IF(TRIM(Raw_zonesummary!$A9)="Existing",Raw_zonesummary!K9,"") -> 0
A11: =IF(TRIM(Raw_zonesummary!$A10)="Existing",Raw_zonesummary!B10,"") -> EL1 NORTH PERIM PLNM (M.N18) | B11: =IF(TRIM(Raw_zonesummary!$A10)="Existing",Raw_zonesummary!C10,"") -> EL1 NORTH PERIM PLNM (M.N18) | C11: =IF(TRIM(Raw_zonesummary!$A10)="Existing",Raw_zonesummary!D10,"") -> No | D11: =IF(TRIM(Raw_zonesummary!$A10)="Existing",Raw_zonesummary!P10,"") -> Plenum | E11: =IF(TRIM(Raw_zonesummary!$A10)="Existing",Raw_zonesummary!Q10,"") -> - | F11: =IF(TRIM(Raw_zonesummary!$A10)="Existing",Raw_zonesummary!R10,"") -> Plenum | G11: =IFERROR(H11*J11/H33,"") -> 0 | H11: =IF(TRIM(Raw_zonesummary!$A10)="Existing",Raw_zonesummary!E10,"") -> 0 | I11: =IF(TRIM(Raw_zonesummary!$A10)="Existing",Raw_zonesummary!I10,"") -> 16097.91 | J11: =IF(TRIM(Raw_zonesummary!$A10)="Existing",Raw_zonesummary!J10,"") -> 1 | K11: =IF(TRIM(Raw_zonesummary!$A10)="Existing",Raw_zonesummary!K10,"") -> 0
A12: =IF(TRIM(Raw_zonesummary!$A11)="Existing",Raw_zonesummary!B11,"") -> EL1 NORTH PERIM PLNM (T.N28) | B12: =IF(TRIM(Raw_zonesummary!$A11)="Existing",Raw_zonesummary!C11,"") -> EL1 NORTH PERIM PLNM (T.N28) | C12: =IF(TRIM(Raw_zonesummary!$A11)="Existing",Raw_zonesummary!D11,"") -> No | D12: =IF(TRIM(Raw_zonesummary!$A11)="Existing",Raw_zonesummary!P11,"") -> Plenum | E12: =IF(TRIM(Raw_zonesummary!$A11)="Existing",Raw_zonesummary!Q11,"") -> - | F12: =IF(TRIM(Raw_zonesummary!$A11)="Existing",Raw_zonesummary!R11,"") -> Plenum | G12: =IFERROR(H12*J12/H33,"") -> 0 | H12: =IF(TRIM(Raw_zonesummary!$A11)="Existing",Raw_zonesummary!E11,"") -> 0 | I12: =IF(TRIM(Raw_zonesummary!$A11)="Existing",Raw_zonesummary!I11,"") -> 16096.8 | J12: =IF(TRIM(Raw_zonesummary!$A11)="Existing",Raw_zonesummary!J11,"") -> 1 | K12: =IF(TRIM(Raw_zonesummary!$A11)="Existing",Raw_zonesummary!K11,"") -> 0
A13: =IF(TRIM(Raw_zonesummary!$A12)="Existing",Raw_zonesummary!B12,"") -> EL1 SOUTH PERIM PLNM (G.S6) | B13: =IF(TRIM(Raw_zonesummary!$A12)="Existing",Raw_zonesummary!C12,"") -> EL1 SOUTH PERIM PLNM (G.S6) | C13: =IF(TRIM(Raw_zonesummary!$A12)="Existing",Raw_zonesummary!D12,"") -> No | D13: =IF(TRIM(Raw_zonesummary!$A12)="Existing",Raw_zonesummary!P12,"") -> Plenum | E13: =IF(TRIM(Raw_zonesummary!$A12)="Existing",Raw_zonesummary!Q12,"") -> - | F13: =IF(TRIM(Raw_zonesummary!$A12)="Existing",Raw_zonesummary!R12,"") -> Plenum | G13: =IFERROR(H13*J13/H33,"") -> 0 | H13: =IF(TRIM(Raw_zonesummary!$A12)="Existing",Raw_zonesummary!E12,"") -> 0 | I13: =IF(TRIM(Raw_zonesummary!$A12)="Existing",Raw_zonesummary!I12,"") -> 16097.08 | J13: =IF(TRIM(Raw_zonesummary!$A12)="Existing",Raw_zonesummary!J12,"") -> 1 | K13: =IF(TRIM(Raw_zonesummary!$A12)="Existing",Raw_zonesummary!K12,"") -> 0
A14: =IF(TRIM(Raw_zonesummary!$A13)="Existing",Raw_zonesummary!B13,"") -> EL1 SOUTH PERIM PLNM (M.S16) | B14: =IF(TRIM(Raw_zonesummary!$A13)="Existing",Raw_zonesummary!C13,"") -> EL1 SOUTH PERIM PLNM (M.S16) | C14: =IF(TRIM(Raw_zonesummary!$A13)="Existing",Raw_zonesummary!D13,"") -> No | D14: =IF(TRIM(Raw_zonesummary!$A13)="Existing",Raw_zonesummary!P13,"") -> Plenum | E14: =IF(TRIM(Raw_zonesummary!$A13)="Existing",Raw_zonesummary!Q13,"") -> - | F14: =IF(TRIM(Raw_zonesummary!$A13)="Existing",Raw_zonesummary!R13,"") -> Plenum | G14: =IFERROR(H14*J14/H33,"") -> 0 | H14: =IF(TRIM(Raw_zonesummary!$A13)="Existing",Raw_zonesummary!E13,"") -> 0 | I14: =IF(TRIM(Raw_zonesummary!$A13)="Existing",Raw_zonesummary!I13,"") -> 16097.91 | J14: =IF(TRIM(Raw_zonesummary!$A13)="Existing",Raw_zonesummary!J13,"") -> 1 | K14: =IF(TRIM(Raw_zonesummary!$A13)="Existing",Raw_zonesummary!K13,"") -> 0
A15: =IF(TRIM(Raw_zonesummary!$A14)="Existing",Raw_zonesummary!B14,"") -> EL1 SOUTH PERIM PLNM (T.S26) | B15: =IF(TRIM(Raw_zonesummary!$A14)="Existing",Raw_zonesummary!C14,"") -> EL1 SOUTH PERIM PLNM (T.S26) | C15: =IF(TRIM(Raw_zonesummary!$A14)="Existing",Raw_zonesummary!D14,"") -> No | D15: =IF(TRIM(Raw_zonesummary!$A14)="Existing",Raw_zonesummary!P14,"") -> Plenum | E15: =IF(TRIM(Raw_zonesummary!$A14)="Existing",Raw_zonesummary!Q14,"") -> - | F15: =IF(TRIM(Raw_zonesummary!$A14)="Existing",Raw_zonesummary!R14,"") -> Plenum | G15: =IFERROR(H15*J15/H33,"") -> 0 | H15: =IF(TRIM(Raw_zonesummary!$A14)="Existing",Raw_zonesummary!E14,"") -> 0 | I15: =IF(TRIM(Raw_zonesummary!$A14)="Existing",Raw_zonesummary!I14,"") -> 16096.8 | J15: =IF(TRIM(Raw_zonesummary!$A14)="Existing",Raw_zonesummary!J14,"") -> 1 | K15: =IF(TRIM(Raw_zonesummary!$A14)="Existing",Raw_zonesummary!K14,"") -> 0
A16: =IF(TRIM(Raw_zonesummary!$A15)="Existing",Raw_zonesummary!B15,"") -> EL1 WEST PERIM PLNM (G.W9) | B16: =IF(TRIM(Raw_zonesummary!$A15)="Existing",Raw_zonesummary!C15,"") -> EL1 WEST PERIM PLNM (G.W9) | C16: =IF(TRIM(Raw_zonesummary!$A15)="Existing",Raw_zonesummary!D15,"") -> No | D16: =IF(TRIM(Raw_zonesummary!$A15)="Existing",Raw_zonesummary!P15,"") -> Plenum | E16: =IF(TRIM(Raw_zonesummary!$A15)="Existing",Raw_zonesummary!Q15,"") -> - | F16: =IF(TRIM(Raw_zonesummary!$A15)="Existing",Raw_zonesummary!R15,"") -> Plenum | G16: =IFERROR(H16*J16/H33,"") -> 0 | H16: =IF(TRIM(Raw_zonesummary!$A15)="Existing",Raw_zonesummary!E15,"") -> 0 | I16: =IF(TRIM(Raw_zonesummary!$A15)="Existing",Raw_zonesummary!I15,"") -> 16097.08 | J16: =IF(TRIM(Raw_zonesummary!$A15)="Existing",Raw_zonesummary!J15,"") -> 1 | K16: =IF(TRIM(Raw_zonesummary!$A15)="Existing",Raw_zonesummary!K15,"") -> 0
A17: =IF(TRIM(Raw_zonesummary!$A16)="Existing",Raw_zonesummary!B16,"") -> EL1 WEST PERIM PLNM (M.W19) | B17: =IF(TRIM(Raw_zonesummary!$A16)="Existing",Raw_zonesummary!C16,"") -> EL1 WEST PERIM PLNM (M.W19) | C17: =IF(TRIM(Raw_zonesummary!$A16)="Existing",Raw_zonesummary!D16,"") -> No | D17: =IF(TRIM(Raw_zonesummary!$A16)="Existing",Raw_zonesummary!P16,"") -> Plenum | E17: =IF(TRIM(Raw_zonesummary!$A16)="Existing",Raw_zonesummary!Q16,"") -> - | F17: =IF(TRIM(Raw_zonesummary!$A16)="Existing",Raw_zonesummary!R16,"") -> Plenum | G17: =IFERROR(H17*J17/H33,"") -> 0 | H17: =IF(TRIM(Raw_zonesummary!$A16)="Existing",Raw_zonesummary!E16,"") -> 0 | I17: =IF(TRIM(Raw_zonesummary!$A16)="Existing",Raw_zonesummary!I16,"") -> 16097.91 | J17: =IF(TRIM(Raw_zonesummary!$A16)="Existing",Raw_zonesummary!J16,"") -> 1 | K17: =IF(TRIM(Raw_zonesummary!$A16)="Existing",Raw_zonesummary!K16,"") -> 0
A18: =IF(TRIM(Raw_zonesummary!$A17)="Existing",Raw_zonesummary!B17,"") -> EL1 WEST PERIM PLNM (T.W29) | B18: =IF(TRIM(Raw_zonesummary!$A17)="Existing",Raw_zonesummary!C17,"") -> EL1 WEST PERIM PLNM (T.W29) | C18: =IF(TRIM(Raw_zonesummary!$A17)="Existing",Raw_zonesummary!D17,"") -> No | D18: =IF(TRIM(Raw_zonesummary!$A17)="Existing",Raw_zonesummary!P17,"") -> Plenum | E18: =IF(TRIM(Raw_zonesummary!$A17)="Existing",Raw_zonesummary!Q17,"") -> - | F18: =IF(TRIM(Raw_zonesummary!$A17)="Existing",Raw_zonesummary!R17,"") -> Plenum | G18: =IFERROR(H18*J18/H33,"") -> 0 | H18: =IF(TRIM(Raw_zonesummary!$A17)="Existing",Raw_zonesummary!E17,"") -> 0 | I18: =IF(TRIM(Raw_zonesummary!$A17)="Existing",Raw_zonesummary!I17,"") -> 16096.8 | J18: =IF(TRIM(Raw_zonesummary!$A17)="Existing",Raw_zonesummary!J17,"") -> 1 | K18: =IF(TRIM(Raw_zonesummary!$A17)="Existing",Raw_zonesummary!K17,"") -> 0
A19: =IF(TRIM(Raw_zonesummary!$A18)="Existing",Raw_zonesummary!B18,"") -> RETAILSALES EL1 CORE SPC (M.C15) | B19: =IF(TRIM(Raw_zonesummary!$A18)="Existing",Raw_zonesummary!C18,"") -> RETAILSALES EL1 CORE SPC (M.C15) | C19: =IF(TRIM(Raw_zonesummary!$A18)="Existing",Raw_zonesummary!D18,"") -> Yes | D19: =IF(TRIM(Raw_zonesummary!$A18)="Existing",Raw_zonesummary!P18,"") -> Retail_sales | E19: =IF(TRIM(Raw_zonesummary!$A18)="Existing",Raw_zonesummary!Q18,"") -> Main | F19: =IF(TRIM(Raw_zonesummary!$A18)="Existing",Raw_zonesummary!R18,"") -> Retail | G19: =IFERROR(H19*J19/H33,"") -> 0.24083335 | H19: =IF(TRIM(Raw_zonesummary!$A18)="Existing",Raw_zonesummary!E18,"") -> 28902.82 | I19: =IF(TRIM(Raw_zonesummary!$A18)="Existing",Raw_zonesummary!I18,"") -> 433563.47 | J19: =IF(TRIM(Raw_zonesummary!$A18)="Existing",Raw_zonesummary!J18,"") -> 1 | K19: =IF(TRIM(Raw_zonesummary!$A18)="Existing",Raw_zonesummary!K18,"") -> 8.33
A20: =IF(TRIM(Raw_zonesummary!$A19)="Existing",Raw_zonesummary!B19,"") -> RETAILSALES EL1 CORE SPC (T.C25) | B20: =IF(TRIM(Raw_zonesummary!$A19)="Existing",Raw_zonesummary!C19,"") -> RETAILSALES EL1 CORE SPC (T.C25) | C20: =IF(TRIM(Raw_zonesummary!$A19)="Existing",Raw_zonesummary!D19,"") -> Yes | D20: =IF(TRIM(Raw_zonesummary!$A19)="Existing",Raw_zonesummary!P19,"") -> Retail_sales | E20: =IF(TRIM(Raw_zonesummary!$A19)="Existing",Raw_zonesummary!Q19,"") -> Main | F20: =IF(TRIM(Raw_zonesummary!$A19)="Existing",Raw_zonesummary!R19,"") -> Retail | G20: =IFERROR(H20*J20/H33,"") -> 0.24083335 | H20: =IF(TRIM(Raw_zonesummary!$A19)="Existing",Raw_zonesummary!E19,"") -> 28902.82 | I20: =IF(TRIM(Raw_zonesummary!$A19)="Existing",Raw_zonesummary!I19,"") -> 433563.47 | J20: =IF(TRIM(Raw_zonesummary!$A19)="Existing",Raw_zonesummary!J19,"") -> 1 | K20: =IF(TRIM(Raw_zonesummary!$A19)="Existing",Raw_zonesummary!K19,"") -> 8.33
A21: =IF(TRIM(Raw_zonesummary!$A20)="Existing",Raw_zonesummary!B20,"") -> RETAILSALES EL1 EAST PERIM SPC (G.E2) | B21: =IF(TRIM(Raw_zonesummary!$A20)="Existing",Raw_zonesummary!C20,"") -> RETAILSALES EL1 EAST PERIM SPC (G.E2) | C21: =IF(TRIM(Raw_zonesummary!$A20)="Existing",Raw_zonesummary!D20,"") -> Yes | D21: =IF(TRIM(Raw_zonesummary!$A20)="Existing",Raw_zonesummary!P20,"") -> Retail_sales | E21: =IF(TRIM(Raw_zonesummary!$A20)="Existing",Raw_zonesummary!Q20,"") -> Alternative | F21: =IF(TRIM(Raw_zonesummary!$A20)="Existing",Raw_zonesummary!R20,"") -> Retail | G21: =IFERROR(H21*J21/H33,"") -> 0.023124995 | H21: =IF(TRIM(Raw_zonesummary!$A20)="Existing",Raw_zonesummary!E20,"") -> 2775.27 | I21: =IF(TRIM(Raw_zonesummary!$A20)="Existing",Raw_zonesummary!I20,"") -> 41631.09 | J21: =IF(TRIM(Raw_zonesummary!$A20)="Existing",Raw_zonesummary!J20,"") -> 1 | K21: =IF(TRIM(Raw_zonesummary!$A20)="Existing",Raw_zonesummary!K20,"") -> 8.33
A22: =IF(TRIM(Raw_zonesummary!$A21)="Existing",Raw_zonesummary!B21,"") -> RETAILSALES EL1 EAST PERIM SPC (M.E12) | B22: =IF(TRIM(Raw_zonesummary!$A21)="Existing",Raw_zonesummary!C21,"") -> RETAILSALES EL1 EAST PERIM SPC (M.E12) | C22: =IF(TRIM(Raw_zonesummary!$A21)="Existing",Raw_zonesummary!D21,"") -> Yes | D22: =IF(TRIM(Raw_zonesummary!$A21)="Existing",Raw_zonesummary!P21,"") -> Retail_sales | E22: =IF(TRIM(Raw_zonesummary!$A21)="Existing",Raw_zonesummary!Q21,"") -> Main | F22: =IF(TRIM(Raw_zonesummary!$A21)="Existing",Raw_zonesummary!R21,"") -> Retail | G22: =IFERROR(H22*J22/H33,"") -> 0.023124995 | H22: =IF(TRIM(Raw_zonesummary!$A21)="Existing",Raw_zonesummary!E21,"") -> 2775.27 | I22: =IF(TRIM(Raw_zonesummary!$A21)="Existing",Raw_zonesummary!I21,"") -> 41631.09 | J22: =IF(TRIM(Raw_zonesummary!$A21)="Existing",Raw_zonesummary!J21,"") -> 1 | K22: =IF(TRIM(Raw_zonesummary!$A21)="Existing",Raw_zonesummary!K21,"") -> 8.33
A23: =IF(TRIM(Raw_zonesummary!$A22)="Existing",Raw_zonesummary!B22,"") -> RETAILSALES EL1 EAST PERIM SPC (T.E22) | B23: =IF(TRIM(Raw_zonesummary!$A22)="Existing",Raw_zonesummary!C22,"") -> RETAILSALES EL1 EAST PERIM SPC (T.E22) | C23: =IF(TRIM(Raw_zonesummary!$A22)="Existing",Raw_zonesummary!D22,"") -> Yes | D23: =IF(TRIM(Raw_zonesummary!$A22)="Existing",Raw_zonesummary!P22,"") -> Retail_sales | E23: =IF(TRIM(Raw_zonesummary!$A22)="Existing",Raw_zonesummary!Q22,"") -> Main | F23: =IF(TRIM(Raw_zonesummary!$A22)="Existing",Raw_zonesummary!R22,"") -> Retail | G23: =IFERROR(H23*J23/H33,"") -> 0.023124995 | H23: =IF(TRIM(Raw_zonesummary!$A22)="Existing",Raw_zonesummary!E22,"") -> 2775.27 | I23: =IF(TRIM(Raw_zonesummary!$A22)="Existing",Raw_zonesummary!I22,"") -> 41631.09 | J23: =IF(TRIM(Raw_zonesummary!$A22)="Existing",Raw_zonesummary!J22,"") -> 1 | K23: =IF(TRIM(Raw_zonesummary!$A22)="Existing",Raw_zonesummary!K22,"") -> 8.33
A24: =IF(TRIM(Raw_zonesummary!$A23)="Existing",Raw_zonesummary!B23,"") -> RETAILSALES EL1 NORTH PERIM SPC (G.N3) | B24: =IF(TRIM(Raw_zonesummary!$A23)="Existing",Raw_zonesummary!C23,"") -> RETAILSALES EL1 NORTH PERIM SPC (G.N3) | C24: =IF(TRIM(Raw_zonesummary!$A23)="Existing",Raw_zonesummary!D23,"") -> Yes | D24: =IF(TRIM(Raw_zonesummary!$A23)="Existing",Raw_zonesummary!P23,"") -> Retail_sales | E24: =IF(TRIM(Raw_zonesummary!$A23)="Existing",Raw_zonesummary!Q23,"") -> Main | F24: =IF(TRIM(Raw_zonesummary!$A23)="Existing",Raw_zonesummary!R23,"") -> Retail | G24: =IFERROR(H24*J24/H33,"") -> 0.023124995 | H24: =IF(TRIM(Raw_zonesummary!$A23)="Existing",Raw_zonesummary!E23,"") -> 2775.27 | I24: =IF(TRIM(Raw_zonesummary!$A23)="Existing",Raw_zonesummary!I23,"") -> 41631.09 | J24: =IF(TRIM(Raw_zonesummary!$A23)="Existing",Raw_zonesummary!J23,"") -> 1 | K24: =IF(TRIM(Raw_zonesummary!$A23)="Existing",Raw_zonesummary!K23,"") -> 8.33
A25: =IF(TRIM(Raw_zonesummary!$A24)="Existing",Raw_zonesummary!B24,"") -> RETAILSALES EL1 NORTH PERIM SPC (M.N13) | B25: =IF(TRIM(Raw_zonesummary!$A24)="Existing",Raw_zonesummary!C24,"") -> RETAILSALES EL1 NORTH PERIM SPC (M.N13) | C25: =IF(TRIM(Raw_zonesummary!$A24)="Existing",Raw_zonesummary!D24,"") -> Yes | D25: =IF(TRIM(Raw_zonesummary!$A24)="Existing",Raw_zonesummary!P24,"") -> Retail_sales | E25: =IF(TRIM(Raw_zonesummary!$A24)="Existing",Raw_zonesummary!Q24,"") -> Main | F25: =IF(TRIM(Raw_zonesummary!$A24)="Existing",Raw_zonesummary!R24,"") -> Retail | G25: =IFERROR(H25*J25/H33,"") -> 0.023124995 | H25: =IF(TRIM(Raw_zonesummary!$A24)="Existing",Raw_zonesummary!E24,"") -> 2775.27 | I25: =IF(TRIM(Raw_zonesummary!$A24)="Existing",Raw_zonesummary!I24,"") -> 41631.09 | J25: =IF(TRIM(Raw_zonesummary!$A24)="Existing",Raw_zonesummary!J24,"") -> 1 | K25: =IF(TRIM(Raw_zonesummary!$A24)="Existing",Raw_zonesummary!K24,"") -> 8.33
A26: =IF(TRIM(Raw_zonesummary!$A25)="Existing",Raw_zonesummary!B25,"") -> RETAILSALES EL1 NORTH PERIM SPC (T.N23) | B26: =IF(TRIM(Raw_zonesummary!$A25)="Existing",Raw_zonesummary!C25,"") -> RETAILSALES EL1 NORTH PERIM SPC (T.N23) | C26: =IF(TRIM(Raw_zonesummary!$A25)="Existing",Raw_zonesummary!D25,"") -> Yes | D26: =IF(TRIM(Raw_zonesummary!$A25)="Existing",Raw_zonesummary!P25,"") -> Retail_sales | E26: =IF(TRIM(Raw_zonesummary!$A25)="Existing",Raw_zonesummary!Q25,"") -> Main | F26: =IF(TRIM(Raw_zonesummary!$A25)="Existing",Raw_zonesummary!R25,"") -> Retail | G26: =IFERROR(H26*J26/H33,"") -> 0.023124995 | H26: =IF(TRIM(Raw_zonesummary!$A25)="Existing",Raw_zonesummary!E25,"") -> 2775.27 | I26: =IF(TRIM(Raw_zonesummary!$A25)="Existing",Raw_zonesummary!I25,"") -> 41631.09 | J26: =IF(TRIM(Raw_zonesummary!$A25)="Existing",Raw_zonesummary!J25,"") -> 1 | K26: =IF(TRIM(Raw_zonesummary!$A25)="Existing",Raw_zonesummary!K25,"") -> 8.33
A27: =IF(TRIM(Raw_zonesummary!$A26)="Existing",Raw_zonesummary!B26,"") -> RETAILSALES EL1 SOUTH PERIM SPC (G.S1) | B27: =IF(TRIM(Raw_zonesummary!$A26)="Existing",Raw_zonesummary!C26,"") -> RETAILSALES EL1 SOUTH PERIM SPC (G.S1) | C27: =IF(TRIM(Raw_zonesummary!$A26)="Existing",Raw_zonesummary!D26,"") -> Yes | D27: =IF(TRIM(Raw_zonesummary!$A26)="Existing",Raw_zonesummary!P26,"") -> Retail_sales | E27: =IF(TRIM(Raw_zonesummary!$A26)="Existing",Raw_zonesummary!Q26,"") -> Main | F27: =IF(TRIM(Raw_zonesummary!$A26)="Existing",Raw_zonesummary!R26,"") -> Retail | G27: =IFERROR(H27*J27/H33,"") -> 0.023124995 | H27: =IF(TRIM(Raw_zonesummary!$A26)="Existing",Raw_zonesummary!E26,"") -> 2775.27 | I27: =IF(TRIM(Raw_zonesummary!$A26)="Existing",Raw_zonesummary!I26,"") -> 41631.09 | J27: =IF(TRIM(Raw_zonesummary!$A26)="Existing",Raw_zonesummary!J26,"") -> 1 | K27: =IF(TRIM(Raw_zonesummary!$A26)="Existing",Raw_zonesummary!K26,"") -> 8.33
A28: =IF(TRIM(Raw_zonesummary!$A27)="Existing",Raw_zonesummary!B27,"") -> RETAILSALES EL1 SOUTH PERIM SPC (M.S11) | B28: =IF(TRIM(Raw_zonesummary!$A27)="Existing",Raw_zonesummary!C27,"") -> RETAILSALES EL1 SOUTH PERIM SPC (M.S11) | C28: =IF(TRIM(Raw_zonesummary!$A27)="Existing",Raw_zonesummary!D27,"") -> Yes | D28: =IF(TRIM(Raw_zonesummary!$A27)="Existing",Raw_zonesummary!P27,"") -> Retail_sales | E28: =IF(TRIM(Raw_zonesummary!$A27)="Existing",Raw_zonesummary!Q27,"") -> Main | F28: =IF(TRIM(Raw_zonesummary!$A27)="Existing",Raw_zonesummary!R27,"") -> Retail | G28: =IFERROR(H28*J28/H33,"") -> 0.023124995 | H28: =IF(TRIM(Raw_zonesummary!$A27)="Existing",Raw_zonesummary!E27,"") -> 2775.27 | I28: =IF(TRIM(Raw_zonesummary!$A27)="Existing",Raw_zonesummary!I27,"") -> 41631.09 | J28: =IF(TRIM(Raw_zonesummary!$A27)="Existing",Raw_zonesummary!J27,"") -> 1 | K28: =IF(TRIM(Raw_zonesummary!$A27)="Existing",Raw_zonesummary!K27,"") -> 8.33
A29: =IF(TRIM(Raw_zonesummary!$A28)="Existing",Raw_zonesummary!B28,"") -> RETAILSALES EL1 SOUTH PERIM SPC (T.S21) | B29: =IF(TRIM(Raw_zonesummary!$A28)="Existing",Raw_zonesummary!C28,"") -> RETAILSALES EL1 SOUTH PERIM SPC (T.S21) | C29: =IF(TRIM(Raw_zonesummary!$A28)="Existing",Raw_zonesummary!D28,"") -> Yes | D29: =IF(TRIM(Raw_zonesummary!$A28)="Existing",Raw_zonesummary!P28,"") -> Retail_sales | E29: =IF(TRIM(Raw_zonesummary!$A28)="Existing",Raw_zonesummary!Q28,"") -> Main | F29: =IF(TRIM(Raw_zonesummary!$A28)="Existing",Raw_zonesummary!R28,"") -> Retail | G29: =IFERROR(H29*J29/H33,"") -> 0.023124995 | H29: =IF(TRIM(Raw_zonesummary!$A28)="Existing",Raw_zonesummary!E28,"") -> 2775.27 | I29: =IF(TRIM(Raw_zonesummary!$A28)="Existing",Raw_zonesummary!I28,"") -> 41631.09 | J29: =IF(TRIM(Raw_zonesummary!$A28)="Existing",Raw_zonesummary!J28,"") -> 1 | K29: =IF(TRIM(Raw_zonesummary!$A28)="Existing",Raw_zonesummary!K28,"") -> 8.33
A30: =IF(TRIM(Raw_zonesummary!$A29)="Existing",Raw_zonesummary!B29,"") -> RETAILSALES EL1 WEST PERIM SPC (G.W4) | B30: =IF(TRIM(Raw_zonesummary!$A29)="Existing",Raw_zonesummary!C29,"") -> RETAILSALES EL1 WEST PERIM SPC (G.W4) | C30: =IF(TRIM(Raw_zonesummary!$A29)="Existing",Raw_zonesummary!D29,"") -> Yes | D30: =IF(TRIM(Raw_zonesummary!$A29)="Existing",Raw_zonesummary!P29,"") -> Retail_sales | E30: =IF(TRIM(Raw_zonesummary!$A29)="Existing",Raw_zonesummary!Q29,"") -> Main | F30: =IF(TRIM(Raw_zonesummary!$A29)="Existing",Raw_zonesummary!R29,"") -> Retail | G30: =IFERROR(H30*J30/H33,"") -> 0.023124995 | H30: =IF(TRIM(Raw_zonesummary!$A29)="Existing",Raw_zonesummary!E29,"") -> 2775.27 | I30: =IF(TRIM(Raw_zonesummary!$A29)="Existing",Raw_zonesummary!I29,"") -> 41631.09 | J30: =IF(TRIM(Raw_zonesummary!$A29)="Existing",Raw_zonesummary!J29,"") -> 1 | K30: =IF(TRIM(Raw_zonesummary!$A29)="Existing",Raw_zonesummary!K29,"") -> 8.33
A31: =IF(TRIM(Raw_zonesummary!$A30)="Existing",Raw_zonesummary!B30,"") -> RETAILSALES EL1 WEST PERIM SPC (M.W14) | B31: =IF(TRIM(Raw_zonesummary!$A30)="Existing",Raw_zonesummary!C30,"") -> RETAILSALES EL1 WEST PERIM SPC (M.W14) | C31: =IF(TRIM(Raw_zonesummary!$A30)="Existing",Raw_zonesummary!D30,"") -> Yes | D31: =IF(TRIM(Raw_zonesummary!$A30)="Existing",Raw_zonesummary!P30,"") -> Retail_sales | E31: =IF(TRIM(Raw_zonesummary!$A30)="Existing",Raw_zonesummary!Q30,"") -> Main | F31: =IF(TRIM(Raw_zonesummary!$A30)="Existing",Raw_zonesummary!R30,"") -> Retail | G31: =IFERROR(H31*J31/H33,"") -> 0.023124995 | H31: =IF(TRIM(Raw_zonesummary!$A30)="Existing",Raw_zonesummary!E30,"") -> 2775.27 | I31: =IF(TRIM(Raw_zonesummary!$A30)="Existing",Raw_zonesummary!I30,"") -> 41631.09 | J31: =IF(TRIM(Raw_zonesummary!$A30)="Existing",Raw_zonesummary!J30,"") -> 1 | K31: =IF(TRIM(Raw_zonesummary!$A30)="Existing",Raw_zonesummary!K30,"") -> 8.33
A32: =IF(TRIM(Raw_zonesummary!$A31)="Existing",Raw_zonesummary!B31,"") -> RETAILSALES EL1 WEST PERIM SPC (T.W24) | B32: =IF(TRIM(Raw_zonesummary!$A31)="Existing",Raw_zonesummary!C31,"") -> RETAILSALES EL1 WEST PERIM SPC (T.W24) | C32: =IF(TRIM(Raw_zonesummary!$A31)="Existing",Raw_zonesummary!D31,"") -> Yes | D32: =IF(TRIM(Raw_zonesummary!$A31)="Existing",Raw_zonesummary!P31,"") -> Retail_sales | E32: =IF(TRIM(Raw_zonesummary!$A31)="Existing",Raw_zonesummary!Q31,"") -> Main | F32: =IF(TRIM(Raw_zonesummary!$A31)="Existing",Raw_zonesummary!R31,"") -> Retail | G32: =IFERROR(H32*J32/H33,"") -> 0.023124995 | H32: =IF(TRIM(Raw_zonesummary!$A31)="Existing",Raw_zonesummary!E31,"") -> 2775.27 | I32: =IF(TRIM(Raw_zonesummary!$A31)="Existing",Raw_zonesummary!I31,"") -> 41631.09 | J32: =IF(TRIM(Raw_zonesummary!$A31)="Existing",Raw_zonesummary!J31,"") -> 1 | K32: =IF(TRIM(Raw_zonesummary!$A31)="Existing",Raw_zonesummary!K31,"") -> 8.33
A33: ="Total (" & COUNTIF(A$3:INDEX(A:A,ROW()-1),"?*") & " Space)" -> Total (30 Space) | B33: ="Total (" & COUNTIF(A$3:INDEX(A:A,ROW()-1),"?*") & " Space)" -> Total (30 Space) | C33: ="Total (" & COUNTIF(C$2:INDEX(C:C,ROW()-1),"Yes") & " Conditioned zones, " & COUNTIF(C$2:INDEX(C:C,ROW()-1),"No") & " Unconditioned Zones)" -> Total (15 Conditioned zones, 15 Unconditioned Zones) | H33: =SUMPRODUCT($H$3:INDEX(H:H,ROW()-1), $J$3:INDEX(J:J,ROW()-1)) -> 120011.7

Sheet Envelope
A1: ="Envelope - "&Prototype!A2 -> Envelope - Retail - Multistory Large
A2: Element | B2: Prototype | C2: Assembly Type | D2: Construction | E2: Unit | F2: Vintage | G2: Selected T24 | H2: Note | I2: CZ01 | J2: CZ02 | K2: CZ03 | L2: CZ04 | M2: CZ05 | N2: CZ06 | O2: CZ07 | P2: CZ08 | Q2: CZ09 | R2: CZ10 | S2: CZ11 | T2: CZ12 | U2: CZ13 | V2: CZ14 | W2: CZ15 | X2: CZ16
A3: External Wall | B3: =Prototype!$A$2 -> Retail - Multistory Large | C3: - | D3: {=_xlfn.LET( _xlpm.v, $F3, _xlpm.el, $A3, _xlpm.rV, Raw_envelope!$B$2:$B$2000, _xlpm.col, _xlfn.SWITCH(_xlpm.el, "External Wall", Raw_envelope!$E$2:$E$2000, "Roof", Raw_envelope!$C$2:$C$2000, "Windows", Raw_envelope!$G$2:$G$2000, "" ), _xlpm.r, _xlfn.XMATCH(_xlpm.v, _xlpm.rV, 0), IFERROR(INDEX(_xlpm.col, _xlpm.r), "") )} -> Stucco+Wall Continuous Insulation+Gypsum 5/8in | E3: U-value IP | F3: Existing | G3: Weighted average | I3: {=_xlfn.LET( _xlpm.cz, I$2, _xlpm.v, $F3, _xlpm.el, $A3, _xlpm.unit, $E3, _xlpm.rCZ, Raw_envelope!$A:$A, _xlpm.rV, Raw_envelope!$B:$B, _xlpm.col, _xlfn.SWITCH(TRUE, AND(_xlpm.el="External Wall", _xlpm.unit="U-value IP"), Raw_envelope!$F:$F, AND(_xlpm.el="Roof", _xlpm.unit="U-value IP"), Raw_envelope!$D:$D, AND(_xlpm.el="Windows", _xlpm.unit="U-value IP"), Raw_envelope!$H:$H, AND(_xlpm.el="Windows", _xlpm.unit="SHGC"), Raw_envelope!$I:$I, AND(_xlpm.el="Windows", _xlpm.unit="Visible Transmittance"), Raw_envelope!$J:$J, "" ), _xlpm.r, _xlfn.XMATCH(1,(_xlpm.rCZ=_xlpm.cz)*(_xlpm.rV=_xlpm.v),0), IFERROR(INDEX(_xlpm.col,_xlpm.r),"") )} -> 0.393 | J3: {=_xlfn.LET( _xlpm.cz, J$2, _xlpm.v, $F3, _xlpm.el, $A3, _xlpm.unit, $E3, _xlpm.rCZ, Raw_envelope!$A:$A, _xlpm.rV, Raw_envelope!$B:$B, _xlpm.col, _xlfn.SWITCH(TRUE, AND(_xlpm.el="External Wall", _xlpm.unit="U-value IP"), Raw_envelope!$F:$F, AND(_xlpm.el="Roof", _xlpm.unit="U-value IP"), Raw_envelope!$D:$D, AND(_xlpm.el="Windows", _xlpm.unit="U-value IP"), Raw_envelope!$H:$H, AND(_xlpm.el="Windows", _xlpm.unit="SHGC"), Raw_envelope!$I:$I, AND(_xlpm.el="Windows", _xlpm.unit="Visible Transmittance"), Raw_envelope!$J:$J, "" ), _xlpm.r, _xlfn.XMATCH(1,(_xlpm.rCZ=_xlpm.cz)*(_xlpm.rV=_xlpm.v),0), IFERROR(INDEX(_xlpm.col,_xlpm.r),"") )} -> 0.609 | K3: {=_xlfn.LET( _xlpm.cz, K$2, _xlpm.v, $F3, _xlpm.el, $A3, _xlpm.unit, $E3, _xlpm.rCZ, Raw_envelope!$A:$A, _xlpm.rV, Raw_envelope!$B:$B, _xlpm.col, _xlfn.SWITCH(TRUE, AND(_xlpm.el="External Wall", _xlpm.unit="U-value IP"), Raw_envelope!$F:$F, AND(_xlpm.el="Roof", _xlpm.unit="U-value IP"), Raw_envelope!$D:$D, AND(_xlpm.el="Windows", _xlpm.unit="U-value IP"), Raw_envelope!$H:$H, AND(_xlpm.el="Windows", _xlpm.unit="SHGC"), Raw_envelope!$I:$I, AND(_xlpm.el="Windows", _xlpm.unit="Visible Transmittance"), Raw_envelope!$J:$J, "" ), _xlpm.r, _xlfn.XMATCH(1,(_xlpm.rCZ=_xlpm.cz)*(_xlpm.rV=_xlpm.v),0), IFERROR(INDEX(_xlpm.col,_xlpm.r),"") )} -> 0.577 | L3: {=_xlfn.LET( _xlpm.cz, L$2, _xlpm.v, $F3, _xlpm.el, $A3, _xlpm.unit, $E3, _xlpm.rCZ, Raw_envelope!$A:$A, _xlpm.rV, Raw_envelope!$B:$B, _xlpm.col, _xlfn.SWITCH(TRUE, AND(_xlpm.el="External Wall", _xlpm.unit="U-value IP"), Raw_envelope!$F:$F, AND(_xlpm.el="Roof", _xlpm.unit="U-value IP"), Raw_envelope!$D:$D, AND(_xlpm.el="Windows", _xlpm.unit="U-value IP"), Raw_envelope!$H:$H, AND(_xlpm.el="Windows", _xlpm.unit="SHGC"), Raw_envelope!$I:$I, AND(_xlpm.el="Windows", _xlpm.unit="Visible Transmittance"), Raw_envelope!$J:$J, "" ), _xlpm.r, _xlfn.XMATCH(1,(_xlpm.rCZ=_xlpm.cz)*(_xlpm.rV=_xlpm.v),0), IFERROR(INDEX(_xlpm.col,_xlpm.r),"") )} -> 0.629 | M3: {=_xlfn.LET( _xlpm.cz, M$2, _xlpm.v, $F3, _xlpm.el, $A3, _xlpm.unit, $E3, _xlpm.rCZ, Raw_envelope!$A:$A, _xlpm.rV, Raw_envelope!$B:$B, _xlpm.col, _xlfn.SWITCH(TRUE, AND(_xlpm.el="External Wall", _xlpm.unit="U-value IP"), Raw_envelope!$F:$F, AND(_xlpm.el="Roof", _xlpm.unit="U-value IP"), Raw_envelope!$D:$D, AND(_xlpm.el="Windows", _xlpm.unit="U-value IP"), Raw_envelope!$H:$H, AND(_xlpm.el="Windows", _xlpm.unit="SHGC"), Raw_envelope!$I:$I, AND(_xlpm.el="Windows", _xlpm.unit="Visible Transmittance"), Raw_envelope!$J:$J, "" ), _xlpm.r, _xlfn.XMATCH(1,(_xlpm.rCZ=_xlpm.cz)*(_xlpm.rV=_xlpm.v),0), IFERROR(INDEX(_xlpm.col,_xlpm.r),"") )} -> 0.615 | N3: {=_xlfn.LET( _xlpm.cz, N$2, _xlpm.v, $F3, _xlpm.el, $A3, _xlpm.unit, $E3, _xlpm.rCZ, Raw_envelope!$A:$A, _xlpm.rV, Raw_envelope!$B:$B, _xlpm.col, _xlfn.SWITCH(TRUE, AND(_xlpm.el="External Wall", _xlpm.unit="U-value IP"), Raw_envelope!$F:$F, AND(_xlpm.el="Roof", _xlpm.unit="U-value IP"), Raw_envelope!$D:$D, AND(_xlpm.el="Windows", _xlpm.unit="U-value IP"), Raw_envelope!$H:$H, AND(_xlpm.el="Windows", _xlpm.unit="SHGC"), Raw_envelope!$I:$I, AND(_xlpm.el="Windows", _xlpm.unit="Visible Transmittance"), Raw_envelope!$J:$J, "" ), _xlpm.r, _xlfn.XMATCH(1,(_xlpm.rCZ=_xlpm.cz)*(_xlpm.rV=_xlpm.v),0), IFERROR(INDEX(_xlpm.col,_xlpm.r),"") )} -> 0.623 | O3: {=_xlfn.LET( _xlpm.cz, O$2, _xlpm.v, $F3, _xlpm.el, $A3, _xlpm.unit, $E3, _xlpm.rCZ, Raw_envelope!$A:$A, _xlpm.rV, Raw_envelope!$B:$B, _xlpm.col, _xlfn.SWITCH(TRUE, AND(_xlpm.el="External Wall", _xlpm.unit="U-value IP"), Raw_envelope!$F:$F, AND(_xlpm.el="Roof", _xlpm.unit="U-value IP"), Raw_envelope!$D:$D, AND(_xlpm.el="Windows", _xlpm.unit="U-value IP"), Raw_envelope!$H:$H, AND(_xlpm.el="Windows", _xlpm.unit="SHGC"), Raw_envelope!$I:$I, AND(_xlpm.el="Windows", _xlpm.unit="Visible Transmittance"), Raw_envelope!$J:$J, "" ), _xlpm.r, _xlfn.XMATCH(1,(_xlpm.rCZ=_xlpm.cz)*(_xlpm.rV=_xlpm.v),0), IFERROR(INDEX(_xlpm.col,_xlpm.r),"") )} -> 0.73 | P3: {=_xlfn.LET( _xlpm.cz, P$2, _xlpm.v, $F3, _xlpm.el, $A3, _xlpm.unit, $E3, _xlpm.rCZ, Raw_envelope!$A:$A, _xlpm.rV, Raw_envelope!$B:$B, _xlpm.col, _xlfn.SWITCH(TRUE, AND(_xlpm.el="External Wall", _xlpm.unit="U-value IP"), Raw_envelope!$F:$F, AND(_xlpm.el="Roof", _xlpm.unit="U-value IP"), Raw_envelope!$D:$D, AND(_xlpm.el="Windows", _xlpm.unit="U-value IP"), Raw_envelope!$H:$H, AND(_xlpm.el="Windows", _xlpm.unit="SHGC"), Raw_envelope!$I:$I, AND(_xlpm.el="Windows", _xlpm.unit="Visible Transmittance"), Raw_envelope!$J:$J, "" ), _xlpm.r, _xlfn.XMATCH(1,(_xlpm.rCZ=_xlpm.cz)*(_xlpm.rV=_xlpm.v),0), IFERROR(INDEX(_xlpm.col,_xlpm.r),"") )} -> 0.626 | ... X3: {=_xlfn.LET( _xlpm.cz, X$2, _xlpm.v, $F3, _xlpm.el, $A3, _xlpm.unit, $E3, _xlpm.rCZ, Raw_envelope!$A:$A, _xlpm.rV, Raw_envelope!$B:$B, _xlpm.col, _xlfn.SWITCH(TRUE, AND(_xlpm.el="External Wall", _xlpm.unit="U-value IP"), Raw_envelope!$F:$F, AND(_xlpm.el="Roof", _xlpm.unit="U-value IP"), Raw_envelope!$D:$D, AND(_xlpm.el="Windows", _xlpm.unit="U-value IP"), Raw_envelope!$H:$H, AND(_xlpm.el="Windows", _xlpm.unit="SHGC"), Raw_envelope!$I:$I, AND(_xlpm.el="Windows", _xlpm.unit="Visible Transmittance"), Raw_envelope!$J:$J, "" ), _xlpm.r, _xlfn.XMATCH(1,(_xlpm.rCZ=_xlpm.cz)*(_xlpm.rV=_xlpm.v),0), IFERROR(INDEX(_xlpm.col,_xlpm.r),"") )} -> 0.357
A4: External Wall | B4: =Prototype!$A$2 -> Retail - Multistory Large | C4: - | D4: {=_xlfn.LET( _xlpm.v, $F4, _xlpm.el, $A4, _xlpm.rV, Raw_envelope!$B$2:$B$2000, _xlpm.col, _xlfn.SWITCH(_xlpm.el, "External Wall", Raw_envelope!$E$2:$E$2000, "Roof", Raw_envelope!$C$2:$C$2000, "Windows", Raw_envelope!$G$2:$G$2000, "" ), _xlpm.r, _xlfn.XMATCH(_xlpm.v, _xlpm.rV, 0), IFERROR(INDEX(_xlpm.col, _xlpm.r), "") )} -> Stucco+Wall Continuous Insulation+Gypsum 5/8in | E4: U-value IP | F4: New Construction | G4: 2025 | I4: {=_xlfn.LET( _xlpm.cz, I$2, _xlpm.v, $F4, _xlpm.el, $A4, _xlpm.unit, $E4, _xlpm.rCZ, Raw_envelope!$A:$A, _xlpm.rV, Raw_envelope!$B:$B, _xlpm.col, _xlfn.SWITCH(TRUE, AND(_xlpm.el="External Wall", _xlpm.unit="U-value IP"), Raw_envelope!$F:$F, AND(_xlpm.el="Roof", _xlpm.unit="U-value IP"), Raw_envelope!$D:$D, AND(_xlpm.el="Windows", _xlpm.unit="U-value IP"), Raw_envelope!$H:$H, AND(_xlpm.el="Windows", _xlpm.unit="SHGC"), Raw_envelope!$I:$I, AND(_xlpm.el="Windows", _xlpm.unit="Visible Transmittance"), Raw_envelope!$J:$J, "" ), _xlpm.r, _xlfn.XMATCH(1,(_xlpm.rCZ=_xlpm.cz)*(_xlpm.rV=_xlpm.v),0), IFERROR(INDEX(_xlpm.col,_xlpm.r),"") )} -> 0.257 | J4: {=_xlfn.LET( _xlpm.cz, J$2, _xlpm.v, $F4, _xlpm.el, $A4, _xlpm.unit, $E4, _xlpm.rCZ, Raw_envelope!$A:$A, _xlpm.rV, Raw_envelope!$B:$B, _xlpm.col, _xlfn.SWITCH(TRUE, AND(_xlpm.el="External Wall", _xlpm.unit="U-value IP"), Raw_envelope!$F:$F, AND(_xlpm.el="Roof", _xlpm.unit="U-value IP"), Raw_envelope!$D:$D, AND(_xlpm.el="Windows", _xlpm.unit="U-value IP"), Raw_envelope!$H:$H, AND(_xlpm.el="Windows", _xlpm.unit="SHGC"), Raw_envelope!$I:$I, AND(_xlpm.el="Windows", _xlpm.unit="Visible Transmittance"), Raw_envelope!$J:$J, "" ), _xlpm.r, _xlfn.XMATCH(1,(_xlpm.rCZ=_xlpm.cz)*(_xlpm.rV=_xlpm.v),0), IFERROR(INDEX(_xlpm.col,_xlpm.r),"") )} -> 1.452 | K4: {=_xlfn.LET( _xlpm.cz, K$2, _xlpm.v, $F4, _xlpm.el, $A4, _xlpm.unit, $E4, _xlpm.rCZ, Raw_envelope!$A:$A, _xlpm.rV, Raw_envelope!$B:$B, _xlpm.col, _xlfn.SWITCH(TRUE, AND(_xlpm.el="External Wall", _xlpm.unit="U-value IP"), Raw_envelope!$F:$F, AND(_xlpm.el="Roof", _xlpm.unit="U-value IP"), Raw_envelope!$D:$D, AND(_xlpm.el="Windows", _xlpm.unit="U-value IP"), Raw_envelope!$H:$H, AND(_xlpm.el="Windows", _xlpm.unit="SHGC"), Raw_envelope!$I:$I, AND(_xlpm.el="Windows", _xlpm.unit="Visible Transmittance"), Raw_envelope!$J:$J, "" ), _xlpm.r, _xlfn.XMATCH(1,(_xlpm.rCZ=_xlpm.cz)*(_xlpm.rV=_xlpm.v),0), IFERROR(INDEX(_xlpm.col,_xlpm.r),"") )} -> 1.452 | L4: {=_xlfn.LET( _xlpm.cz, L$2, _xlpm.v, $F4, _xlpm.el, $A4, _xlpm.unit, $E4, _xlpm.rCZ, Raw_envelope!$A:$A, _xlpm.rV, Raw_envelope!$B:$B, _xlpm.col, _xlfn.SWITCH(TRUE, AND(_xlpm.el="External Wall", _xlpm.unit="U-value IP"), Raw_envelope!$F:$F, AND(_xlpm.el="Roof", _xlpm.unit="U-value IP"), Raw_envelope!$D:$D, AND(_xlpm.el="Windows", _xlpm.unit="U-value IP"), Raw_envelope!$H:$H, AND(_xlpm.el="Windows", _xlpm.unit="SHGC"), Raw_envelope!$I:$I, AND(_xlpm.el="Windows", _xlpm.unit="Visible Transmittance"), Raw_envelope!$J:$J, "" ), _xlpm.r, _xlfn.XMATCH(1,(_xlpm.rCZ=_xlpm.cz)*(_xlpm.rV=_xlpm.v),0), IFERROR(INDEX(_xlpm.col,_xlpm.r),"") )} -> 1.452 | M4: {=_xlfn.LET( _xlpm.cz, M$2, _xlpm.v, $F4, _xlpm.el, $A4, _xlpm.unit, $E4, _xlpm.rCZ, Raw_envelope!$A:$A, _xlpm.rV, Raw_envelope!$B:$B, _xlpm.col, _xlfn.SWITCH(TRUE, AND(_xlpm.el="External Wall", _xlpm.unit="U-value IP"), Raw_envelope!$F:$F, AND(_xlpm.el="Roof", _xlpm.unit="U-value IP"), Raw_envelope!$D:$D, AND(_xlpm.el="Windows", _xlpm.unit="U-value IP"), Raw_envelope!$H:$H, AND(_xlpm.el="Windows", _xlpm.unit="SHGC"), Raw_envelope!$I:$I, AND(_xlpm.el="Windows", _xlpm.unit="Visible Transmittance"), Raw_envelope!$J:$J, "" ), _xlpm.r, _xlfn.XMATCH(1,(_xlpm.rCZ=_xlpm.cz)*(_xlpm.rV=_xlpm.v),0), IFERROR(INDEX(_xlpm.col,_xlpm.r),"") )} -> 1.452 | N4: {=_xlfn.LET( _xlpm.cz, N$2, _xlpm.v, $F4, _xlpm.el, $A4, _xlpm.unit, $E4, _xlpm.rCZ, Raw_envelope!$A:$A, _xlpm.rV, Raw_envelope!$B:$B, _xlpm.col, _xlfn.SWITCH(TRUE, AND(_xlpm.el="External Wall", _xlpm.unit="U-value IP"), Raw_envelope!$F:$F, AND(_xlpm.el="Roof", _xlpm.unit="U-value IP"), Raw_envelope!$D:$D, AND(_xlpm.el="Windows", _xlpm.unit="U-value IP"), Raw_envelope!$H:$H, AND(_xlpm.el="Windows", _xlpm.unit="SHGC"), Raw_envelope!$I:$I, AND(_xlpm.el="Windows", _xlpm.unit="Visible Transmittance"), Raw_envelope!$J:$J, "" ), _xlpm.r, _xlfn.XMATCH(1,(_xlpm.rCZ=_xlpm.cz)*(_xlpm.rV=_xlpm.v),0), IFERROR(INDEX(_xlpm.col,_xlpm.r),"") )} -> 1.515 | O4: {=_xlfn.LET( _xlpm.cz, O$2, _xlpm.v, $F4, _xlpm.el, $A4, _xlpm.unit, $E4, _xlpm.rCZ, Raw_envelope!$A:$A, _xlpm.rV, Raw_envelope!$B:$B, _xlpm.col, _xlfn.SWITCH(TRUE, AND(_xlpm.el="External Wall", _xlpm.unit="U-value IP"), Raw_envelope!$F:$F, AND(_xlpm.el="Roof", _xlpm.unit="U-value IP"), Raw_envelope!$D:$D, AND(_xlpm.el="Windows", _xlpm.unit="U-value IP"), Raw_envelope!$H:$H, AND(_xlpm.el="Windows", _xlpm.unit="SHGC"), Raw_envelope!$I:$I, AND(_xlpm.el="Windows", _xlpm.unit="Visible Transmittance"), Raw_envelope!$J:$J, "" ), _xlpm.r, _xlfn.XMATCH(1,(_xlpm.rCZ=_xlpm.cz)*(_xlpm.rV=_xlpm.v),0), IFERROR(INDEX(_xlpm.col,_xlpm.r),"") )} -> 1.515 | P4: {=_xlfn.LET( _xlpm.cz, P$2, _xlpm.v, $F4, _xlpm.el, $A4, _xlpm.unit, $E4, _xlpm.rCZ, Raw_envelope!$A:$A, _xlpm.rV, Raw_envelope!$B:$B, _xlpm.col, _xlfn.SWITCH(TRUE, AND(_xlpm.el="External Wall", _xlpm.unit="U-value IP"), Raw_envelope!$F:$F, AND(_xlpm.el="Roof", _xlpm.unit="U-value IP"), Raw_envelope!$D:$D, AND(_xlpm.el="Windows", _xlpm.unit="U-value IP"), Raw_envelope!$H:$H, AND(_xlpm.el="Windows", _xlpm.unit="SHGC"), Raw_envelope!$I:$I, AND(_xlpm.el="Windows", _xlpm.unit="Visible Transmittance"), Raw_envelope!$J:$J, "" ), _xlpm.r, _xlfn.XMATCH(1,(_xlpm.rCZ=_xlpm.cz)*(_xlpm.rV=_xlpm.v),0), IFERROR(INDEX(_xlpm.col,_xlpm.r),"") )} -> 1.515 | ... X4: {=_xlfn.LET( _xlpm.cz, X$2, _xlpm.v, $F4, _xlpm.el, $A4, _xlpm.unit, $E4, _xlpm.rCZ, Raw_envelope!$A:$A, _xlpm.rV, Raw_envelope!$B:$B, _xlpm.col, _xlfn.SWITCH(TRUE, AND(_xlpm.el="External Wall", _xlpm.unit="U-value IP"), Raw_envelope!$F:$F, AND(_xlpm.el="Roof", _xlpm.unit="U-value IP"), Raw_envelope!$D:$D, AND(_xlpm.el="Windows", _xlpm.unit="U-value IP"), Raw_envelope!$H:$H, AND(_xlpm.el="Windows", _xlpm.unit="SHGC"), Raw_envelope!$I:$I, AND(_xlpm.el="Windows", _xlpm.unit="Visible Transmittance"), Raw_envelope!$J:$J, "" ), _xlpm.r, _xlfn.XMATCH(1,(_xlpm.rCZ=_xlpm.cz)*(_xlpm.rV=_xlpm.v),0), IFERROR(INDEX(_xlpm.col,_xlpm.r),"") )} -> 0.176
A5: Roof | B5: =Prototype!$A$2 -> Retail - Multistory Large | C5: - | D5: {=_xlfn.LET( _xlpm.v, $F5, _xlpm.el, $A5, _xlpm.rV, Raw_envelope!$B$2:$B$2000, _xlpm.col, _xlfn.SWITCH(_xlpm.el, "External Wall", Raw_envelope!$E$2:$E$2000, "Roof", Raw_envelope!$C$2:$C$2000, "Windows", Raw_envelope!$G$2:$G$2000, "" ), _xlpm.r, _xlfn.XMATCH(_xlpm.v, _xlpm.rV, 0), IFERROR(INDEX(_xlpm.col, _xlpm.r), "") )} -> Roof Membrane+Roof Continuous Insulation+Metal Decking | E5: U-value IP | F5: Existing | G5: Weighted average | I5: {=_xlfn.LET( _xlpm.cz, I$2, _xlpm.v, $F5, _xlpm.el, $A5, _xlpm.unit, $E5, _xlpm.rCZ, Raw_envelope!$A:$A, _xlpm.rV, Raw_envelope!$B:$B, _xlpm.col, _xlfn.SWITCH(TRUE, AND(_xlpm.el="External Wall", _xlpm.unit="U-value IP"), Raw_envelope!$F:$F, AND(_xlpm.el="Roof", _xlpm.unit="U-value IP"), Raw_envelope!$D:$D, AND(_xlpm.el="Windows", _xlpm.unit="U-value IP"), Raw_envelope!$H:$H, AND(_xlpm.el="Windows", _xlpm.unit="SHGC"), Raw_envelope!$I:$I, AND(_xlpm.el="Windows", _xlpm.unit="Visible Transmittance"), Raw_envelope!$J:$J, "" ), _xlpm.r, _xlfn.XMATCH(1,(_xlpm.rCZ=_xlpm.cz)*(_xlpm.rV=_xlpm.v),0), IFERROR(INDEX(_xlpm.col,_xlpm.r),"") )} -> 0.062 | J5: {=_xlfn.LET( _xlpm.cz, J$2, _xlpm.v, $F5, _xlpm.el, $A5, _xlpm.unit, $E5, _xlpm.rCZ, Raw_envelope!$A:$A, _xlpm.rV, Raw_envelope!$B:$B, _xlpm.col, _xlfn.SWITCH(TRUE, AND(_xlpm.el="External Wall", _xlpm.unit="U-value IP"), Raw_envelope!$F:$F, AND(_xlpm.el="Roof", _xlpm.unit="U-value IP"), Raw_envelope!$D:$D, AND(_xlpm.el="Windows", _xlpm.unit="U-value IP"), Raw_envelope!$H:$H, AND(_xlpm.el="Windows", _xlpm.unit="SHGC"), Raw_envelope!$I:$I, AND(_xlpm.el="Windows", _xlpm.unit="Visible Transmittance"), Raw_envelope!$J:$J, "" ), _xlpm.r, _xlfn.XMATCH(1,(_xlpm.rCZ=_xlpm.cz)*(_xlpm.rV=_xlpm.v),0), IFERROR(INDEX(_xlpm.col,_xlpm.r),"") )} -> 0.061 | K5: {=_xlfn.LET( _xlpm.cz, K$2, _xlpm.v, $F5, _xlpm.el, $A5, _xlpm.unit, $E5, _xlpm.rCZ, Raw_envelope!$A:$A, _xlpm.rV, Raw_envelope!$B:$B, _xlpm.col, _xlfn.SWITCH(TRUE, AND(_xlpm.el="External Wall", _xlpm.unit="U-value IP"), Raw_envelope!$F:$F, AND(_xlpm.el="Roof", _xlpm.unit="U-value IP"), Raw_envelope!$D:$D, AND(_xlpm.el="Windows", _xlpm.unit="U-value IP"), Raw_envelope!$H:$H, AND(_xlpm.el="Windows", _xlpm.unit="SHGC"), Raw_envelope!$I:$I, AND(_xlpm.el="Windows", _xlpm.unit="Visible Transmittance"), Raw_envelope!$J:$J, "" ), _xlpm.r, _xlfn.XMATCH(1,(_xlpm.rCZ=_xlpm.cz)*(_xlpm.rV=_xlpm.v),0), IFERROR(INDEX(_xlpm.col,_xlpm.r),"") )} -> 0.062 | L5: {=_xlfn.LET( _xlpm.cz, L$2, _xlpm.v, $F5, _xlpm.el, $A5, _xlpm.unit, $E5, _xlpm.rCZ, Raw_envelope!$A:$A, _xlpm.rV, Raw_envelope!$B:$B, _xlpm.col, _xlfn.SWITCH(TRUE, AND(_xlpm.el="External Wall", _xlpm.unit="U-value IP"), Raw_envelope!$F:$F, AND(_xlpm.el="Roof", _xlpm.unit="U-value IP"), Raw_envelope!$D:$D, AND(_xlpm.el="Windows", _xlpm.unit="U-value IP"), Raw_envelope!$H:$H, AND(_xlpm.el="Windows", _xlpm.unit="SHGC"), Raw_envelope!$I:$I, AND(_xlpm.el="Windows", _xlpm.unit="Visible Transmittance"), Raw_envelope!$J:$J, "" ), _xlpm.r, _xlfn.XMATCH(1,(_xlpm.rCZ=_xlpm.cz)*(_xlpm.rV=_xlpm.v),0), IFERROR(INDEX(_xlpm.col,_xlpm.r),"") )} -> 0.061 | M5: {=_xlfn.LET( _xlpm.cz, M$2, _xlpm.v, $F5, _xlpm.el, $A5, _xlpm.unit, $E5, _xlpm.rCZ, Raw_envelope!$A:$A, _xlpm.rV, Raw_envelope!$B:$B, _xlpm.col, _xlfn.SWITCH(TRUE, AND(_xlpm.el="External Wall", _xlpm.unit="U-value IP"), Raw_envelope!$F:$F, AND(_xlpm.el="Roof", _xlpm.unit="U-value IP"), Raw_envelope!$D:$D, AND(_xlpm.el="Windows", _xlpm.unit="U-value IP"), Raw_envelope!$H:$H, AND(_xlpm.el="Windows", _xlpm.unit="SHGC"), Raw_envelope!$I:$I, AND(_xlpm.el="Windows", _xlpm.unit="Visible Transmittance"), Raw_envelope!$J:$J, "" ), _xlpm.r, _xlfn.XMATCH(1,(_xlpm.rCZ=_xlpm.cz)*(_xlpm.rV=_xlpm.v),0), IFERROR(INDEX(_xlpm.col,_xlpm.r),"") )} -> 0.061 | N5: {=_xlfn.LET( _xlpm.cz, N$2, _xlpm.v, $F5, _xlpm.el, $A5, _xlpm.unit, $E5, _xlpm.rCZ, Raw_envelope!$A:$A, _xlpm.rV, Raw_envelope!$B:$B, _xlpm.col, _xlfn.SWITCH(TRUE, AND(_xlpm.el="External Wall", _xlpm.unit="U-value IP"), Raw_envelope!$F:$F, AND(_xlpm.el="Roof", _xlpm.unit="U-value IP"), Raw_envelope!$D:$D, AND(_xlpm.el="Windows", _xlpm.unit="U-value IP"), Raw_envelope!$H:$H, AND(_xlpm.el="Windows", _xlpm.unit="SHGC"), Raw_envelope!$I:$I, AND(_xlpm.el="Windows", _xlpm.unit="Visible Transmittance"), Raw_envelope!$J:$J, "" ), _xlpm.r, _xlfn.XMATCH(1,(_xlpm.rCZ=_xlpm.cz)*(_xlpm.rV=_xlpm.v),0), IFERROR(INDEX(_xlpm.col,_xlpm.r),"") )} -> 0.065 | O5: {=_xlfn.LET( _xlpm.cz, O$2, _xlpm.v, $F5, _xlpm.el, $A5, _xlpm.unit, $E5, _xlpm.rCZ, Raw_envelope!$A:$A, _xlpm.rV, Raw_envelope!$B:$B, _xlpm.col, _xlfn.SWITCH(TRUE, AND(_xlpm.el="External Wall", _xlpm.unit="U-value IP"), Raw_envelope!$F:$F, AND(_xlpm.el="Roof", _xlpm.unit="U-value IP"), Raw_envelope!$D:$D, AND(_xlpm.el="Windows", _xlpm.unit="U-value IP"), Raw_envelope!$H:$H, AND(_xlpm.el="Windows", _xlpm.unit="SHGC"), Raw_envelope!$I:$I, AND(_xlpm.el="Windows", _xlpm.unit="Visible Transmittance"), Raw_envelope!$J:$J, "" ), _xlpm.r, _xlfn.XMATCH(1,(_xlpm.rCZ=_xlpm.cz)*(_xlpm.rV=_xlpm.v),0), IFERROR(INDEX(_xlpm.col,_xlpm.r),"") )} -> 0.065 | P5: {=_xlfn.LET( _xlpm.cz, P$2, _xlpm.v, $F5, _xlpm.el, $A5, _xlpm.unit, $E5, _xlpm.rCZ, Raw_envelope!$A:$A, _xlpm.rV, Raw_envelope!$B:$B, _xlpm.col, _xlfn.SWITCH(TRUE, AND(_xlpm.el="External Wall", _xlpm.unit="U-value IP"), Raw_envelope!$F:$F, AND(_xlpm.el="Roof", _xlpm.unit="U-value IP"), Raw_envelope!$D:$D, AND(_xlpm.el="Windows", _xlpm.unit="U-value IP"), Raw_envelope!$H:$H, AND(_xlpm.el="Windows", _xlpm.unit="SHGC"), Raw_envelope!$I:$I, AND(_xlpm.el="Windows", _xlpm.unit="Visible Transmittance"), Raw_envelope!$J:$J, "" ), _xlpm.r, _xlfn.XMATCH(1,(_xlpm.rCZ=_xlpm.cz)*(_xlpm.rV=_xlpm.v),0), IFERROR(INDEX(_xlpm.col,_xlpm.r),"") )} -> 0.065 | ... X5: {=_xlfn.LET( _xlpm.cz, X$2, _xlpm.v, $F5, _xlpm.el, $A5, _xlpm.unit, $E5, _xlpm.rCZ, Raw_envelope!$A:$A, _xlpm.rV, Raw_envelope!$B:$B, _xlpm.col, _xlfn.SWITCH(TRUE, AND(_xlpm.el="External Wall", _xlpm.unit="U-value IP"), Raw_envelope!$F:$F, AND(_xlpm.el="Roof", _xlpm.unit="U-value IP"), Raw_envelope!$D:$D, AND(_xlpm.el="Windows", _xlpm.unit="U-value IP"), Raw_envelope!$H:$H, AND(_xlpm.el="Windows", _xlpm.unit="SHGC"), Raw_envelope!$I:$I, AND(_xlpm.el="Windows", _xlpm.unit="Visible Transmittance"), Raw_envelope!$J:$J, "" ), _xlpm.r, _xlfn.XMATCH(1,(_xlpm.rCZ=_xlpm.cz)*(_xlpm.rV=_xlpm.v),0), IFERROR(INDEX(_xlpm.col,_xlpm.r),"") )} -> 0.06
A6: Roof | B6: =Prototype!$A$2 -> Retail - Multistory Large | C6: - | D6: {=_xlfn.LET( _xlpm.v, $F6, _xlpm.el, $A6, _xlpm.rV, Raw_envelope!$B$2:$B$2000, _xlpm.col, _xlfn.SWITCH(_xlpm.el, "External Wall", Raw_envelope!$E$2:$E$2000, "Roof", Raw_envelope!$C$2:$C$2000, "Windows", Raw_envelope!$G$2:$G$2000, "" ), _xlpm.r, _xlfn.XMATCH(_xlpm.v, _xlpm.rV, 0), IFERROR(INDEX(_xlpm.col, _xlpm.r), "") )} -> Roof Membrane+Roof Continuous Insulation+Metal Decking | E6: U-value IP | F6: New Construction | G6: 2025 | I6: {=_xlfn.LET( _xlpm.cz, I$2, _xlpm.v, $F6, _xlpm.el, $A6, _xlpm.unit, $E6, _xlpm.rCZ, Raw_envelope!$A:$A, _xlpm.rV, Raw_envelope!$B:$B, _xlpm.col, _xlfn.SWITCH(TRUE, AND(_xlpm.el="External Wall", _xlpm.unit="U-value IP"), Raw_envelope!$F:$F, AND(_xlpm.el="Roof", _xlpm.unit="U-value IP"), Raw_envelope!$D:$D, AND(_xlpm.el="Windows", _xlpm.unit="U-value IP"), Raw_envelope!$H:$H, AND(_xlpm.el="Windows", _xlpm.unit="SHGC"), Raw_envelope!$I:$I, AND(_xlpm.el="Windows", _xlpm.unit="Visible Transmittance"), Raw_envelope!$J:$J, "" ), _xlpm.r, _xlfn.XMATCH(1,(_xlpm.rCZ=_xlpm.cz)*(_xlpm.rV=_xlpm.v),0), IFERROR(INDEX(_xlpm.col,_xlpm.r),"") )} -> 0.039 | J6: {=_xlfn.LET( _xlpm.cz, J$2, _xlpm.v, $F6, _xlpm.el, $A6, _xlpm.unit, $E6, _xlpm.rCZ, Raw_envelope!$A:$A, _xlpm.rV, Raw_envelope!$B:$B, _xlpm.col, _xlfn.SWITCH(TRUE, AND(_xlpm.el="External Wall", _xlpm.unit="U-value IP"), Raw_envelope!$F:$F, AND(_xlpm.el="Roof", _xlpm.unit="U-value IP"), Raw_envelope!$D:$D, AND(_xlpm.el="Windows", _xlpm.unit="U-value IP"), Raw_envelope!$H:$H, AND(_xlpm.el="Windows", _xlpm.unit="SHGC"), Raw_envelope!$I:$I, AND(_xlpm.el="Windows", _xlpm.unit="Visible Transmittance"), Raw_envelope!$J:$J, "" ), _xlpm.r, _xlfn.XMATCH(1,(_xlpm.rCZ=_xlpm.cz)*(_xlpm.rV=_xlpm.v),0), IFERROR(INDEX(_xlpm.col,_xlpm.r),"") )} -> 0.039 | K6: {=_xlfn.LET( _xlpm.cz, K$2, _xlpm.v, $F6, _xlpm.el, $A6, _xlpm.unit, $E6, _xlpm.rCZ, Raw_envelope!$A:$A, _xlpm.rV, Raw_envelope!$B:$B, _xlpm.col, _xlfn.SWITCH(TRUE, AND(_xlpm.el="External Wall", _xlpm.unit="U-value IP"), Raw_envelope!$F:$F, AND(_xlpm.el="Roof", _xlpm.unit="U-value IP"), Raw_envelope!$D:$D, AND(_xlpm.el="Windows", _xlpm.unit="U-value IP"), Raw_envelope!$H:$H, AND(_xlpm.el="Windows", _xlpm.unit="SHGC"), Raw_envelope!$I:$I, AND(_xlpm.el="Windows", _xlpm.unit="Visible Transmittance"), Raw_envelope!$J:$J, "" ), _xlpm.r, _xlfn.XMATCH(1,(_xlpm.rCZ=_xlpm.cz)*(_xlpm.rV=_xlpm.v),0), IFERROR(INDEX(_xlpm.col,_xlpm.r),"") )} -> 0.039 | L6: {=_xlfn.LET( _xlpm.cz, L$2, _xlpm.v, $F6, _xlpm.el, $A6, _xlpm.unit, $E6, _xlpm.rCZ, Raw_envelope!$A:$A, _xlpm.rV, Raw_envelope!$B:$B, _xlpm.col, _xlfn.SWITCH(TRUE, AND(_xlpm.el="External Wall", _xlpm.unit="U-value IP"), Raw_envelope!$F:$F, AND(_xlpm.el="Roof", _xlpm.unit="U-value IP"), Raw_envelope!$D:$D, AND(_xlpm.el="Windows", _xlpm.unit="U-value IP"), Raw_envelope!$H:$H, AND(_xlpm.el="Windows", _xlpm.unit="SHGC"), Raw_envelope!$I:$I, AND(_xlpm.el="Windows", _xlpm.unit="Visible Transmittance"), Raw_envelope!$J:$J, "" ), _xlpm.r, _xlfn.XMATCH(1,(_xlpm.rCZ=_xlpm.cz)*(_xlpm.rV=_xlpm.v),0), IFERROR(INDEX(_xlpm.col,_xlpm.r),"") )} -> 0.039 | M6: {=_xlfn.LET( _xlpm.cz, M$2, _xlpm.v, $F6, _xlpm.el, $A6, _xlpm.unit, $E6, _xlpm.rCZ, Raw_envelope!$A:$A, _xlpm.rV, Raw_envelope!$B:$B, _xlpm.col, _xlfn.SWITCH(TRUE, AND(_xlpm.el="External Wall", _xlpm.unit="U-value IP"), Raw_envelope!$F:$F, AND(_xlpm.el="Roof", _xlpm.unit="U-value IP"), Raw_envelope!$D:$D, AND(_xlpm.el="Windows", _xlpm.unit="U-value IP"), Raw_envelope!$H:$H, AND(_xlpm.el="Windows", _xlpm.unit="SHGC"), Raw_envelope!$I:$I, AND(_xlpm.el="Windows", _xlpm.unit="Visible Transmittance"), Raw_envelope!$J:$J, "" ), _xlpm.r, _xlfn.XMATCH(1,(_xlpm.rCZ=_xlpm.cz)*(_xlpm.rV=_xlpm.v),0), IFERROR(INDEX(_xlpm.col,_xlpm.r),"") )} -> 0.039 | N6: {=_xlfn.LET( _xlpm.cz, N$2, _xlpm.v, $F6, _xlpm.el, $A6, _xlpm.unit, $E6, _xlpm.rCZ, Raw_envelope!$A:$A, _xlpm.rV, Raw_envelope!$B:$B, _xlpm.col, _xlfn.SWITCH(TRUE, AND(_xlpm.el="External Wall", _xlpm.unit="U-value IP"), Raw_envelope!$F:$F, AND(_xlpm.el="Roof", _xlpm.unit="U-value IP"), Raw_envelope!$D:$D, AND(_xlpm.el="Windows", _xlpm.unit="U-value IP"), Raw_envelope!$H:$H, AND(_xlpm.el="Windows", _xlpm.unit="SHGC"), Raw_envelope!$I:$I, AND(_xlpm.el="Windows", _xlpm.unit="Visible Transmittance"), Raw_envelope!$J:$J, "" ), _xlpm.r, _xlfn.XMATCH(1,(_xlpm.rCZ=_xlpm.cz)*(_xlpm.rV=_xlpm.v),0), IFERROR(INDEX(_xlpm.col,_xlpm.r),"") )} -> 0.039 | O6: {=_xlfn.LET( _xlpm.cz, O$2, _xlpm.v, $F6, _xlpm.el, $A6, _xlpm.unit, $E6, _xlpm.rCZ, Raw_envelope!$A:$A, _xlpm.rV, Raw_envelope!$B:$B, _xlpm.col, _xlfn.SWITCH(TRUE, AND(_xlpm.el="External Wall", _xlpm.unit="U-value IP"), Raw_envelope!$F:$F, AND(_xlpm.el="Roof", _xlpm.unit="U-value IP"), Raw_envelope!$D:$D, AND(_xlpm.el="Windows", _xlpm.unit="U-value IP"), Raw_envelope!$H:$H, AND(_xlpm.el="Windows", _xlpm.unit="SHGC"), Raw_envelope!$I:$I, AND(_xlpm.el="Windows", _xlpm.unit="Visible Transmittance"), Raw_envelope!$J:$J, "" ), _xlpm.r, _xlfn.XMATCH(1,(_xlpm.rCZ=_xlpm.cz)*(_xlpm.rV=_xlpm.v),0), IFERROR(INDEX(_xlpm.col,_xlpm.r),"") )} -> 0.039 | P6: {=_xlfn.LET( _xlpm.cz, P$2, _xlpm.v, $F6, _xlpm.el, $A6, _xlpm.unit, $E6, _xlpm.rCZ, Raw_envelope!$A:$A, _xlpm.rV, Raw_envelope!$B:$B, _xlpm.col, _xlfn.SWITCH(TRUE, AND(_xlpm.el="External Wall", _xlpm.unit="U-value IP"), Raw_envelope!$F:$F, AND(_xlpm.el="Roof", _xlpm.unit="U-value IP"), Raw_envelope!$D:$D, AND(_xlpm.el="Windows", _xlpm.unit="U-value IP"), Raw_envelope!$H:$H, AND(_xlpm.el="Windows", _xlpm.unit="SHGC"), Raw_envelope!$I:$I, AND(_xlpm.el="Windows", _xlpm.unit="Visible Transmittance"), Raw_envelope!$J:$J, "" ), _xlpm.r, _xlfn.XMATCH(1,(_xlpm.rCZ=_xlpm.cz)*(_xlpm.rV=_xlpm.v),0), IFERROR(INDEX(_xlpm.col,_xlpm.r),"") )} -> 0.039 | ... X6: {=_xlfn.LET( _xlpm.cz, X$2, _xlpm.v, $F6, _xlpm.el, $A6, _xlpm.unit, $E6, _xlpm.rCZ, Raw_envelope!$A:$A, _xlpm.rV, Raw_envelope!$B:$B, _xlpm.col, _xlfn.SWITCH(TRUE, AND(_xlpm.el="External Wall", _xlpm.unit="U-value IP"), Raw_envelope!$F:$F, AND(_xlpm.el="Roof", _xlpm.unit="U-value IP"), Raw_envelope!$D:$D, AND(_xlpm.el="Windows", _xlpm.unit="U-value IP"), Raw_envelope!$H:$H, AND(_xlpm.el="Windows", _xlpm.unit="SHGC"), Raw_envelope!$I:$I, AND(_xlpm.el="Windows", _xlpm.unit="Visible Transmittance"), Raw_envelope!$J:$J, "" ), _xlpm.r, _xlfn.XMATCH(1,(_xlpm.rCZ=_xlpm.cz)*(_xlpm.rV=_xlpm.v),0), IFERROR(INDEX(_xlpm.col,_xlpm.r),"") )} -> 0.039
A7: Windows | B7: =Prototype!$A$2 -> Retail - Multistory Large | C7: - | D7: {=_xlfn.LET( _xlpm.v, $F7, _xlpm.el, $A7, _xlpm.rV, Raw_envelope!$B$2:$B$2000, _xlpm.col, _xlfn.SWITCH(_xlpm.el, "External Wall", Raw_envelope!$E$2:$E$2000, "Roof", Raw_envelope!$C$2:$C$2000, "Windows", Raw_envelope!$G$2:$G$2000, "" ), _xlpm.r, _xlfn.XMATCH(_xlpm.v, _xlpm.rV, 0), IFERROR(INDEX(_xlpm.col, _xlpm.r), "") )} -> Theoretical Glazing | E7: U-value IP | F7: Existing | G7: Weighted average | I7: {=_xlfn.LET( _xlpm.cz, I$2, _xlpm.v, $F7, _xlpm.el, $A7, _xlpm.unit, $E7, _xlpm.rCZ, Raw_envelope!$A:$A, _xlpm.rV, Raw_envelope!$B:$B, _xlpm.col, _xlfn.SWITCH(TRUE, AND(_xlpm.el="External Wall", _xlpm.unit="U-value IP"), Raw_envelope!$F:$F, AND(_xlpm.el="Roof", _xlpm.unit="U-value IP"), Raw_envelope!$D:$D, AND(_xlpm.el="Windows", _xlpm.unit="U-value IP"), Raw_envelope!$H:$H, AND(_xlpm.el="Windows", _xlpm.unit="SHGC"), Raw_envelope!$I:$I, AND(_xlpm.el="Windows", _xlpm.unit="Visible Transmittance"), Raw_envelope!$J:$J, "" ), _xlpm.r, _xlfn.XMATCH(1,(_xlpm.rCZ=_xlpm.cz)*(_xlpm.rV=_xlpm.v),0), IFERROR(INDEX(_xlpm.col,_xlpm.r),"") )} -> 1.024 | J7: {=_xlfn.LET( _xlpm.cz, J$2, _xlpm.v, $F7, _xlpm.el, $A7, _xlpm.unit, $E7, _xlpm.rCZ, Raw_envelope!$A:$A, _xlpm.rV, Raw_envelope!$B:$B, _xlpm.col, _xlfn.SWITCH(TRUE, AND(_xlpm.el="External Wall", _xlpm.unit="U-value IP"), Raw_envelope!$F:$F, AND(_xlpm.el="Roof", _xlpm.unit="U-value IP"), Raw_envelope!$D:$D, AND(_xlpm.el="Windows", _xlpm.unit="U-value IP"), Raw_envelope!$H:$H, AND(_xlpm.el="Windows", _xlpm.unit="SHGC"), Raw_envelope!$I:$I, AND(_xlpm.el="Windows", _xlpm.unit="Visible Transmittance"), Raw_envelope!$J:$J, "" ), _xlpm.r, _xlfn.XMATCH(1,(_xlpm.rCZ=_xlpm.cz)*(_xlpm.rV=_xlpm.v),0), IFERROR(INDEX(_xlpm.col,_xlpm.r),"") )} -> 1.078 | K7: {=_xlfn.LET( _xlpm.cz, K$2, _xlpm.v, $F7, _xlpm.el, $A7, _xlpm.unit, $E7, _xlpm.rCZ, Raw_envelope!$A:$A, _xlpm.rV, Raw_envelope!$B:$B, _xlpm.col, _xlfn.SWITCH(TRUE, AND(_xlpm.el="External Wall", _xlpm.unit="U-value IP"), Raw_envelope!$F:$F, AND(_xlpm.el="Roof", _xlpm.unit="U-value IP"), Raw_envelope!$D:$D, AND(_xlpm.el="Windows", _xlpm.unit="U-value IP"), Raw_envelope!$H:$H, AND(_xlpm.el="Windows", _xlpm.unit="SHGC"), Raw_envelope!$I:$I, AND(_xlpm.el="Windows", _xlpm.unit="Visible Transmittance"), Raw_envelope!$J:$J, "" ), _xlpm.r, _xlfn.XMATCH(1,(_xlpm.rCZ=_xlpm.cz)*(_xlpm.rV=_xlpm.v),0), IFERROR(INDEX(_xlpm.col,_xlpm.r),"") )} -> 1.131 | L7: {=_xlfn.LET( _xlpm.cz, L$2, _xlpm.v, $F7, _xlpm.el, $A7, _xlpm.unit, $E7, _xlpm.rCZ, Raw_envelope!$A:$A, _xlpm.rV, Raw_envelope!$B:$B, _xlpm.col, _xlfn.SWITCH(TRUE, AND(_xlpm.el="External Wall", _xlpm.unit="U-value IP"), Raw_envelope!$F:$F, AND(_xlpm.el="Roof", _xlpm.unit="U-value IP"), Raw_envelope!$D:$D, AND(_xlpm.el="Windows", _xlpm.unit="U-value IP"), Raw_envelope!$H:$H, AND(_xlpm.el="Windows", _xlpm.unit="SHGC"), Raw_envelope!$I:$I, AND(_xlpm.el="Windows", _xlpm.unit="Visible Transmittance"), Raw_envelope!$J:$J, "" ), _xlpm.r, _xlfn.XMATCH(1,(_xlpm.rCZ=_xlpm.cz)*(_xlpm.rV=_xlpm.v),0), IFERROR(INDEX(_xlpm.col,_xlpm.r),"") )} -> 1.108 | M7: {=_xlfn.LET( _xlpm.cz, M$2, _xlpm.v, $F7, _xlpm.el, $A7, _xlpm.unit, $E7, _xlpm.rCZ, Raw_envelope!$A:$A, _xlpm.rV, Raw_envelope!$B:$B, _xlpm.col, _xlfn.SWITCH(TRUE, AND(_xlpm.el="External Wall", _xlpm.unit="U-value IP"), Raw_envelope!$F:$F, AND(_xlpm.el="Roof", _xlpm.unit="U-value IP"), Raw_envelope!$D:$D, AND(_xlpm.el="Windows", _xlpm.unit="U-value IP"), Raw_envelope!$H:$H, AND(_xlpm.el="Windows", _xlpm.unit="SHGC"), Raw_envelope!$I:$I, AND(_xlpm.el="Windows", _xlpm.unit="Visible Transmittance"), Raw_envelope!$J:$J, "" ), _xlpm.r, _xlfn.XMATCH(1,(_xlpm.rCZ=_xlpm.cz)*(_xlpm.rV=_xlpm.v),0), IFERROR(INDEX(_xlpm.col,_xlpm.r),"") )} -> 1.109 | N7: {=_xlfn.LET( _xlpm.cz, N$2, _xlpm.v, $F7, _xlpm.el, $A7, _xlpm.unit, $E7, _xlpm.rCZ, Raw_envelope!$A:$A, _xlpm.rV, Raw_envelope!$B:$B, _xlpm.col, _xlfn.SWITCH(TRUE, AND(_xlpm.el="External Wall", _xlpm.unit="U-value IP"), Raw_envelope!$F:$F, AND(_xlpm.el="Roof", _xlpm.unit="U-value IP"), Raw_envelope!$D:$D, AND(_xlpm.el="Windows", _xlpm.unit="U-value IP"), Raw_envelope!$H:$H, AND(_xlpm.el="Windows", _xlpm.unit="SHGC"), Raw_envelope!$I:$I, AND(_xlpm.el="Windows", _xlpm.unit="Visible Transmittance"), Raw_envelope!$J:$J, "" ), _xlpm.r, _xlfn.XMATCH(1,(_xlpm.rCZ=_xlpm.cz)*(_xlpm.rV=_xlpm.v),0), IFERROR(INDEX(_xlpm.col,_xlpm.r),"") )} -> 1.115 | O7: {=_xlfn.LET( _xlpm.cz, O$2, _xlpm.v, $F7, _xlpm.el, $A7, _xlpm.unit, $E7, _xlpm.rCZ, Raw_envelope!$A:$A, _xlpm.rV, Raw_envelope!$B:$B, _xlpm.col, _xlfn.SWITCH(TRUE, AND(_xlpm.el="External Wall", _xlpm.unit="U-value IP"), Raw_envelope!$F:$F, AND(_xlpm.el="Roof", _xlpm.unit="U-value IP"), Raw_envelope!$D:$D, AND(_xlpm.el="Windows", _xlpm.unit="U-value IP"), Raw_envelope!$H:$H, AND(_xlpm.el="Windows", _xlpm.unit="SHGC"), Raw_envelope!$I:$I, AND(_xlpm.el="Windows", _xlpm.unit="Visible Transmittance"), Raw_envelope!$J:$J, "" ), _xlpm.r, _xlfn.XMATCH(1,(_xlpm.rCZ=_xlpm.cz)*(_xlpm.rV=_xlpm.v),0), IFERROR(INDEX(_xlpm.col,_xlpm.r),"") )} -> 1.075 | P7: {=_xlfn.LET( _xlpm.cz, P$2, _xlpm.v, $F7, _xlpm.el, $A7, _xlpm.unit, $E7, _xlpm.rCZ, Raw_envelope!$A:$A, _xlpm.rV, Raw_envelope!$B:$B, _xlpm.col, _xlfn.SWITCH(TRUE, AND(_xlpm.el="External Wall", _xlpm.unit="U-value IP"), Raw_envelope!$F:$F, AND(_xlpm.el="Roof", _xlpm.unit="U-value IP"), Raw_envelope!$D:$D, AND(_xlpm.el="Windows", _xlpm.unit="U-value IP"), Raw_envelope!$H:$H, AND(_xlpm.el="Windows", _xlpm.unit="SHGC"), Raw_envelope!$I:$I, AND(_xlpm.el="Windows", _xlpm.unit="Visible Transmittance"), Raw_envelope!$J:$J, "" ), _xlpm.r, _xlfn.XMATCH(1,(_xlpm.rCZ=_xlpm.cz)*(_xlpm.rV=_xlpm.v),0), IFERROR(INDEX(_xlpm.col,_xlpm.r),"") )} -> 1.114 | ... X7: {=_xlfn.LET( _xlpm.cz, X$2, _xlpm.v, $F7, _xlpm.el, $A7, _xlpm.unit, $E7, _xlpm.rCZ, Raw_envelope!$A:$A, _xlpm.rV, Raw_envelope!$B:$B, _xlpm.col, _xlfn.SWITCH(TRUE, AND(_xlpm.el="External Wall", _xlpm.unit="U-value IP"), Raw_envelope!$F:$F, AND(_xlpm.el="Roof", _xlpm.unit="U-value IP"), Raw_envelope!$D:$D, AND(_xlpm.el="Windows", _xlpm.unit="U-value IP"), Raw_envelope!$H:$H, AND(_xlpm.el="Windows", _xlpm.unit="SHGC"), Raw_envelope!$I:$I, AND(_xlpm.el="Windows", _xlpm.unit="Visible Transmittance"), Raw_envelope!$J:$J, "" ), _xlpm.r, _xlfn.XMATCH(1,(_xlpm.rCZ=_xlpm.cz)*(_xlpm.rV=_xlpm.v),0), IFERROR(INDEX(_xlpm.col,_xlpm.r),"") )} -> 0.885
A8: Windows | B8: =Prototype!$A$2 -> Retail - Multistory Large | C8: - | D8: {=_xlfn.LET( _xlpm.v, $F8, _xlpm.el, $A8, _xlpm.rV, Raw_envelope!$B$2:$B$2000, _xlpm.col, _xlfn.SWITCH(_xlpm.el, "External Wall", Raw_envelope!$E$2:$E$2000, "Roof", Raw_envelope!$C$2:$C$2000, "Windows", Raw_envelope!$G$2:$G$2000, "" ), _xlpm.r, _xlfn.XMATCH(_xlpm.v, _xlpm.rV, 0), IFERROR(INDEX(_xlpm.col, _xlpm.r), "") )} -> Theoretical Glazing | E8: U-value IP | F8: New Construction | G8: 2025 | I8: {=_xlfn.LET( _xlpm.cz, I$2, _xlpm.v, $F8, _xlpm.el, $A8, _xlpm.unit, $E8, _xlpm.rCZ, Raw_envelope!$A:$A, _xlpm.rV, Raw_envelope!$B:$B, _xlpm.col, _xlfn.SWITCH(TRUE, AND(_xlpm.el="External Wall", _xlpm.unit="U-value IP"), Raw_envelope!$F:$F, AND(_xlpm.el="Roof", _xlpm.unit="U-value IP"), Raw_envelope!$D:$D, AND(_xlpm.el="Windows", _xlpm.unit="U-value IP"), Raw_envelope!$H:$H, AND(_xlpm.el="Windows", _xlpm.unit="SHGC"), Raw_envelope!$I:$I, AND(_xlpm.el="Windows", _xlpm.unit="Visible Transmittance"), Raw_envelope!$J:$J, "" ), _xlpm.r, _xlfn.XMATCH(1,(_xlpm.rCZ=_xlpm.cz)*(_xlpm.rV=_xlpm.v),0), IFERROR(INDEX(_xlpm.col,_xlpm.r),"") )} -> 0.36 | J8: {=_xlfn.LET( _xlpm.cz, J$2, _xlpm.v, $F8, _xlpm.el, $A8, _xlpm.unit, $E8, _xlpm.rCZ, Raw_envelope!$A:$A, _xlpm.rV, Raw_envelope!$B:$B, _xlpm.col, _xlfn.SWITCH(TRUE, AND(_xlpm.el="External Wall", _xlpm.unit="U-value IP"), Raw_envelope!$F:$F, AND(_xlpm.el="Roof", _xlpm.unit="U-value IP"), Raw_envelope!$D:$D, AND(_xlpm.el="Windows", _xlpm.unit="U-value IP"), Raw_envelope!$H:$H, AND(_xlpm.el="Windows", _xlpm.unit="SHGC"), Raw_envelope!$I:$I, AND(_xlpm.el="Windows", _xlpm.unit="Visible Transmittance"), Raw_envelope!$J:$J, "" ), _xlpm.r, _xlfn.XMATCH(1,(_xlpm.rCZ=_xlpm.cz)*(_xlpm.rV=_xlpm.v),0), IFERROR(INDEX(_xlpm.col,_xlpm.r),"") )} -> 0.36 | K8: {=_xlfn.LET( _xlpm.cz, K$2, _xlpm.v, $F8, _xlpm.el, $A8, _xlpm.unit, $E8, _xlpm.rCZ, Raw_envelope!$A:$A, _xlpm.rV, Raw_envelope!$B:$B, _xlpm.col, _xlfn.SWITCH(TRUE, AND(_xlpm.el="External Wall", _xlpm.unit="U-value IP"), Raw_envelope!$F:$F, AND(_xlpm.el="Roof", _xlpm.unit="U-value IP"), Raw_envelope!$D:$D, AND(_xlpm.el="Windows", _xlpm.unit="U-value IP"), Raw_envelope!$H:$H, AND(_xlpm.el="Windows", _xlpm.unit="SHGC"), Raw_envelope!$I:$I, AND(_xlpm.el="Windows", _xlpm.unit="Visible Transmittance"), Raw_envelope!$J:$J, "" ), _xlpm.r, _xlfn.XMATCH(1,(_xlpm.rCZ=_xlpm.cz)*(_xlpm.rV=_xlpm.v),0), IFERROR(INDEX(_xlpm.col,_xlpm.r),"") )} -> 0.36 | L8: {=_xlfn.LET( _xlpm.cz, L$2, _xlpm.v, $F8, _xlpm.el, $A8, _xlpm.unit, $E8, _xlpm.rCZ, Raw_envelope!$A:$A, _xlpm.rV, Raw_envelope!$B:$B, _xlpm.col, _xlfn.SWITCH(TRUE, AND(_xlpm.el="External Wall", _xlpm.unit="U-value IP"), Raw_envelope!$F:$F, AND(_xlpm.el="Roof", _xlpm.unit="U-value IP"), Raw_envelope!$D:$D, AND(_xlpm.el="Windows", _xlpm.unit="U-value IP"), Raw_envelope!$H:$H, AND(_xlpm.el="Windows", _xlpm.unit="SHGC"), Raw_envelope!$I:$I, AND(_xlpm.el="Windows", _xlpm.unit="Visible Transmittance"), Raw_envelope!$J:$J, "" ), _xlpm.r, _xlfn.XMATCH(1,(_xlpm.rCZ=_xlpm.cz)*(_xlpm.rV=_xlpm.v),0), IFERROR(INDEX(_xlpm.col,_xlpm.r),"") )} -> 0.36 | M8: {=_xlfn.LET( _xlpm.cz, M$2, _xlpm.v, $F8, _xlpm.el, $A8, _xlpm.unit, $E8, _xlpm.rCZ, Raw_envelope!$A:$A, _xlpm.rV, Raw_envelope!$B:$B, _xlpm.col, _xlfn.SWITCH(TRUE, AND(_xlpm.el="External Wall", _xlpm.unit="U-value IP"), Raw_envelope!$F:$F, AND(_xlpm.el="Roof", _xlpm.unit="U-value IP"), Raw_envelope!$D:$D, AND(_xlpm.el="Windows", _xlpm.unit="U-value IP"), Raw_envelope!$H:$H, AND(_xlpm.el="Windows", _xlpm.unit="SHGC"), Raw_envelope!$I:$I, AND(_xlpm.el="Windows", _xlpm.unit="Visible Transmittance"), Raw_envelope!$J:$J, "" ), _xlpm.r, _xlfn.XMATCH(1,(_xlpm.rCZ=_xlpm.cz)*(_xlpm.rV=_xlpm.v),0), IFERROR(INDEX(_xlpm.col,_xlpm.r),"") )} -> 0.36 | N8: {=_xlfn.LET( _xlpm.cz, N$2, _xlpm.v, $F8, _xlpm.el, $A8, _xlpm.unit, $E8, _xlpm.rCZ, Raw_envelope!$A:$A, _xlpm.rV, Raw_envelope!$B:$B, _xlpm.col, _xlfn.SWITCH(TRUE, AND(_xlpm.el="External Wall", _xlpm.unit="U-value IP"), Raw_envelope!$F:$F, AND(_xlpm.el="Roof", _xlpm.unit="U-value IP"), Raw_envelope!$D:$D, AND(_xlpm.el="Windows", _xlpm.unit="U-value IP"), Raw_envelope!$H:$H, AND(_xlpm.el="Windows", _xlpm.unit="SHGC"), Raw_envelope!$I:$I, AND(_xlpm.el="Windows", _xlpm.unit="Visible Transmittance"), Raw_envelope!$J:$J, "" ), _xlpm.r, _xlfn.XMATCH(1,(_xlpm.rCZ=_xlpm.cz)*(_xlpm.rV=_xlpm.v),0), IFERROR(INDEX(_xlpm.col,_xlpm.r),"") )} -> 0.36 | O8: {=_xlfn.LET( _xlpm.cz, O$2, _xlpm.v, $F8, _xlpm.el, $A8, _xlpm.unit, $E8, _xlpm.rCZ, Raw_envelope!$A:$A, _xlpm.rV, Raw_envelope!$B:$B, _xlpm.col, _xlfn.SWITCH(TRUE, AND(_xlpm.el="External Wall", _xlpm.unit="U-value IP"), Raw_envelope!$F:$F, AND(_xlpm.el="Roof", _xlpm.unit="U-value IP"), Raw_envelope!$D:$D, AND(_xlpm.el="Windows", _xlpm.unit="U-value IP"), Raw_envelope!$H:$H, AND(_xlpm.el="Windows", _xlpm.unit="SHGC"), Raw_envelope!$I:$I, AND(_xlpm.el="Windows", _xlpm.unit="Visible Transmittance"), Raw_envelope!$J:$J, "" ), _xlpm.r, _xlfn.XMATCH(1,(_xlpm.rCZ=_xlpm.cz)*(_xlpm.rV=_xlpm.v),0), IFERROR(INDEX(_xlpm.col,_xlpm.r),"") )} -> 0.36 | P8: {=_xlfn.LET( _xlpm.cz, P$2, _xlpm.v, $F8, _xlpm.el, $A8, _xlpm.unit, $E8, _xlpm.rCZ, Raw_envelope!$A:$A, _xlpm.rV, Raw_envelope!$B:$B, _xlpm.col, _xlfn.SWITCH(TRUE, AND(_xlpm.el="External Wall", _xlpm.unit="U-value IP"), Raw_envelope!$F:$F, AND(_xlpm.el="Roof", _xlpm.unit="U-value IP"), Raw_envelope!$D:$D, AND(_xlpm.el="Windows", _xlpm.unit="U-value IP"), Raw_envelope!$H:$H, AND(_xlpm.el="Windows", _xlpm.unit="SHGC"), Raw_envelope!$I:$I, AND(_xlpm.el="Windows", _xlpm.unit="Visible Transmittance"), Raw_envelope!$J:$J, "" ), _xlpm.r, _xlfn.XMATCH(1,(_xlpm.rCZ=_xlpm.cz)*(_xlpm.rV=_xlpm.v),0), IFERROR(INDEX(_xlpm.col,_xlpm.r),"") )} -> 0.36 | ... X8: {=_xlfn.LET( _xlpm.cz, X$2, _xlpm.v, $F8, _xlpm.el, $A8, _xlpm.unit, $E8, _xlpm.rCZ, Raw_envelope!$A:$A, _xlpm.rV, Raw_envelope!$B:$B, _xlpm.col, _xlfn.SWITCH(TRUE, AND(_xlpm.el="External Wall", _xlpm.unit="U-value IP"), Raw_envelope!$F:$F, AND(_xlpm.el="Roof", _xlpm.unit="U-value IP"), Raw_envelope!$D:$D, AND(_xlpm.el="Windows", _xlpm.unit="U-value IP"), Raw_envelope!$H:$H, AND(_xlpm.el="Windows", _xlpm.unit="SHGC"), Raw_envelope!$I:$I, AND(_xlpm.el="Windows", _xlpm.unit="Visible Transmittance"), Raw_envelope!$J:$J, "" ), _xlpm.r, _xlfn.XMATCH(1,(_xlpm.rCZ=_xlpm.cz)*(_xlpm.rV=_xlpm.v),0), IFERROR(INDEX(_xlpm.col,_xlpm.r),"") )} -> 0.36
A9: Windows | B9: =Prototype!$A$2 -> Retail - Multistory Large | C9: - | D9: {=_xlfn.LET( _xlpm.v, $F9, _xlpm.el, $A9, _xlpm.rV, Raw_envelope!$B$2:$B$2000, _xlpm.col, _xlfn.SWITCH(_xlpm.el, "External Wall", Raw_envelope!$E$2:$E$2000, "Roof", Raw_envelope!$C$2:$C$2000, "Windows", Raw_envelope!$G$2:$G$2000, "" ), _xlpm.r, _xlfn.XMATCH(_xlpm.v, _xlpm.rV, 0), IFERROR(INDEX(_xlpm.col, _xlpm.r), "") )} -> Theoretical Glazing | E9: SHGC | F9: Existing | G9: Weighted average | I9: {=_xlfn.LET( _xlpm.cz, I$2, _xlpm.v, $F9, _xlpm.el, $A9, _xlpm.unit, $E9, _xlpm.rCZ, Raw_envelope!$A:$A, _xlpm.rV, Raw_envelope!$B:$B, _xlpm.col, _xlfn.SWITCH(TRUE, AND(_xlpm.el="External Wall", _xlpm.unit="U-value IP"), Raw_envelope!$F:$F, AND(_xlpm.el="Roof", _xlpm.unit="U-value IP"), Raw_envelope!$D:$D, AND(_xlpm.el="Windows", _xlpm.unit="U-value IP"), Raw_envelope!$H:$H, AND(_xlpm.el="Windows", _xlpm.unit="SHGC"), Raw_envelope!$I:$I, AND(_xlpm.el="Windows", _xlpm.unit="Visible Transmittance"), Raw_envelope!$J:$J, "" ), _xlpm.r, _xlfn.XMATCH(1,(_xlpm.rCZ=_xlpm.cz)*(_xlpm.rV=_xlpm.v),0), IFERROR(INDEX(_xlpm.col,_xlpm.r),"") )} -> 0.70708483 | J9: {=_xlfn.LET( _xlpm.cz, J$2, _xlpm.v, $F9, _xlpm.el, $A9, _xlpm.unit, $E9, _xlpm.rCZ, Raw_envelope!$A:$A, _xlpm.rV, Raw_envelope!$B:$B, _xlpm.col, _xlfn.SWITCH(TRUE, AND(_xlpm.el="External Wall", _xlpm.unit="U-value IP"), Raw_envelope!$F:$F, AND(_xlpm.el="Roof", _xlpm.unit="U-value IP"), Raw_envelope!$D:$D, AND(_xlpm.el="Windows", _xlpm.unit="U-value IP"), Raw_envelope!$H:$H, AND(_xlpm.el="Windows", _xlpm.unit="SHGC"), Raw_envelope!$I:$I, AND(_xlpm.el="Windows", _xlpm.unit="Visible Transmittance"), Raw_envelope!$J:$J, "" ), _xlpm.r, _xlfn.XMATCH(1,(_xlpm.rCZ=_xlpm.cz)*(_xlpm.rV=_xlpm.v),0), IFERROR(INDEX(_xlpm.col,_xlpm.r),"") )} -> 0.70715225 | K9: {=_xlfn.LET( _xlpm.cz, K$2, _xlpm.v, $F9, _xlpm.el, $A9, _xlpm.unit, $E9, _xlpm.rCZ, Raw_envelope!$A:$A, _xlpm.rV, Raw_envelope!$B:$B, _xlpm.col, _xlfn.SWITCH(TRUE, AND(_xlpm.el="External Wall", _xlpm.unit="U-value IP"), Raw_envelope!$F:$F, AND(_xlpm.el="Roof", _xlpm.unit="U-value IP"), Raw_envelope!$D:$D, AND(_xlpm.el="Windows", _xlpm.unit="U-value IP"), Raw_envelope!$H:$H, AND(_xlpm.el="Windows", _xlpm.unit="SHGC"), Raw_envelope!$I:$I, AND(_xlpm.el="Windows", _xlpm.unit="Visible Transmittance"), Raw_envelope!$J:$J, "" ), _xlpm.r, _xlfn.XMATCH(1,(_xlpm.rCZ=_xlpm.cz)*(_xlpm.rV=_xlpm.v),0), IFERROR(INDEX(_xlpm.col,_xlpm.r),"") )} -> 0.73752556 | L9: {=_xlfn.LET( _xlpm.cz, L$2, _xlpm.v, $F9, _xlpm.el, $A9, _xlpm.unit, $E9, _xlpm.rCZ, Raw_envelope!$A:$A, _xlpm.rV, Raw_envelope!$B:$B, _xlpm.col, _xlfn.SWITCH(TRUE, AND(_xlpm.el="External Wall", _xlpm.unit="U-value IP"), Raw_envelope!$F:$F, AND(_xlpm.el="Roof", _xlpm.unit="U-value IP"), Raw_envelope!$D:$D, AND(_xlpm.el="Windows", _xlpm.unit="U-value IP"), Raw_envelope!$H:$H, AND(_xlpm.el="Windows", _xlpm.unit="SHGC"), Raw_envelope!$I:$I, AND(_xlpm.el="Windows", _xlpm.unit="Visible Transmittance"), Raw_envelope!$J:$J, "" ), _xlpm.r, _xlfn.XMATCH(1,(_xlpm.rCZ=_xlpm.cz)*(_xlpm.rV=_xlpm.v),0), IFERROR(INDEX(_xlpm.col,_xlpm.r),"") )} -> 0.71836069 | M9: {=_xlfn.LET( _xlpm.cz, M$2, _xlpm.v, $F9, _xlpm.el, $A9, _xlpm.unit, $E9, _xlpm.rCZ, Raw_envelope!$A:$A, _xlpm.rV, Raw_envelope!$B:$B, _xlpm.col, _xlfn.SWITCH(TRUE, AND(_xlpm.el="External Wall", _xlpm.unit="U-value IP"), Raw_envelope!$F:$F, AND(_xlpm.el="Roof", _xlpm.unit="U-value IP"), Raw_envelope!$D:$D, AND(_xlpm.el="Windows", _xlpm.unit="U-value IP"), Raw_envelope!$H:$H, AND(_xlpm.el="Windows", _xlpm.unit="SHGC"), Raw_envelope!$I:$I, AND(_xlpm.el="Windows", _xlpm.unit="Visible Transmittance"), Raw_envelope!$J:$J, "" ), _xlpm.r, _xlfn.XMATCH(1,(_xlpm.rCZ=_xlpm.cz)*(_xlpm.rV=_xlpm.v),0), IFERROR(INDEX(_xlpm.col,_xlpm.r),"") )} -> 0.7530801 | N9: {=_xlfn.LET( _xlpm.cz, N$2, _xlpm.v, $F9, _xlpm.el, $A9, _xlpm.unit, $E9, _xlpm.rCZ, Raw_envelope!$A:$A, _xlpm.rV, Raw_envelope!$B:$B, _xlpm.col, _xlfn.SWITCH(TRUE, AND(_xlpm.el="External Wall", _xlpm.unit="U-value IP"), Raw_envelope!$F:$F, AND(_xlpm.el="Roof", _xlpm.unit="U-value IP"), Raw_envelope!$D:$D, AND(_xlpm.el="Windows", _xlpm.unit="U-value IP"), Raw_envelope!$H:$H, AND(_xlpm.el="Windows", _xlpm.unit="SHGC"), Raw_envelope!$I:$I, AND(_xlpm.el="Windows", _xlpm.unit="Visible Transmittance"), Raw_envelope!$J:$J, "" ), _xlpm.r, _xlfn.XMATCH(1,(_xlpm.rCZ=_xlpm.cz)*(_xlpm.rV=_xlpm.v),0), IFERROR(INDEX(_xlpm.col,_xlpm.r),"") )} -> 0.72539574 | O9: {=_xlfn.LET( _xlpm.cz, O$2, _xlpm.v, $F9, _xlpm.el, $A9, _xlpm.unit, $E9, _xlpm.rCZ, Raw_envelope!$A:$A, _xlpm.rV, Raw_envelope!$B:$B, _xlpm.col, _xlfn.SWITCH(TRUE, AND(_xlpm.el="External Wall", _xlpm.unit="U-value IP"), Raw_envelope!$F:$F, AND(_xlpm.el="Roof", _xlpm.unit="U-value IP"), Raw_envelope!$D:$D, AND(_xlpm.el="Windows", _xlpm.unit="U-value IP"), Raw_envelope!$H:$H, AND(_xlpm.el="Windows", _xlpm.unit="SHGC"), Raw_envelope!$I:$I, AND(_xlpm.el="Windows", _xlpm.unit="Visible Transmittance"), Raw_envelope!$J:$J, "" ), _xlpm.r, _xlfn.XMATCH(1,(_xlpm.rCZ=_xlpm.cz)*(_xlpm.rV=_xlpm.v),0), IFERROR(INDEX(_xlpm.col,_xlpm.r),"") )} -> 0.72672544 | P9: {=_xlfn.LET( _xlpm.cz, P$2, _xlpm.v, $F9, _xlpm.el, $A9, _xlpm.unit, $E9, _xlpm.rCZ, Raw_envelope!$A:$A, _xlpm.rV, Raw_envelope!$B:$B, _xlpm.col, _xlfn.SWITCH(TRUE, AND(_xlpm.el="External Wall", _xlpm.unit="U-value IP"), Raw_envelope!$F:$F, AND(_xlpm.el="Roof", _xlpm.unit="U-value IP"), Raw_envelope!$D:$D, AND(_xlpm.el="Windows", _xlpm.unit="U-value IP"), Raw_envelope!$H:$H, AND(_xlpm.el="Windows", _xlpm.unit="SHGC"), Raw_envelope!$I:$I, AND(_xlpm.el="Windows", _xlpm.unit="Visible Transmittance"), Raw_envelope!$J:$J, "" ), _xlpm.r, _xlfn.XMATCH(1,(_xlpm.rCZ=_xlpm.cz)*(_xlpm.rV=_xlpm.v),0), IFERROR(INDEX(_xlpm.col,_xlpm.r),"") )} -> 0.72409806 | ... X9: {=_xlfn.LET( _xlpm.cz, X$2, _xlpm.v, $F9, _xlpm.el, $A9, _xlpm.unit, $E9, _xlpm.rCZ, Raw_envelope!$A:$A, _xlpm.rV, Raw_envelope!$B:$B, _xlpm.col, _xlfn.SWITCH(TRUE, AND(_xlpm.el="External Wall", _xlpm.unit="U-value IP"), Raw_envelope!$F:$F, AND(_xlpm.el="Roof", _xlpm.unit="U-value IP"), Raw_envelope!$D:$D, AND(_xlpm.el="Windows", _xlpm.unit="U-value IP"), Raw_envelope!$H:$H, AND(_xlpm.el="Windows", _xlpm.unit="SHGC"), Raw_envelope!$I:$I, AND(_xlpm.el="Windows", _xlpm.unit="Visible Transmittance"), Raw_envelope!$J:$J, "" ), _xlpm.r, _xlfn.XMATCH(1,(_xlpm.rCZ=_xlpm.cz)*(_xlpm.rV=_xlpm.v),0), IFERROR(INDEX(_xlpm.col,_xlpm.r),"") )} -> 0.6276714
A10: Windows | B10: =Prototype!$A$2 -> Retail - Multistory Large | C10: - | D10: {=_xlfn.LET( _xlpm.v, $F10, _xlpm.el, $A10, _xlpm.rV, Raw_envelope!$B$2:$B$2000, _xlpm.col, _xlfn.SWITCH(_xlpm.el, "External Wall", Raw_envelope!$E$2:$E$2000, "Roof", Raw_envelope!$C$2:$C$2000, "Windows", Raw_envelope!$G$2:$G$2000, "" ), _xlpm.r, _xlfn.XMATCH(_xlpm.v, _xlpm.rV, 0), IFERROR(INDEX(_xlpm.col, _xlpm.r), "") )} -> Theoretical Glazing | E10: SHGC | F10: New Construction | G10: 2025 | I10: {=_xlfn.LET( _xlpm.cz, I$2, _xlpm.v, $F10, _xlpm.el, $A10, _xlpm.unit, $E10, _xlpm.rCZ, Raw_envelope!$A:$A, _xlpm.rV, Raw_envelope!$B:$B, _xlpm.col, _xlfn.SWITCH(TRUE, AND(_xlpm.el="External Wall", _xlpm.unit="U-value IP"), Raw_envelope!$F:$F, AND(_xlpm.el="Roof", _xlpm.unit="U-value IP"), Raw_envelope!$D:$D, AND(_xlpm.el="Windows", _xlpm.unit="U-value IP"), Raw_envelope!$H:$H, AND(_xlpm.el="Windows", _xlpm.unit="SHGC"), Raw_envelope!$I:$I, AND(_xlpm.el="Windows", _xlpm.unit="Visible Transmittance"), Raw_envelope!$J:$J, "" ), _xlpm.r, _xlfn.XMATCH(1,(_xlpm.rCZ=_xlpm.cz)*(_xlpm.rV=_xlpm.v),0), IFERROR(INDEX(_xlpm.col,_xlpm.r),"") )} -> 0.25 | J10: {=_xlfn.LET( _xlpm.cz, J$2, _xlpm.v, $F10, _xlpm.el, $A10, _xlpm.unit, $E10, _xlpm.rCZ, Raw_envelope!$A:$A, _xlpm.rV, Raw_envelope!$B:$B, _xlpm.col, _xlfn.SWITCH(TRUE, AND(_xlpm.el="External Wall", _xlpm.unit="U-value IP"), Raw_envelope!$F:$F, AND(_xlpm.el="Roof", _xlpm.unit="U-value IP"), Raw_envelope!$D:$D, AND(_xlpm.el="Windows", _xlpm.unit="U-value IP"), Raw_envelope!$H:$H, AND(_xlpm.el="Windows", _xlpm.unit="SHGC"), Raw_envelope!$I:$I, AND(_xlpm.el="Windows", _xlpm.unit="Visible Transmittance"), Raw_envelope!$J:$J, "" ), _xlpm.r, _xlfn.XMATCH(1,(_xlpm.rCZ=_xlpm.cz)*(_xlpm.rV=_xlpm.v),0), IFERROR(INDEX(_xlpm.col,_xlpm.r),"") )} -> 0.25 | K10: {=_xlfn.LET( _xlpm.cz, K$2, _xlpm.v, $F10, _xlpm.el, $A10, _xlpm.unit, $E10, _xlpm.rCZ, Raw_envelope!$A:$A, _xlpm.rV, Raw_envelope!$B:$B, _xlpm.col, _xlfn.SWITCH(TRUE, AND(_xlpm.el="External Wall", _xlpm.unit="U-value IP"), Raw_envelope!$F:$F, AND(_xlpm.el="Roof", _xlpm.unit="U-value IP"), Raw_envelope!$D:$D, AND(_xlpm.el="Windows", _xlpm.unit="U-value IP"), Raw_envelope!$H:$H, AND(_xlpm.el="Windows", _xlpm.unit="SHGC"), Raw_envelope!$I:$I, AND(_xlpm.el="Windows", _xlpm.unit="Visible Transmittance"), Raw_envelope!$J:$J, "" ), _xlpm.r, _xlfn.XMATCH(1,(_xlpm.rCZ=_xlpm.cz)*(_xlpm.rV=_xlpm.v),0), IFERROR(INDEX(_xlpm.col,_xlpm.r),"") )} -> 0.25 | L10: {=_xlfn.LET( _xlpm.cz, L$2, _xlpm.v, $F10, _xlpm.el, $A10, _xlpm.unit, $E10, _xlpm.rCZ, Raw_envelope!$A:$A, _xlpm.rV, Raw_envelope!$B:$B, _xlpm.col, _xlfn.SWITCH(TRUE, AND(_xlpm.el="External Wall", _xlpm.unit="U-value IP"), Raw_envelope!$F:$F, AND(_xlpm.el="Roof", _xlpm.unit="U-value IP"), Raw_envelope!$D:$D, AND(_xlpm.el="Windows", _xlpm.unit="U-value IP"), Raw_envelope!$H:$H, AND(_xlpm.el="Windows", _xlpm.unit="SHGC"), Raw_envelope!$I:$I, AND(_xlpm.el="Windows", _xlpm.unit="Visible Transmittance"), Raw_envelope!$J:$J, "" ), _xlpm.r, _xlfn.XMATCH(1,(_xlpm.rCZ=_xlpm.cz)*(_xlpm.rV=_xlpm.v),0), IFERROR(INDEX(_xlpm.col,_xlpm.r),"") )} -> 0.25 | M10: {=_xlfn.LET( _xlpm.cz, M$2, _xlpm.v, $F10, _xlpm.el, $A10, _xlpm.unit, $E10, _xlpm.rCZ, Raw_envelope!$A:$A, _xlpm.rV, Raw_envelope!$B:$B, _xlpm.col, _xlfn.SWITCH(TRUE, AND(_xlpm.el="External Wall", _xlpm.unit="U-value IP"), Raw_envelope!$F:$F, AND(_xlpm.el="Roof", _xlpm.unit="U-value IP"), Raw_envelope!$D:$D, AND(_xlpm.el="Windows", _xlpm.unit="U-value IP"), Raw_envelope!$H:$H, AND(_xlpm.el="Windows", _xlpm.unit="SHGC"), Raw_envelope!$I:$I, AND(_xlpm.el="Windows", _xlpm.unit="Visible Transmittance"), Raw_envelope!$J:$J, "" ), _xlpm.r, _xlfn.XMATCH(1,(_xlpm.rCZ=_xlpm.cz)*(_xlpm.rV=_xlpm.v),0), IFERROR(INDEX(_xlpm.col,_xlpm.r),"") )} -> 0.25 | N10: {=_xlfn.LET( _xlpm.cz, N$2, _xlpm.v, $F10, _xlpm.el, $A10, _xlpm.unit, $E10, _xlpm.rCZ, Raw_envelope!$A:$A, _xlpm.rV, Raw_envelope!$B:$B, _xlpm.col, _xlfn.SWITCH(TRUE, AND(_xlpm.el="External Wall", _xlpm.unit="U-value IP"), Raw_envelope!$F:$F, AND(_xlpm.el="Roof", _xlpm.unit="U-value IP"), Raw_envelope!$D:$D, AND(_xlpm.el="Windows", _xlpm.unit="U-value IP"), Raw_envelope!$H:$H, AND(_xlpm.el="Windows", _xlpm.unit="SHGC"), Raw_envelope!$I:$I, AND(_xlpm.el="Windows", _xlpm.unit="Visible Transmittance"), Raw_envelope!$J:$J, "" ), _xlpm.r, _xlfn.XMATCH(1,(_xlpm.rCZ=_xlpm.cz)*(_xlpm.rV=_xlpm.v),0), IFERROR(INDEX(_xlpm.col,_xlpm.r),"") )} -> 0.25 | O10: {=_xlfn.LET( _xlpm.cz, O$2, _xlpm.v, $F10, _xlpm.el, $A10, _xlpm.unit, $E10, _xlpm.rCZ, Raw_envelope!$A:$A, _xlpm.rV, Raw_envelope!$B:$B, _xlpm.col, _xlfn.SWITCH(TRUE, AND(_xlpm.el="External Wall", _xlpm.unit="U-value IP"), Raw_envelope!$F:$F, AND(_xlpm.el="Roof", _xlpm.unit="U-value IP"), Raw_envelope!$D:$D, AND(_xlpm.el="Windows", _xlpm.unit="U-value IP"), Raw_envelope!$H:$H, AND(_xlpm.el="Windows", _xlpm.unit="SHGC"), Raw_envelope!$I:$I, AND(_xlpm.el="Windows", _xlpm.unit="Visible Transmittance"), Raw_envelope!$J:$J, "" ), _xlpm.r, _xlfn.XMATCH(1,(_xlpm.rCZ=_xlpm.cz)*(_xlpm.rV=_xlpm.v),0), IFERROR(INDEX(_xlpm.col,_xlpm.r),"") )} -> 0.25 | P10: {=_xlfn.LET( _xlpm.cz, P$2, _xlpm.v, $F10, _xlpm.el, $A10, _xlpm.unit, $E10, _xlpm.rCZ, Raw_envelope!$A:$A, _xlpm.rV, Raw_envelope!$B:$B, _xlpm.col, _xlfn.SWITCH(TRUE, AND(_xlpm.el="External Wall", _xlpm.unit="U-value IP"), Raw_envelope!$F:$F, AND(_xlpm.el="Roof", _xlpm.unit="U-value IP"), Raw_envelope!$D:$D, AND(_xlpm.el="Windows", _xlpm.unit="U-value IP"), Raw_envelope!$H:$H, AND(_xlpm.el="Windows", _xlpm.unit="SHGC"), Raw_envelope!$I:$I, AND(_xlpm.el="Windows", _xlpm.unit="Visible Transmittance"), Raw_envelope!$J:$J, "" ), _xlpm.r, _xlfn.XMATCH(1,(_xlpm.rCZ=_xlpm.cz)*(_xlpm.rV=_xlpm.v),0), IFERROR(INDEX(_xlpm.col,_xlpm.r),"") )} -> 0.25 | ... X10: {=_xlfn.LET( _xlpm.cz, X$2, _xlpm.v, $F10, _xlpm.el, $A10, _xlpm.unit, $E10, _xlpm.rCZ, Raw_envelope!$A:$A, _xlpm.rV, Raw_envelope!$B:$B, _xlpm.col, _xlfn.SWITCH(TRUE, AND(_xlpm.el="External Wall", _xlpm.unit="U-value IP"), Raw_envelope!$F:$F, AND(_xlpm.el="Roof", _xlpm.unit="U-value IP"), Raw_envelope!$D:$D, AND(_xlpm.el="Windows", _xlpm.unit="U-value IP"), Raw_envelope!$H:$H, AND(_xlpm.el="Windows", _xlpm.unit="SHGC"), Raw_envelope!$I:$I, AND(_xlpm.el="Windows", _xlpm.unit="Visible Transmittance"), Raw_envelope!$J:$J, "" ), _xlpm.r, _xlfn.XMATCH(1,(_xlpm.rCZ=_xlpm.cz)*(_xlpm.rV=_xlpm.v),0), IFERROR(INDEX(_xlpm.col,_xlpm.r),"") )} -> 0.25
A11: Windows | B11: =Prototype!$A$2 -> Retail - Multistory Large | C11: - | D11: {=_xlfn.LET( _xlpm.v, $F11, _xlpm.el, $A11, _xlpm.rV, Raw_envelope!$B$2:$B$2000, _xlpm.col, _xlfn.SWITCH(_xlpm.el, "External Wall", Raw_envelope!$E$2:$E$2000, "Roof", Raw_envelope!$C$2:$C$2000, "Windows", Raw_envelope!$G$2:$G$2000, "" ), _xlpm.r, _xlfn.XMATCH(_xlpm.v, _xlpm.rV, 0), IFERROR(INDEX(_xlpm.col, _xlpm.r), "") )} -> Theoretical Glazing | E11: Visible Transmittance | F11: Existing | G11: Weighted average | I11: {=_xlfn.LET( _xlpm.cz, I$2, _xlpm.v, $F11, _xlpm.el, $A11, _xlpm.unit, $E11, _xlpm.rCZ, Raw_envelope!$A:$A, _xlpm.rV, Raw_envelope!$B:$B, _xlpm.col, _xlfn.SWITCH(TRUE, AND(_xlpm.el="External Wall", _xlpm.unit="U-value IP"), Raw_envelope!$F:$F, AND(_xlpm.el="Roof", _xlpm.unit="U-value IP"), Raw_envelope!$D:$D, AND(_xlpm.el="Windows", _xlpm.unit="U-value IP"), Raw_envelope!$H:$H, AND(_xlpm.el="Windows", _xlpm.unit="SHGC"), Raw_envelope!$I:$I, AND(_xlpm.el="Windows", _xlpm.unit="Visible Transmittance"), Raw_envelope!$J:$J, "" ), _xlpm.r, _xlfn.XMATCH(1,(_xlpm.rCZ=_xlpm.cz)*(_xlpm.rV=_xlpm.v),0), IFERROR(INDEX(_xlpm.col,_xlpm.r),"") )} -> 0.26088929 | J11: {=_xlfn.LET( _xlpm.cz, J$2, _xlpm.v, $F11, _xlpm.el, $A11, _xlpm.unit, $E11, _xlpm.rCZ, Raw_envelope!$A:$A, _xlpm.rV, Raw_envelope!$B:$B, _xlpm.col, _xlfn.SWITCH(TRUE, AND(_xlpm.el="External Wall", _xlpm.unit="U-value IP"), Raw_envelope!$F:$F, AND(_xlpm.el="Roof", _xlpm.unit="U-value IP"), Raw_envelope!$D:$D, AND(_xlpm.el="Windows", _xlpm.unit="U-value IP"), Raw_envelope!$H:$H, AND(_xlpm.el="Windows", _xlpm.unit="SHGC"), Raw_envelope!$I:$I, AND(_xlpm.el="Windows", _xlpm.unit="Visible Transmittance"), Raw_envelope!$J:$J, "" ), _xlpm.r, _xlfn.XMATCH(1,(_xlpm.rCZ=_xlpm.cz)*(_xlpm.rV=_xlpm.v),0), IFERROR(INDEX(_xlpm.col,_xlpm.r),"") )} -> 0.26140506 | K11: {=_xlfn.LET( _xlpm.cz, K$2, _xlpm.v, $F11, _xlpm.el, $A11, _xlpm.unit, $E11, _xlpm.rCZ, Raw_envelope!$A:$A, _xlpm.rV, Raw_envelope!$B:$B, _xlpm.col, _xlfn.SWITCH(TRUE, AND(_xlpm.el="External Wall", _xlpm.unit="U-value IP"), Raw_envelope!$F:$F, AND(_xlpm.el="Roof", _xlpm.unit="U-value IP"), Raw_envelope!$D:$D, AND(_xlpm.el="Windows", _xlpm.unit="U-value IP"), Raw_envelope!$H:$H, AND(_xlpm.el="Windows", _xlpm.unit="SHGC"), Raw_envelope!$I:$I, AND(_xlpm.el="Windows", _xlpm.unit="Visible Transmittance"), Raw_envelope!$J:$J, "" ), _xlpm.r, _xlfn.XMATCH(1,(_xlpm.rCZ=_xlpm.cz)*(_xlpm.rV=_xlpm.v),0), IFERROR(INDEX(_xlpm.col,_xlpm.r),"") )} -> 0.26004079 | L11: {=_xlfn.LET( _xlpm.cz, L$2, _xlpm.v, $F11, _xlpm.el, $A11, _xlpm.unit, $E11, _xlpm.rCZ, Raw_envelope!$A:$A, _xlpm.rV, Raw_envelope!$B:$B, _xlpm.col, _xlfn.SWITCH(TRUE, AND(_xlpm.el="External Wall", _xlpm.unit="U-value IP"), Raw_envelope!$F:$F, AND(_xlpm.el="Roof", _xlpm.unit="U-value IP"), Raw_envelope!$D:$D, AND(_xlpm.el="Windows", _xlpm.unit="U-value IP"), Raw_envelope!$H:$H, AND(_xlpm.el="Windows", _xlpm.unit="SHGC"), Raw_envelope!$I:$I, AND(_xlpm.el="Windows", _xlpm.unit="Visible Transmittance"), Raw_envelope!$J:$J, "" ), _xlpm.r, _xlfn.XMATCH(1,(_xlpm.rCZ=_xlpm.cz)*(_xlpm.rV=_xlpm.v),0), IFERROR(INDEX(_xlpm.col,_xlpm.r),"") )} -> 0.26230977 | M11: {=_xlfn.LET( _xlpm.cz, M$2, _xlpm.v, $F11, _xlpm.el, $A11, _xlpm.unit, $E11, _xlpm.rCZ, Raw_envelope!$A:$A, _xlpm.rV, Raw_envelope!$B:$B, _xlpm.col, _xlfn.SWITCH(TRUE, AND(_xlpm.el="External Wall", _xlpm.unit="U-value IP"), Raw_envelope!$F:$F, AND(_xlpm.el="Roof", _xlpm.unit="U-value IP"), Raw_envelope!$D:$D, AND(_xlpm.el="Windows", _xlpm.unit="U-value IP"), Raw_envelope!$H:$H, AND(_xlpm.el="Windows", _xlpm.unit="SHGC"), Raw_envelope!$I:$I, AND(_xlpm.el="Windows", _xlpm.unit="Visible Transmittance"), Raw_envelope!$J:$J, "" ), _xlpm.r, _xlfn.XMATCH(1,(_xlpm.rCZ=_xlpm.cz)*(_xlpm.rV=_xlpm.v),0), IFERROR(INDEX(_xlpm.col,_xlpm.r),"") )} -> 0.26223243 | N11: {=_xlfn.LET( _xlpm.cz, N$2, _xlpm.v, $F11, _xlpm.el, $A11, _xlpm.unit, $E11, _xlpm.rCZ, Raw_envelope!$A:$A, _xlpm.rV, Raw_envelope!$B:$B, _xlpm.col, _xlfn.SWITCH(TRUE, AND(_xlpm.el="External Wall", _xlpm.unit="U-value IP"), Raw_envelope!$F:$F, AND(_xlpm.el="Roof", _xlpm.unit="U-value IP"), Raw_envelope!$D:$D, AND(_xlpm.el="Windows", _xlpm.unit="U-value IP"), Raw_envelope!$H:$H, AND(_xlpm.el="Windows", _xlpm.unit="SHGC"), Raw_envelope!$I:$I, AND(_xlpm.el="Windows", _xlpm.unit="Visible Transmittance"), Raw_envelope!$J:$J, "" ), _xlpm.r, _xlfn.XMATCH(1,(_xlpm.rCZ=_xlpm.cz)*(_xlpm.rV=_xlpm.v),0), IFERROR(INDEX(_xlpm.col,_xlpm.r),"") )} -> 0.26196996 | O11: {=_xlfn.LET( _xlpm.cz, O$2, _xlpm.v, $F11, _xlpm.el, $A11, _xlpm.unit, $E11, _xlpm.rCZ, Raw_envelope!$A:$A, _xlpm.rV, Raw_envelope!$B:$B, _xlpm.col, _xlfn.SWITCH(TRUE, AND(_xlpm.el="External Wall", _xlpm.unit="U-value IP"), Raw_envelope!$F:$F, AND(_xlpm.el="Roof", _xlpm.unit="U-value IP"), Raw_envelope!$D:$D, AND(_xlpm.el="Windows", _xlpm.unit="U-value IP"), Raw_envelope!$H:$H, AND(_xlpm.el="Windows", _xlpm.unit="SHGC"), Raw_envelope!$I:$I, AND(_xlpm.el="Windows", _xlpm.unit="Visible Transmittance"), Raw_envelope!$J:$J, "" ), _xlpm.r, _xlfn.XMATCH(1,(_xlpm.rCZ=_xlpm.cz)*(_xlpm.rV=_xlpm.v),0), IFERROR(INDEX(_xlpm.col,_xlpm.r),"") )} -> 0.26575796 | P11: {=_xlfn.LET( _xlpm.cz, P$2, _xlpm.v, $F11, _xlpm.el, $A11, _xlpm.unit, $E11, _xlpm.rCZ, Raw_envelope!$A:$A, _xlpm.rV, Raw_envelope!$B:$B, _xlpm.col, _xlfn.SWITCH(TRUE, AND(_xlpm.el="External Wall", _xlpm.unit="U-value IP"), Raw_envelope!$F:$F, AND(_xlpm.el="Roof", _xlpm.unit="U-value IP"), Raw_envelope!$D:$D, AND(_xlpm.el="Windows", _xlpm.unit="U-value IP"), Raw_envelope!$H:$H, AND(_xlpm.el="Windows", _xlpm.unit="SHGC"), Raw_envelope!$I:$I, AND(_xlpm.el="Windows", _xlpm.unit="Visible Transmittance"), Raw_envelope!$J:$J, "" ), _xlpm.r, _xlfn.XMATCH(1,(_xlpm.rCZ=_xlpm.cz)*(_xlpm.rV=_xlpm.v),0), IFERROR(INDEX(_xlpm.col,_xlpm.r),"") )} -> 0.26213405 | ... X11: {=_xlfn.LET( _xlpm.cz, X$2, _xlpm.v, $F11, _xlpm.el, $A11, _xlpm.unit, $E11, _xlpm.rCZ, Raw_envelope!$A:$A, _xlpm.rV, Raw_envelope!$B:$B, _xlpm.col, _xlfn.SWITCH(TRUE, AND(_xlpm.el="External Wall", _xlpm.unit="U-value IP"), Raw_envelope!$F:$F, AND(_xlpm.el="Roof", _xlpm.unit="U-value IP"), Raw_envelope!$D:$D, AND(_xlpm.el="Windows", _xlpm.unit="U-value IP"), Raw_envelope!$H:$H, AND(_xlpm.el="Windows", _xlpm.unit="SHGC"), Raw_envelope!$I:$I, AND(_xlpm.el="Windows", _xlpm.unit="Visible Transmittance"), Raw_envelope!$J:$J, "" ), _xlpm.r, _xlfn.XMATCH(1,(_xlpm.rCZ=_xlpm.cz)*(_xlpm.rV=_xlpm.v),0), IFERROR(INDEX(_xlpm.col,_xlpm.r),"") )} -> 0.27139281
A12: Windows | B12: =Prototype!$A$2 -> Retail - Multistory Large | C12: - | D12: {=_xlfn.LET( _xlpm.v, $F12, _xlpm.el, $A12, _xlpm.rV, Raw_envelope!$B$2:$B$2000, _xlpm.col, _xlfn.SWITCH(_xlpm.el, "External Wall", Raw_envelope!$E$2:$E$2000, "Roof", Raw_envelope!$C$2:$C$2000, "Windows", Raw_envelope!$G$2:$G$2000, "" ), _xlpm.r, _xlfn.XMATCH(_xlpm.v, _xlpm.rV, 0), IFERROR(INDEX(_xlpm.col, _xlpm.r), "") )} -> Theoretical Glazing | E12: Visible Transmittance | F12: New Construction | G12: 2025 | I12: {=_xlfn.LET( _xlpm.cz, I$2, _xlpm.v, $F12, _xlpm.el, $A12, _xlpm.unit, $E12, _xlpm.rCZ, Raw_envelope!$A:$A, _xlpm.rV, Raw_envelope!$B:$B, _xlpm.col, _xlfn.SWITCH(TRUE, AND(_xlpm.el="External Wall", _xlpm.unit="U-value IP"), Raw_envelope!$F:$F, AND(_xlpm.el="Roof", _xlpm.unit="U-value IP"), Raw_envelope!$D:$D, AND(_xlpm.el="Windows", _xlpm.unit="U-value IP"), Raw_envelope!$H:$H, AND(_xlpm.el="Windows", _xlpm.unit="SHGC"), Raw_envelope!$I:$I, AND(_xlpm.el="Windows", _xlpm.unit="Visible Transmittance"), Raw_envelope!$J:$J, "" ), _xlpm.r, _xlfn.XMATCH(1,(_xlpm.rCZ=_xlpm.cz)*(_xlpm.rV=_xlpm.v),0), IFERROR(INDEX(_xlpm.col,_xlpm.r),"") )} -> 0.42 | J12: {=_xlfn.LET( _xlpm.cz, J$2, _xlpm.v, $F12, _xlpm.el, $A12, _xlpm.unit, $E12, _xlpm.rCZ, Raw_envelope!$A:$A, _xlpm.rV, Raw_envelope!$B:$B, _xlpm.col, _xlfn.SWITCH(TRUE, AND(_xlpm.el="External Wall", _xlpm.unit="U-value IP"), Raw_envelope!$F:$F, AND(_xlpm.el="Roof", _xlpm.unit="U-value IP"), Raw_envelope!$D:$D, AND(_xlpm.el="Windows", _xlpm.unit="U-value IP"), Raw_envelope!$H:$H, AND(_xlpm.el="Windows", _xlpm.unit="SHGC"), Raw_envelope!$I:$I, AND(_xlpm.el="Windows", _xlpm.unit="Visible Transmittance"), Raw_envelope!$J:$J, "" ), _xlpm.r, _xlfn.XMATCH(1,(_xlpm.rCZ=_xlpm.cz)*(_xlpm.rV=_xlpm.v),0), IFERROR(INDEX(_xlpm.col,_xlpm.r),"") )} -> 0.42 | K12: {=_xlfn.LET( _xlpm.cz, K$2, _xlpm.v, $F12, _xlpm.el, $A12, _xlpm.unit, $E12, _xlpm.rCZ, Raw_envelope!$A:$A, _xlpm.rV, Raw_envelope!$B:$B, _xlpm.col, _xlfn.SWITCH(TRUE, AND(_xlpm.el="External Wall", _xlpm.unit="U-value IP"), Raw_envelope!$F:$F, AND(_xlpm.el="Roof", _xlpm.unit="U-value IP"), Raw_envelope!$D:$D, AND(_xlpm.el="Windows", _xlpm.unit="U-value IP"), Raw_envelope!$H:$H, AND(_xlpm.el="Windows", _xlpm.unit="SHGC"), Raw_envelope!$I:$I, AND(_xlpm.el="Windows", _xlpm.unit="Visible Transmittance"), Raw_envelope!$J:$J, "" ), _xlpm.r, _xlfn.XMATCH(1,(_xlpm.rCZ=_xlpm.cz)*(_xlpm.rV=_xlpm.v),0), IFERROR(INDEX(_xlpm.col,_xlpm.r),"") )} -> 0.42 | L12: {=_xlfn.LET( _xlpm.cz, L$2, _xlpm.v, $F12, _xlpm.el, $A12, _xlpm.unit, $E12, _xlpm.rCZ, Raw_envelope!$A:$A, _xlpm.rV, Raw_envelope!$B:$B, _xlpm.col, _xlfn.SWITCH(TRUE, AND(_xlpm.el="External Wall", _xlpm.unit="U-value IP"), Raw_envelope!$F:$F, AND(_xlpm.el="Roof", _xlpm.unit="U-value IP"), Raw_envelope!$D:$D, AND(_xlpm.el="Windows", _xlpm.unit="U-value IP"), Raw_envelope!$H:$H, AND(_xlpm.el="Windows", _xlpm.unit="SHGC"), Raw_envelope!$I:$I, AND(_xlpm.el="Windows", _xlpm.unit="Visible Transmittance"), Raw_envelope!$J:$J, "" ), _xlpm.r, _xlfn.XMATCH(1,(_xlpm.rCZ=_xlpm.cz)*(_xlpm.rV=_xlpm.v),0), IFERROR(INDEX(_xlpm.col,_xlpm.r),"") )} -> 0.42 | M12: {=_xlfn.LET( _xlpm.cz, M$2, _xlpm.v, $F12, _xlpm.el, $A12, _xlpm.unit, $E12, _xlpm.rCZ, Raw_envelope!$A:$A, _xlpm.rV, Raw_envelope!$B:$B, _xlpm.col, _xlfn.SWITCH(TRUE, AND(_xlpm.el="External Wall", _xlpm.unit="U-value IP"), Raw_envelope!$F:$F, AND(_xlpm.el="Roof", _xlpm.unit="U-value IP"), Raw_envelope!$D:$D, AND(_xlpm.el="Windows", _xlpm.unit="U-value IP"), Raw_envelope!$H:$H, AND(_xlpm.el="Windows", _xlpm.unit="SHGC"), Raw_envelope!$I:$I, AND(_xlpm.el="Windows", _xlpm.unit="Visible Transmittance"), Raw_envelope!$J:$J, "" ), _xlpm.r, _xlfn.XMATCH(1,(_xlpm.rCZ=_xlpm.cz)*(_xlpm.rV=_xlpm.v),0), IFERROR(INDEX(_xlpm.col,_xlpm.r),"") )} -> 0.42 | N12: {=_xlfn.LET( _xlpm.cz, N$2, _xlpm.v, $F12, _xlpm.el, $A12, _xlpm.unit, $E12, _xlpm.rCZ, Raw_envelope!$A:$A, _xlpm.rV, Raw_envelope!$B:$B, _xlpm.col, _xlfn.SWITCH(TRUE, AND(_xlpm.el="External Wall", _xlpm.unit="U-value IP"), Raw_envelope!$F:$F, AND(_xlpm.el="Roof", _xlpm.unit="U-value IP"), Raw_envelope!$D:$D, AND(_xlpm.el="Windows", _xlpm.unit="U-value IP"), Raw_envelope!$H:$H, AND(_xlpm.el="Windows", _xlpm.unit="SHGC"), Raw_envelope!$I:$I, AND(_xlpm.el="Windows", _xlpm.unit="Visible Transmittance"), Raw_envelope!$J:$J, "" ), _xlpm.r, _xlfn.XMATCH(1,(_xlpm.rCZ=_xlpm.cz)*(_xlpm.rV=_xlpm.v),0), IFERROR(INDEX(_xlpm.col,_xlpm.r),"") )} -> 0.42 | O12: {=_xlfn.LET( _xlpm.cz, O$2, _xlpm.v, $F12, _xlpm.el, $A12, _xlpm.unit, $E12, _xlpm.rCZ, Raw_envelope!$A:$A, _xlpm.rV, Raw_envelope!$B:$B, _xlpm.col, _xlfn.SWITCH(TRUE, AND(_xlpm.el="External Wall", _xlpm.unit="U-value IP"), Raw_envelope!$F:$F, AND(_xlpm.el="Roof", _xlpm.unit="U-value IP"), Raw_envelope!$D:$D, AND(_xlpm.el="Windows", _xlpm.unit="U-value IP"), Raw_envelope!$H:$H, AND(_xlpm.el="Windows", _xlpm.unit="SHGC"), Raw_envelope!$I:$I, AND(_xlpm.el="Windows", _xlpm.unit="Visible Transmittance"), Raw_envelope!$J:$J, "" ), _xlpm.r, _xlfn.XMATCH(1,(_xlpm.rCZ=_xlpm.cz)*(_xlpm.rV=_xlpm.v),0), IFERROR(INDEX(_xlpm.col,_xlpm.r),"") )} -> 0.42 | P12: {=_xlfn.LET( _xlpm.cz, P$2, _xlpm.v, $F12, _xlpm.el, $A12, _xlpm.unit, $E12, _xlpm.rCZ, Raw_envelope!$A:$A, _xlpm.rV, Raw_envelope!$B:$B, _xlpm.col, _xlfn.SWITCH(TRUE, AND(_xlpm.el="External Wall", _xlpm.unit="U-value IP"), Raw_envelope!$F:$F, AND(_xlpm.el="Roof", _xlpm.unit="U-value IP"), Raw_envelope!$D:$D, AND(_xlpm.el="Windows", _xlpm.unit="U-value IP"), Raw_envelope!$H:$H, AND(_xlpm.el="Windows", _xlpm.unit="SHGC"), Raw_envelope!$I:$I, AND(_xlpm.el="Windows", _xlpm.unit="Visible Transmittance"), Raw_envelope!$J:$J, "" ), _xlpm.r, _xlfn.XMATCH(1,(_xlpm.rCZ=_xlpm.cz)*(_xlpm.rV=_xlpm.v),0), IFERROR(INDEX(_xlpm.col,_xlpm.r),"") )} -> 0.42 | ... X12: {=_xlfn.LET( _xlpm.cz, X$2, _xlpm.v, $F12, _xlpm.el, $A12, _xlpm.unit, $E12, _xlpm.rCZ, Raw_envelope!$A:$A, _xlpm.rV, Raw_envelope!$B:$B, _xlpm.col, _xlfn.SWITCH(TRUE, AND(_xlpm.el="External Wall", _xlpm.unit="U-value IP"), Raw_envelope!$F:$F, AND(_xlpm.el="Roof", _xlpm.unit="U-value IP"), Raw_envelope!$D:$D, AND(_xlpm.el="Windows", _xlpm.unit="U-value IP"), Raw_envelope!$H:$H, AND(_xlpm.el="Windows", _xlpm.unit="SHGC"), Raw_envelope!$I:$I, AND(_xlpm.el="Windows", _xlpm.unit="Visible Transmittance"), Raw_envelope!$J:$J, "" ), _xlpm.r, _xlfn.XMATCH(1,(_xlpm.rCZ=_xlpm.cz)*(_xlpm.rV=_xlpm.v),0), IFERROR(INDEX(_xlpm.col,_xlpm.r),"") )} -> 0.42
E14: ="Infiltration - "&Prototype!A2 -> Infiltration - Retail - Multistory Large
E15: Element | F15: Unit | G15: Vintage | H15: Note | I15: CZ01 | J15: CZ02 | K15: CZ03 | L15: CZ04 | M15: CZ05 | N15: CZ06 | O15: CZ07 | P15: CZ08 | Q15: CZ09 | R15: CZ10 | S15: CZ11 | T15: CZ12 | U15: CZ13 | V15: CZ14 | W15: CZ15 | X15: CZ16
E16: Infiltration Rate | F16: CFM/ft2 | G16: Existing | H16: Infiltration rate is flow rate per exterior surface area at 10 mph wind speed, modeled proportionally to wind speed. | I16: =IFERROR( INDEX(Raw_infiltrationcfmft!$B$2:$Q$3, MATCH($G16,Raw_infiltrationcfmft!$A$2:$A$3,0), MATCH(I$15,Raw_infiltrationcfmft!$B$1:$Q$1,0) ), "") -> 0.044801 | J16: =IFERROR( INDEX(Raw_infiltrationcfmft!$B$2:$Q$3, MATCH($G16,Raw_infiltrationcfmft!$A$2:$A$3,0), MATCH(J$15,Raw_infiltrationcfmft!$B$1:$Q$1,0) ), "") -> 0.044801 | K16: =IFERROR( INDEX(Raw_infiltrationcfmft!$B$2:$Q$3, MATCH($G16,Raw_infiltrationcfmft!$A$2:$A$3,0), MATCH(K$15,Raw_infiltrationcfmft!$B$1:$Q$1,0) ), "") -> 0.044801 | L16: =IFERROR( INDEX(Raw_infiltrationcfmft!$B$2:$Q$3, MATCH($G16,Raw_infiltrationcfmft!$A$2:$A$3,0), MATCH(L$15,Raw_infiltrationcfmft!$B$1:$Q$1,0) ), "") -> 0.044801 | M16: =IFERROR( INDEX(Raw_infiltrationcfmft!$B$2:$Q$3, MATCH($G16,Raw_infiltrationcfmft!$A$2:$A$3,0), MATCH(M$15,Raw_infiltrationcfmft!$B$1:$Q$1,0) ), "") -> 0.044801 | N16: =IFERROR( INDEX(Raw_infiltrationcfmft!$B$2:$Q$3, MATCH($G16,Raw_infiltrationcfmft!$A$2:$A$3,0), MATCH(N$15,Raw_infiltrationcfmft!$B$1:$Q$1,0) ), "") -> 0.044801 | O16: =IFERROR( INDEX(Raw_infiltrationcfmft!$B$2:$Q$3, MATCH($G16,Raw_infiltrationcfmft!$A$2:$A$3,0), MATCH(O$15,Raw_infiltrationcfmft!$B$1:$Q$1,0) ), "") -> 0.044801 | P16: =IFERROR( INDEX(Raw_infiltrationcfmft!$B$2:$Q$3, MATCH($G16,Raw_infiltrationcfmft!$A$2:$A$3,0), MATCH(P$15,Raw_infiltrationcfmft!$B$1:$Q$1,0) ), "") -> 0.044801 | ... X16: =IFERROR( INDEX(Raw_infiltrationcfmft!$B$2:$Q$3, MATCH($G16,Raw_infiltrationcfmft!$A$2:$A$3,0), MATCH(X$15,Raw_infiltrationcfmft!$B$1:$Q$1,0) ), "") -> 0.044801
G17: New Construction | I17: =IFERROR( INDEX(Raw_infiltrationcfmft!$B$2:$Q$3, MATCH($G17,Raw_infiltrationcfmft!$A$2:$A$3,0), MATCH(I$15,Raw_infiltrationcfmft!$B$1:$Q$1,0) ), "") -> 0.044801 | J17: =IFERROR( INDEX(Raw_infiltrationcfmft!$B$2:$Q$3, MATCH($G17,Raw_infiltrationcfmft!$A$2:$A$3,0), MATCH(J$15,Raw_infiltrationcfmft!$B$1:$Q$1,0) ), "") -> 0.044801 | K17: =IFERROR( INDEX(Raw_infiltrationcfmft!$B$2:$Q$3, MATCH($G17,Raw_infiltrationcfmft!$A$2:$A$3,0), MATCH(K$15,Raw_infiltrationcfmft!$B$1:$Q$1,0) ), "") -> 0.044801 | L17: =IFERROR( INDEX(Raw_infiltrationcfmft!$B$2:$Q$3, MATCH($G17,Raw_infiltrationcfmft!$A$2:$A$3,0), MATCH(L$15,Raw_infiltrationcfmft!$B$1:$Q$1,0) ), "") -> 0.044801 | M17: =IFERROR( INDEX(Raw_infiltrationcfmft!$B$2:$Q$3, MATCH($G17,Raw_infiltrationcfmft!$A$2:$A$3,0), MATCH(M$15,Raw_infiltrationcfmft!$B$1:$Q$1,0) ), "") -> 0.044801 | N17: =IFERROR( INDEX(Raw_infiltrationcfmft!$B$2:$Q$3, MATCH($G17,Raw_infiltrationcfmft!$A$2:$A$3,0), MATCH(N$15,Raw_infiltrationcfmft!$B$1:$Q$1,0) ), "") -> 0.044801 | O17: =IFERROR( INDEX(Raw_infiltrationcfmft!$B$2:$Q$3, MATCH($G17,Raw_infiltrationcfmft!$A$2:$A$3,0), MATCH(O$15,Raw_infiltrationcfmft!$B$1:$Q$1,0) ), "") -> 0.044801 | P17: =IFERROR( INDEX(Raw_infiltrationcfmft!$B$2:$Q$3, MATCH($G17,Raw_infiltrationcfmft!$A$2:$A$3,0), MATCH(P$15,Raw_infiltrationcfmft!$B$1:$Q$1,0) ), "") -> 0.044801 | ... X17: =IFERROR( INDEX(Raw_infiltrationcfmft!$B$2:$Q$3, MATCH($G17,Raw_infiltrationcfmft!$A$2:$A$3,0), MATCH(X$15,Raw_infiltrationcfmft!$B$1:$Q$1,0) ), "") -> 0.044801

Sheet Raw_envelope
A1: Climate Zone | B1: Vintage | C1: Exterior Roof Layers | D1: Roof U-Value [Btu/h-ft2-F] | E1: Exterior Wall Layers | F1: Wall U-Value [Btu/h-ft2-F] | G1: Exterior Window Layers | H1: Window U-Value [Btu/h-ft2-F] | I1: Window SHGC | J1: Window VT
A2: CZ01 | B2: Existing | C2: Roof Membrane+Roof Continuous Insulation+Metal Decking | D2: 0.062 | E2: Stucco+Wall Continuous Insulation+Gypsum 5/8in | F2: 0.393 | G2: Theoretical Glazing | H2: 1.024 | I2: 0.70708483 | J2: 0.26088929
A3: CZ02 | B3: Existing | C3: Roof Membrane+Roof Continuous Insulation+Metal Decking | D3: 0.061 | E3: Stucco+Wall Continuous Insulation+Gypsum 5/8in | F3: 0.609 | G3: Theoretical Glazing | H3: 1.078 | I3: 0.70715225 | J3: 0.26140506
A4: CZ03 | B4: Existing | C4: Roof Membrane+Roof Continuous Insulation+Metal Decking | D4: 0.062 | E4: Stucco+Wall Continuous Insulation+Gypsum 5/8in | F4: 0.577 | G4: Theoretical Glazing | H4: 1.131 | I4: 0.73752556 | J4: 0.26004079
A5: CZ04 | B5: Existing | C5: Roof Membrane+Roof Continuous Insulation+Metal Decking | D5: 0.061 | E5: Stucco+Wall Continuous Insulation+Gypsum 5/8in | F5: 0.629 | G5: Theoretical Glazing | H5: 1.108 | I5: 0.71836069 | J5: 0.26230977
A6: CZ05 | B6: Existing | C6: Roof Membrane+Roof Continuous Insulation+Metal Decking | D6: 0.061 | E6: Stucco+Wall Continuous Insulation+Gypsum 5/8in | F6: 0.615 | G6: Theoretical Glazing | H6: 1.109 | I6: 0.7530801 | J6: 0.26223243
A7: CZ06 | B7: Existing | C7: Roof Membrane+Roof Continuous Insulation+Metal Decking | D7: 0.065 | E7: Stucco+Wall Continuous Insulation+Gypsum 5/8in | F7: 0.623 | G7: Theoretical Glazing | H7: 1.115 | I7: 0.72539574 | J7: 0.26196996
A8: CZ07 | B8: Existing | C8: Roof Membrane+Roof Continuous Insulation+Metal Decking | D8: 0.065 | E8: Stucco+Wall Continuous Insulation+Gypsum 5/8in | F8: 0.73 | G8: Theoretical Glazing | H8: 1.075 | I8: 0.72672544 | J8: 0.26575796
A9: CZ08 | B9: Existing | C9: Roof Membrane+Roof Continuous Insulation+Metal Decking | D9: 0.065 | E9: Stucco+Wall Continuous Insulation+Gypsum 5/8in | F9: 0.626 | G9: Theoretical Glazing | H9: 1.114 | I9: 0.72409806 | J9: 0.26213405
A10: CZ09 | B10: Existing | C10: Roof Membrane+Roof Continuous Insulation+Metal Decking | D10: 0.065 | E10: Stucco+Wall Continuous Insulation+Gypsum 5/8in | F10: 0.621 | G10: Theoretical Glazing | H10: 1.112 | I10: 0.72365121 | J10: 0.26228248
A11: CZ10 | B11: Existing | C11: Roof Membrane+Roof Continuous Insulation+Metal Decking | D11: 0.062 | E11: Stucco+Wall Continuous Insulation+Gypsum 5/8in | F11: 0.884 | G11: Theoretical Glazing | H11: 0.875 | I11: 0.57339518 | J11: 0.27815732
A12: CZ11 | B12: Existing | C12: Roof Membrane+Roof Continuous Insulation+Metal Decking | D12: 0.061 | E12: Stucco+Wall Continuous Insulation+Gypsum 5/8in | F12: 0.497 | G12: Theoretical Glazing | H12: 0.942 | I12: 0.64366408 | J12: 0.26664527
A13: CZ12 | B13: Existing | C13: Roof Membrane+Roof Continuous Insulation+Metal Decking | D13: 0.061 | E13: Stucco+Wall Continuous Insulation+Gypsum 5/8in | F13: 0.533 | G13: Theoretical Glazing | H13: 0.94 | I13: 0.64394269 | J13: 0.26607416
... A33: CZ16 | B33: New Construction | C33: Roof Membrane+Roof Continuous Insulation+Metal Decking | D33: 0.039 | E33: Stucco+Wall Continuous Insulation+Gypsum 5/8in | F33: 0.176 | G33: Theoretical Glazing | H33: 0.36 | I33: 0.25 | J33: 0.42

Sheet Raw_infiltrationcfmft
A1: Vintage | B1: CZ01 | C1: CZ02 | D1: CZ03 | E1: CZ04 | F1: CZ05 | G1: CZ06 | H1: CZ07 | I1: CZ08 | J1: CZ09 | K1: CZ10 | L1: CZ11 | M1: CZ12 | N1: CZ13 | O1: CZ14 | P1: CZ15 | Q1: CZ16
A2: Existing | B2: 0.044801 | C2: 0.044801 | D2: 0.044801 | E2: 0.044801 | F2: 0.044801 | G2: 0.044801 | H2: 0.044801 | I2: 0.044801 | J2: 0.044801 | K2: 0.044801 | L2: 0.044801 | M2: 0.044801 | N2: 0.044801 | O2: 0.044801 | P2: 0.044801 | Q2: 0.044801
A3: New Construction | B3: 0.044801 | C3: 0.044801 | D3: 0.044801 | E3: 0.044801 | F3: 0.044801 | G3: 0.044801 | H3: 0.044801 | I3: 0.044801 | J3: 0.044801 | K3: 0.044801 | L3: 0.044801 | M3: 0.044801 | N3: 0.044801 | O3: 0.044801 | P3: 0.044801 | Q3: 0.044801

Sheet Thermostat
A1: ="Thermostat Setpoints - "&Prototype!A2 -> Thermostat Setpoints - Retail - Multistory Large | Z1: Zone Type
A2: Schedule Identifier | B2: Setpoint | C2: CZ01 | D2: CZ02 | E2: CZ03 | F2: CZ04 | G2: CZ05 | H2: CZ06 | I2: CZ07 | J2: CZ08 | K2: CZ09 | L2: CZ10 | M2: CZ11 | N2: CZ12 | O2: CZ13 | P2: CZ14 | Q2: CZ15 | R2: CZ16 | S2: Notes | Z2: {=_xlfn._xlws.SORT(_xlfn.UNIQUE(_xlfn._xlws.FILTER(Raw_thermostatsetpoints!B2:B5000, Raw_thermostatsetpoints!B2:B5000<>0)))} -> Retail
A3: {=IFERROR(INDEX($Z:$Z, 2+INT((ROW()-3)/4)), "")} -> Retail | B3: Heating Setpoint (F) | C3: {=IF($A3="","", _xlfn.LET( _xlpm.upZT, IFERROR(LOOKUP(2,1/($A$3:$A3<>""),$A$3:$A3),""), _xlpm.dnZT, IFERROR(INDEX($A3:$A$8, MATCH(TRUE, $A3:$A$8<>"", 0)),""), _xlpm.zt, TRIM(CLEAN(IF(_xlpm.upZT<>"", _xlpm.upZT, _xlpm.dnZT))), _xlpm.sp, TRIM(CLEAN($B3)), _xlpm.cz, TRIM(CLEAN(C$2)), _xlpm.rCZ, TRIM(CLEAN(Raw_thermostatsetpoints!$A$2:$A$5000)), _xlpm.rZT, TRIM(CLEAN(Raw_thermostatsetpoints!$B$2:$B$5000)), _xlpm.col, _xlfn.SWITCH(_xlpm.sp, "Heating Setpoint (F)", Raw_thermostatsetpoints!$C$2:$C$5000, "Heating Setback (F)", Raw_thermostatsetpoints!$D$2:$D$5000, "Cooling Setpoint (F)", Raw_thermostatsetpoints!$E$2:$E$5000, "Cooling Setback (F)", Raw_thermostatsetpoints!$F$2:$F$5000, "" ), _xlpm.r, IFERROR(_xlfn.XMATCH(1,(_xlpm.rCZ=_xlpm.cz)*(_xlpm.rZT=_xlpm.zt),0),0), IF(_xlpm.r=0,"-",ROUND(INDEX(_xlpm.col,_xlpm.r),1)) ) )} -> 70 | D3: {=IF($A3="","", _xlfn.LET( _xlpm.upZT, IFERROR(LOOKUP(2,1/($A$3:$A3<>""),$A$3:$A3),""), _xlpm.dnZT, IFERROR(INDEX($A3:$A$8, MATCH(TRUE, $A3:$A$8<>"", 0)),""), _xlpm.zt, TRIM(CLEAN(IF(_xlpm.upZT<>"", _xlpm.upZT, _xlpm.dnZT))), _xlpm.sp, TRIM(CLEAN($B3)), _xlpm.cz, TRIM(CLEAN(D$2)), _xlpm.rCZ, TRIM(CLEAN(Raw_thermostatsetpoints!$A$2:$A$5000)), _xlpm.rZT, TRIM(CLEAN(Raw_thermostatsetpoints!$B$2:$B$5000)), _xlpm.col, _xlfn.SWITCH(_xlpm.sp, "Heating Setpoint (F)", Raw_thermostatsetpoints!$C$2:$C$5000, "Heating Setback (F)", Raw_thermostatsetpoints!$D$2:$D$5000, "Cooling Setpoint (F)", Raw_thermostatsetpoints!$E$2:$E$5000, "Cooling Setback (F)", Raw_thermostatsetpoints!$F$2:$F$5000, "" ), _xlpm.r, IFERROR(_xlfn.XMATCH(1,(_xlpm.rCZ=_xlpm.cz)*(_xlpm.rZT=_xlpm.zt),0),0), IF(_xlpm.r=0,"-",ROUND(INDEX(_xlpm.col,_xlpm.r),1)) ) )} -> 70 | E3: {=IF($A3="","", _xlfn.LET( _xlpm.upZT, IFERROR(LOOKUP(2,1/($A$3:$A3<>""),$A$3:$A3),""), _xlpm.dnZT, IFERROR(INDEX($A3:$A$8, MATCH(TRUE, $A3:$A$8<>"", 0)),""), _xlpm.zt, TRIM(CLEAN(IF(_xlpm.upZT<>"", _xlpm.upZT, _xlpm.dnZT))), _xlpm.sp, TRIM(CLEAN($B3)), _xlpm.cz, TRIM(CLEAN(E$2)), _xlpm.rCZ, TRIM(CLEAN(Raw_thermostatsetpoints!$A$2:$A$5000)), _xlpm.rZT, TRIM(CLEAN(Raw_thermostatsetpoints!$B$2:$B$5000)), _xlpm.col, _xlfn.SWITCH(_xlpm.sp, "Heating Setpoint (F)", Raw_thermostatsetpoints!$C$2:$C$5000, "Heating Setback (F)", Raw_thermostatsetpoints!$D$2:$D$5000, "Cooling Setpoint (F)", Raw_thermostatsetpoints!$E$2:$E$5000, "Cooling Setback (F)", Raw_thermostatsetpoints!$F$2:$F$5000, "" ), _xlpm.r, IFERROR(_xlfn.XMATCH(1,(_xlpm.rCZ=_xlpm.cz)*(_xlpm.rZT=_xlpm.zt),0),0), IF(_xlpm.r=0,"-",ROUND(INDEX(_xlpm.col,_xlpm.r),1)) ) )} -> 70 | F3: {=IF($A3="","", _xlfn.LET( _xlpm.upZT, IFERROR(LOOKUP(2,1/($A$3:$A3<>""),$A$3:$A3),""), _xlpm.dnZT, IFERROR(INDEX($A3:$A$8, MATCH(TRUE, $A3:$A$8<>"", 0)),""), _xlpm.zt, TRIM(CLEAN(IF(_xlpm.upZT<>"", _xlpm.upZT, _xlpm.dnZT))), _xlpm.sp, TRIM(CLEAN($B3)), _xlpm.cz, TRIM(CLEAN(F$2)), _xlpm.rCZ, TRIM(CLEAN(Raw_thermostatsetpoints!$A$2:$A$5000)), _xlpm.rZT, TRIM(CLEAN(Raw_thermostatsetpoints!$B$2:$B$5000)), _xlpm.col, _xlfn.SWITCH(_xlpm.sp, "Heating Setpoint (F)", Raw_thermostatsetpoints!$C$2:$C$5000, "Heating Setback (F)", Raw_thermostatsetpoints!$D$2:$D$5000, "Cooling Setpoint (F)", Raw_thermostatsetpoints!$E$2:$E$5000, "Cooling Setback (F)", Raw_thermostatsetpoints!$F$2:$F$5000, "" ), _xlpm.r, IFERROR(_xlfn.XMATCH(1,(_xlpm.rCZ=_xlpm.cz)*(_xlpm.rZT=_xlpm.zt),0),0), IF(_xlpm.r=0,"-",ROUND(INDEX(_xlpm.col,_xlpm.r),1)) ) )} -> 70 | G3: {=IF($A3="","", _xlfn.LET( _xlpm.upZT, IFERROR(LOOKUP(2,1/($A$3:$A3<>""),$A$3:$A3),""), _xlpm.dnZT, IFERROR(INDEX($A3:$A$8, MATCH(TRUE, $A3:$A$8<>"", 0)),""), _xlpm.zt, TRIM(CLEAN(IF(_xlpm.upZT<>"", _xlpm.upZT, _xlpm.dnZT))), _xlpm.sp, TRIM(CLEAN($B3)), _xlpm.cz, TRIM(CLEAN(G$2)), _xlpm.rCZ, TRIM(CLEAN(Raw_thermostatsetpoints!$A$2:$A$5000)), _xlpm.rZT, TRIM(CLEAN(Raw_thermostatsetpoints!$B$2:$B$5000)), _xlpm.col, _xlfn.SWITCH(_xlpm.sp, "Heating Setpoint (F)", Raw_thermostatsetpoints!$C$2:$C$5000, "Heating Setback (F)", Raw_thermostatsetpoints!$D$2:$D$5000, "Cooling Setpoint (F)", Raw_thermostatsetpoints!$E$2:$E$5000, "Cooling Setback (F)", Raw_thermostatsetpoints!$F$2:$F$5000, "" ), _xlpm.r, IFERROR(_xlfn.XMATCH(1,(_xlpm.rCZ=_xlpm.cz)*(_xlpm.rZT=_xlpm.zt),0),0), IF(_xlpm.r=0,"-",ROUND(INDEX(_xlpm.col,_xlpm.r),1)) ) )} -> 70 | H3: {=IF($A3="","", _xlfn.LET( _xlpm.upZT, IFERROR(LOOKUP(2,1/($A$3:$A3<>""),$A$3:$A3),""), _xlpm.dnZT, IFERROR(INDEX($A3:$A$8, MATCH(TRUE, $A3:$A$8<>"", 0)),""), _xlpm.zt, TRIM(CLEAN(IF(_xlpm.upZT<>"", _xlpm.upZT, _xlpm.dnZT))), _xlpm.sp, TRIM(CLEAN($B3)), _xlpm.cz, TRIM(CLEAN(H$2)), _xlpm.rCZ, TRIM(CLEAN(Raw_thermostatsetpoints!$A$2:$A$5000)), _xlpm.rZT, TRIM(CLEAN(Raw_thermostatsetpoints!$B$2:$B$5000)), _xlpm.col, _xlfn.SWITCH(_xlpm.sp, "Heating Setpoint (F)", Raw_thermostatsetpoints!$C$2:$C$5000, "Heating Setback (F)", Raw_thermostatsetpoints!$D$2:$D$5000, "Cooling Setpoint (F)", Raw_thermostatsetpoints!$E$2:$E$5000, "Cooling Setback (F)", Raw_thermostatsetpoints!$F$2:$F$5000, "" ), _xlpm.r, IFERROR(_xlfn.XMATCH(1,(_xlpm.rCZ=_xlpm.cz)*(_xlpm.rZT=_xlpm.zt),0),0), IF(_xlpm.r=0,"-",ROUND(INDEX(_xlpm.col,_xlpm.r),1)) ) )} -> 70 | I3: {=IF($A3="","", _xlfn.LET( _xlpm.upZT, IFERROR(LOOKUP(2,1/($A$3:$A3<>""),$A$3:$A3),""), _xlpm.dnZT, IFERROR(INDEX($A3:$A$8, MATCH(TRUE, $A3:$A$8<>"", 0)),""), _xlpm.zt, TRIM(CLEAN(IF(_xlpm.upZT<>"", _xlpm.upZT, _xlpm.dnZT))), _xlpm.sp, TRIM(CLEAN($B3)), _xlpm.cz, TRIM(CLEAN(I$2)), _xlpm.rCZ, TRIM(CLEAN(Raw_thermostatsetpoints!$A$2:$A$5000)), _xlpm.rZT, TRIM(CLEAN(Raw_thermostatsetpoints!$B$2:$B$5000)), _xlpm.col, _xlfn.SWITCH(_xlpm.sp, "Heating Setpoint (F)", Raw_thermostatsetpoints!$C$2:$C$5000, "Heating Setback (F)", Raw_thermostatsetpoints!$D$2:$D$5000, "Cooling Setpoint (F)", Raw_thermostatsetpoints!$E$2:$E$5000, "Cooling Setback (F)", Raw_thermostatsetpoints!$F$2:$F$5000, "" ), _xlpm.r, IFERROR(_xlfn.XMATCH(1,(_xlpm.rCZ=_xlpm.cz)*(_xlpm.rZT=_xlpm.zt),0),0), IF(_xlpm.r=0,"-",ROUND(INDEX(_xlpm.col,_xlpm.r),1)) ) )} -> 70 | J3: {=IF($A3="","", _xlfn.LET( _xlpm.upZT, IFERROR(LOOKUP(2,1/($A$3:$A3<>""),$A$3:$A3),""), _xlpm.dnZT, IFERROR(INDEX($A3:$A$8, MATCH(TRUE, $A3:$A$8<>"", 0)),""), _xlpm.zt, TRIM(CLEAN(IF(_xlpm.upZT<>"", _xlpm.upZT, _xlpm.dnZT))), _xlpm.sp, TRIM(CLEAN($B3)), _xlpm.cz, TRIM(CLEAN(J$2)), _xlpm.rCZ, TRIM(CLEAN(Raw_thermostatsetpoints!$A$2:$A$5000)), _xlpm.rZT, TRIM(CLEAN(Raw_thermostatsetpoints!$B$2:$B$5000)), _xlpm.col, _xlfn.SWITCH(_xlpm.sp, "Heating Setpoint (F)", Raw_thermostatsetpoints!$C$2:$C$5000, "Heating Setback (F)", Raw_thermostatsetpoints!$D$2:$D$5000, "Cooling Setpoint (F)", Raw_thermostatsetpoints!$E$2:$E$5000, "Cooling Setback (F)", Raw_thermostatsetpoints!$F$2:$F$5000, "" ), _xlpm.r, IFERROR(_xlfn.XMATCH(1,(_xlpm.rCZ=_xlpm.cz)*(_xlpm.rZT=_xlpm.zt),0),0), IF(_xlpm.r=0,"-",ROUND(INDEX(_xlpm.col,_xlpm.r),1)) ) )} -> 70 | ... R3: {=IF($A3="","", _xlfn.LET( _xlpm.upZT, IFERROR(LOOKUP(2,1/($A$3:$A3<>""),$A$3:$A3),""), _xlpm.dnZT, IFERROR(INDEX($A3:$A$8, MATCH(TRUE, $A3:$A$8<>"", 0)),""), _xlpm.zt, TRIM(CLEAN(IF(_xlpm.upZT<>"", _xlpm.upZT, _xlpm.dnZT))), _xlpm.sp, TRIM(CLEAN($B3)), _xlpm.cz, TRIM(CLEAN(R$2)), _xlpm.rCZ, TRIM(CLEAN(Raw_thermostatsetpoints!$A$2:$A$5000)), _xlpm.rZT, TRIM(CLEAN(Raw_thermostatsetpoints!$B$2:$B$5000)), _xlpm.col, _xlfn.SWITCH(_xlpm.sp, "Heating Setpoint (F)", Raw_thermostatsetpoints!$C$2:$C$5000, "Heating Setback (F)", Raw_thermostatsetpoints!$D$2:$D$5000, "Cooling Setpoint (F)", Raw_thermostatsetpoints!$E$2:$E$5000, "Cooling Setback (F)", Raw_thermostatsetpoints!$F$2:$F$5000, "" ), _xlpm.r, IFERROR(_xlfn.XMATCH(1,(_xlpm.rCZ=_xlpm.cz)*(_xlpm.rZT=_xlpm.zt),0),0), IF(_xlpm.r=0,"-",ROUND(INDEX(_xlpm.col,_xlpm.r),1)) ) )} -> 70
A4: {=IFERROR(INDEX($Z:$Z, 2+INT((ROW()-3)/4)), "")} -> Retail | B4: Heating Setback (F) | C4: {=IF($A4="","", _xlfn.LET( _xlpm.upZT, IFERROR(LOOKUP(2,1/($A$3:$A4<>""),$A$3:$A4),""), _xlpm.dnZT, IFERROR(INDEX($A4:$A$8, MATCH(TRUE, $A4:$A$8<>"", 0)),""), _xlpm.zt, TRIM(CLEAN(IF(_xlpm.upZT<>"", _xlpm.upZT, _xlpm.dnZT))), _xlpm.sp, TRIM(CLEAN($B4)), _xlpm.cz, TRIM(CLEAN(C$2)), _xlpm.rCZ, TRIM(CLEAN(Raw_thermostatsetpoints!$A$2:$A$5000)), _xlpm.rZT, TRIM(CLEAN(Raw_thermostatsetpoints!$B$2:$B$5000)), _xlpm.col, _xlfn.SWITCH(_xlpm.sp, "Heating Setpoint (F)", Raw_thermostatsetpoints!$C$2:$C$5000, "Heating Setback (F)", Raw_thermostatsetpoints!$D$2:$D$5000, "Cooling Setpoint (F)", Raw_thermostatsetpoints!$E$2:$E$5000, "Cooling Setback (F)", Raw_thermostatsetpoints!$F$2:$F$5000, "" ), _xlpm.r, IFERROR(_xlfn.XMATCH(1,(_xlpm.rCZ=_xlpm.cz)*(_xlpm.rZT=_xlpm.zt),0),0), IF(_xlpm.r=0,"-",ROUND(INDEX(_xlpm.col,_xlpm.r),1)) ) )} -> 60 | D4: {=IF($A4="","", _xlfn.LET( _xlpm.upZT, IFERROR(LOOKUP(2,1/($A$3:$A4<>""),$A$3:$A4),""), _xlpm.dnZT, IFERROR(INDEX($A4:$A$8, MATCH(TRUE, $A4:$A$8<>"", 0)),""), _xlpm.zt, TRIM(CLEAN(IF(_xlpm.upZT<>"", _xlpm.upZT, _xlpm.dnZT))), _xlpm.sp, TRIM(CLEAN($B4)), _xlpm.cz, TRIM(CLEAN(D$2)), _xlpm.rCZ, TRIM(CLEAN(Raw_thermostatsetpoints!$A$2:$A$5000)), _xlpm.rZT, TRIM(CLEAN(Raw_thermostatsetpoints!$B$2:$B$5000)), _xlpm.col, _xlfn.SWITCH(_xlpm.sp, "Heating Setpoint (F)", Raw_thermostatsetpoints!$C$2:$C$5000, "Heating Setback (F)", Raw_thermostatsetpoints!$D$2:$D$5000, "Cooling Setpoint (F)", Raw_thermostatsetpoints!$E$2:$E$5000, "Cooling Setback (F)", Raw_thermostatsetpoints!$F$2:$F$5000, "" ), _xlpm.r, IFERROR(_xlfn.XMATCH(1,(_xlpm.rCZ=_xlpm.cz)*(_xlpm.rZT=_xlpm.zt),0),0), IF(_xlpm.r=0,"-",ROUND(INDEX(_xlpm.col,_xlpm.r),1)) ) )} -> 60 | E4: {=IF($A4="","", _xlfn.LET( _xlpm.upZT, IFERROR(LOOKUP(2,1/($A$3:$A4<>""),$A$3:$A4),""), _xlpm.dnZT, IFERROR(INDEX($A4:$A$8, MATCH(TRUE, $A4:$A$8<>"", 0)),""), _xlpm.zt, TRIM(CLEAN(IF(_xlpm.upZT<>"", _xlpm.upZT, _xlpm.dnZT))), _xlpm.sp, TRIM(CLEAN($B4)), _xlpm.cz, TRIM(CLEAN(E$2)), _xlpm.rCZ, TRIM(CLEAN(Raw_thermostatsetpoints!$A$2:$A$5000)), _xlpm.rZT, TRIM(CLEAN(Raw_thermostatsetpoints!$B$2:$B$5000)), _xlpm.col, _xlfn.SWITCH(_xlpm.sp, "Heating Setpoint (F)", Raw_thermostatsetpoints!$C$2:$C$5000, "Heating Setback (F)", Raw_thermostatsetpoints!$D$2:$D$5000, "Cooling Setpoint (F)", Raw_thermostatsetpoints!$E$2:$E$5000, "Cooling Setback (F)", Raw_thermostatsetpoints!$F$2:$F$5000, "" ), _xlpm.r, IFERROR(_xlfn.XMATCH(1,(_xlpm.rCZ=_xlpm.cz)*(_xlpm.rZT=_xlpm.zt),0),0), IF(_xlpm.r=0,"-",ROUND(INDEX(_xlpm.col,_xlpm.r),1)) ) )} -> 60 | F4: {=IF($A4="","", _xlfn.LET( _xlpm.upZT, IFERROR(LOOKUP(2,1/($A$3:$A4<>""),$A$3:$A4),""), _xlpm.dnZT, IFERROR(INDEX($A4:$A$8, MATCH(TRUE, $A4:$A$8<>"", 0)),""), _xlpm.zt, TRIM(CLEAN(IF(_xlpm.upZT<>"", _xlpm.upZT, _xlpm.dnZT))), _xlpm.sp, TRIM(CLEAN($B4)), _xlpm.cz, TRIM(CLEAN(F$2)), _xlpm.rCZ, TRIM(CLEAN(Raw_thermostatsetpoints!$A$2:$A$5000)), _xlpm.rZT, TRIM(CLEAN(Raw_thermostatsetpoints!$B$2:$B$5000)), _xlpm.col, _xlfn.SWITCH(_xlpm.sp, "Heating Setpoint (F)", Raw_thermostatsetpoints!$C$2:$C$5000, "Heating Setback (F)", Raw_thermostatsetpoints!$D$2:$D$5000, "Cooling Setpoint (F)", Raw_thermostatsetpoints!$E$2:$E$5000, "Cooling Setback (F)", Raw_thermostatsetpoints!$F$2:$F$5000, "" ), _xlpm.r, IFERROR(_xlfn.XMATCH(1,(_xlpm.rCZ=_xlpm.cz)*(_xlpm.rZT=_xlpm.zt),0),0), IF(_xlpm.r=0,"-",ROUND(INDEX(_xlpm.col,_xlpm.r),1)) ) )} -> 60 | G4: {=IF($A4="","", _xlfn.LET( _xlpm.upZT, IFERROR(LOOKUP(2,1/($A$3:$A4<>""),$A$3:$A4),""), _xlpm.dnZT, IFERROR(INDEX($A4:$A$8, MATCH(TRUE, $A4:$A$8<>"", 0)),""), _xlpm.zt, TRIM(CLEAN(IF(_xlpm.upZT<>"", _xlpm.upZT, _xlpm.dnZT))), _xlpm.sp, TRIM(CLEAN($B4)), _xlpm.cz, TRIM(CLEAN(G$2)), _xlpm.rCZ, TRIM(CLEAN(Raw_thermostatsetpoints!$A$2:$A$5000)), _xlpm.rZT, TRIM(CLEAN(Raw_thermostatsetpoints!$B$2:$B$5000)), _xlpm.col, _xlfn.SWITCH(_xlpm.sp, "Heating Setpoint (F)", Raw_thermostatsetpoints!$C$2:$C$5000, "Heating Setback (F)", Raw_thermostatsetpoints!$D$2:$D$5000, "Cooling Setpoint (F)", Raw_thermostatsetpoints!$E$2:$E$5000, "Cooling Setback (F)", Raw_thermostatsetpoints!$F$2:$F$5000, "" ), _xlpm.r, IFERROR(_xlfn.XMATCH(1,(_xlpm.rCZ=_xlpm.cz)*(_xlpm.rZT=_xlpm.zt),0),0), IF(_xlpm.r=0,"-",ROUND(INDEX(_xlpm.col,_xlpm.r),1)) ) )} -> 60 | H4: {=IF($A4="","", _xlfn.LET( _xlpm.upZT, IFERROR(LOOKUP(2,1/($A$3:$A4<>""),$A$3:$A4),""), _xlpm.dnZT, IFERROR(INDEX($A4:$A$8, MATCH(TRUE, $A4:$A$8<>"", 0)),""), _xlpm.zt, TRIM(CLEAN(IF(_xlpm.upZT<>"", _xlpm.upZT, _xlpm.dnZT))), _xlpm.sp, TRIM(CLEAN($B4)), _xlpm.cz, TRIM(CLEAN(H$2)), _xlpm.rCZ, TRIM(CLEAN(Raw_thermostatsetpoints!$A$2:$A$5000)), _xlpm.rZT, TRIM(CLEAN(Raw_thermostatsetpoints!$B$2:$B$5000)), _xlpm.col, _xlfn.SWITCH(_xlpm.sp, "Heating Setpoint (F)", Raw_thermostatsetpoints!$C$2:$C$5000, "Heating Setback (F)", Raw_thermostatsetpoints!$D$2:$D$5000, "Cooling Setpoint (F)", Raw_thermostatsetpoints!$E$2:$E$5000, "Cooling Setback (F)", Raw_thermostatsetpoints!$F$2:$F$5000, "" ), _xlpm.r, IFERROR(_xlfn.XMATCH(1,(_xlpm.rCZ=_xlpm.cz)*(_xlpm.rZT=_xlpm.zt),0),0), IF(_xlpm.r=0,"-",ROUND(INDEX(_xlpm.col,_xlpm.r),1)) ) )} -> 60 | I4: {=IF($A4="","", _xlfn.LET( _xlpm.upZT, IFERROR(LOOKUP(2,1/($A$3:$A4<>""),$A$3:$A4),""), _xlpm.dnZT, IFERROR(INDEX($A4:$A$8, MATCH(TRUE, $A4:$A$8<>"", 0)),""), _xlpm.zt, TRIM(CLEAN(IF(_xlpm.upZT<>"", _xlpm.upZT, _xlpm.dnZT))), _xlpm.sp, TRIM(CLEAN($B4)), _xlpm.cz, TRIM(CLEAN(I$2)), _xlpm.rCZ, TRIM(CLEAN(Raw_thermostatsetpoints!$A$2:$A$5000)), _xlpm.rZT, TRIM(CLEAN(Raw_thermostatsetpoints!$B$2:$B$5000)), _xlpm.col, _xlfn.SWITCH(_xlpm.sp, "Heating Setpoint (F)", Raw_thermostatsetpoints!$C$2:$C$5000, "Heating Setback (F)", Raw_thermostatsetpoints!$D$2:$D$5000, "Cooling Setpoint (F)", Raw_thermostatsetpoints!$E$2:$E$5000, "Cooling Setback (F)", Raw_thermostatsetpoints!$F$2:$F$5000, "" ), _xlpm.r, IFERROR(_xlfn.XMATCH(1,(_xlpm.rCZ=_xlpm.cz)*(_xlpm.rZT=_xlpm.zt),0),0), IF(_xlpm.r=0,"-",ROUND(INDEX(_xlpm.col,_xlpm.r),1)) ) )} -> 60 | J4: {=IF($A4="","", _xlfn.LET( _xlpm.upZT, IFERROR(LOOKUP(2,1/($A$3:$A4<>""),$A$3:$A4),""), _xlpm.dnZT, IFERROR(INDEX($A4:$A$8, MATCH(TRUE, $A4:$A$8<>"", 0)),""), _xlpm.zt, TRIM(CLEAN(IF(_xlpm.upZT<>"", _xlpm.upZT, _xlpm.dnZT))), _xlpm.sp, TRIM(CLEAN($B4)), _xlpm.cz, TRIM(CLEAN(J$2)), _xlpm.rCZ, TRIM(CLEAN(Raw_thermostatsetpoints!$A$2:$A$5000)), _xlpm.rZT, TRIM(CLEAN(Raw_thermostatsetpoints!$B$2:$B$5000)), _xlpm.col, _xlfn.SWITCH(_xlpm.sp, "Heating Setpoint (F)", Raw_thermostatsetpoints!$C$2:$C$5000, "Heating Setback (F)", Raw_thermostatsetpoints!$D$2:$D$5000, "Cooling Setpoint (F)", Raw_thermostatsetpoints!$E$2:$E$5000, "Cooling Setback (F)", Raw_thermostatsetpoints!$F$2:$F$5000, "" ), _xlpm.r, IFERROR(_xlfn.XMATCH(1,(_xlpm.rCZ=_xlpm.cz)*(_xlpm.rZT=_xlpm.zt),0),0), IF(_xlpm.r=0,"-",ROUND(INDEX(_xlpm.col,_xlpm.r),1)) ) )} -> 60 | ... R4: {=IF($A4="","", _xlfn.LET( _xlpm.upZT, IFERROR(LOOKUP(2,1/($A$3:$A4<>""),$A$3:$A4),""), _xlpm.dnZT, IFERROR(INDEX($A4:$A$8, MATCH(TRUE, $A4:$A$8<>"", 0)),""), _xlpm.zt, TRIM(CLEAN(IF(_xlpm.upZT<>"", _xlpm.upZT, _xlpm.dnZT))), _xlpm.sp, TRIM(CLEAN($B4)), _xlpm.cz, TRIM(CLEAN(R$2)), _xlpm.rCZ, TRIM(CLEAN(Raw_thermostatsetpoints!$A$2:$A$5000)), _xlpm.rZT, TRIM(CLEAN(Raw_thermostatsetpoints!$B$2:$B$5000)), _xlpm.col, _xlfn.SWITCH(_xlpm.sp, "Heating Setpoint (F)", Raw_thermostatsetpoints!$C$2:$C$5000, "Heating Setback (F)", Raw_thermostatsetpoints!$D$2:$D$5000, "Cooling Setpoint (F)", Raw_thermostatsetpoints!$E$2:$E$5000, "Cooling Setback (F)", Raw_thermostatsetpoints!$F$2:$F$5000, "" ), _xlpm.r, IFERROR(_xlfn.XMATCH(1,(_xlpm.rCZ=_xlpm.cz)*(_xlpm.rZT=_xlpm.zt),0),0), IF(_xlpm.r=0,"-",ROUND(INDEX(_xlpm.col,_xlpm.r),1)) ) )} -> 60
A5: {=IFERROR(INDEX($Z:$Z, 2+INT((ROW()-3)/4)), "")} -> Retail | B5: Cooling Setpoint (F) | C5: {=IF($A5="","", _xlfn.LET( _xlpm.upZT, IFERROR(LOOKUP(2,1/($A$3:$A5<>""),$A$3:$A5),""), _xlpm.dnZT, IFERROR(INDEX($A5:$A$8, MATCH(TRUE, $A5:$A$8<>"", 0)),""), _xlpm.zt, TRIM(CLEAN(IF(_xlpm.upZT<>"", _xlpm.upZT, _xlpm.dnZT))), _xlpm.sp, TRIM(CLEAN($B5)), _xlpm.cz, TRIM(CLEAN(C$2)), _xlpm.rCZ, TRIM(CLEAN(Raw_thermostatsetpoints!$A$2:$A$5000)), _xlpm.rZT, TRIM(CLEAN(Raw_thermostatsetpoints!$B$2:$B$5000)), _xlpm.col, _xlfn.SWITCH(_xlpm.sp, "Heating Setpoint (F)", Raw_thermostatsetpoints!$C$2:$C$5000, "Heating Setback (F)", Raw_thermostatsetpoints!$D$2:$D$5000, "Cooling Setpoint (F)", Raw_thermostatsetpoints!$E$2:$E$5000, "Cooling Setback (F)", Raw_thermostatsetpoints!$F$2:$F$5000, "" ), _xlpm.r, IFERROR(_xlfn.XMATCH(1,(_xlpm.rCZ=_xlpm.cz)*(_xlpm.rZT=_xlpm.zt),0),0), IF(_xlpm.r=0,"-",ROUND(INDEX(_xlpm.col,_xlpm.r),1)) ) )} -> 75 | D5: {=IF($A5="","", _xlfn.LET( _xlpm.upZT, IFERROR(LOOKUP(2,1/($A$3:$A5<>""),$A$3:$A5),""), _xlpm.dnZT, IFERROR(INDEX($A5:$A$8, MATCH(TRUE, $A5:$A$8<>"", 0)),""), _xlpm.zt, TRIM(CLEAN(IF(_xlpm.upZT<>"", _xlpm.upZT, _xlpm.dnZT))), _xlpm.sp, TRIM(CLEAN($B5)), _xlpm.cz, TRIM(CLEAN(D$2)), _xlpm.rCZ, TRIM(CLEAN(Raw_thermostatsetpoints!$A$2:$A$5000)), _xlpm.rZT, TRIM(CLEAN(Raw_thermostatsetpoints!$B$2:$B$5000)), _xlpm.col, _xlfn.SWITCH(_xlpm.sp, "Heating Setpoint (F)", Raw_thermostatsetpoints!$C$2:$C$5000, "Heating Setback (F)", Raw_thermostatsetpoints!$D$2:$D$5000, "Cooling Setpoint (F)", Raw_thermostatsetpoints!$E$2:$E$5000, "Cooling Setback (F)", Raw_thermostatsetpoints!$F$2:$F$5000, "" ), _xlpm.r, IFERROR(_xlfn.XMATCH(1,(_xlpm.rCZ=_xlpm.cz)*(_xlpm.rZT=_xlpm.zt),0),0), IF(_xlpm.r=0,"-",ROUND(INDEX(_xlpm.col,_xlpm.r),1)) ) )} -> 75 | E5: {=IF($A5="","", _xlfn.LET( _xlpm.upZT, IFERROR(LOOKUP(2,1/($A$3:$A5<>""),$A$3:$A5),""), _xlpm.dnZT, IFERROR(INDEX($A5:$A$8, MATCH(TRUE, $A5:$A$8<>"", 0)),""), _xlpm.zt, TRIM(CLEAN(IF(_xlpm.upZT<>"", _xlpm.upZT, _xlpm.dnZT))), _xlpm.sp, TRIM(CLEAN($B5)), _xlpm.cz, TRIM(CLEAN(E$2)), _xlpm.rCZ, TRIM(CLEAN(Raw_thermostatsetpoints!$A$2:$A$5000)), _xlpm.rZT, TRIM(CLEAN(Raw_thermostatsetpoints!$B$2:$B$5000)), _xlpm.col, _xlfn.SWITCH(_xlpm.sp, "Heating Setpoint (F)", Raw_thermostatsetpoints!$C$2:$C$5000, "Heating Setback (F)", Raw_thermostatsetpoints!$D$2:$D$5000, "Cooling Setpoint (F)", Raw_thermostatsetpoints!$E$2:$E$5000, "Cooling Setback (F)", Raw_thermostatsetpoints!$F$2:$F$5000, "" ), _xlpm.r, IFERROR(_xlfn.XMATCH(1,(_xlpm.rCZ=_xlpm.cz)*(_xlpm.rZT=_xlpm.zt),0),0), IF(_xlpm.r=0,"-",ROUND(INDEX(_xlpm.col,_xlpm.r),1)) ) )} -> 75 | F5: {=IF($A5="","", _xlfn.LET( _xlpm.upZT, IFERROR(LOOKUP(2,1/($A$3:$A5<>""),$A$3:$A5),""), _xlpm.dnZT, IFERROR(INDEX($A5:$A$8, MATCH(TRUE, $A5:$A$8<>"", 0)),""), _xlpm.zt, TRIM(CLEAN(IF(_xlpm.upZT<>"", _xlpm.upZT, _xlpm.dnZT))), _xlpm.sp, TRIM(CLEAN($B5)), _xlpm.cz, TRIM(CLEAN(F$2)), _xlpm.rCZ, TRIM(CLEAN(Raw_thermostatsetpoints!$A$2:$A$5000)), _xlpm.rZT, TRIM(CLEAN(Raw_thermostatsetpoints!$B$2:$B$5000)), _xlpm.col, _xlfn.SWITCH(_xlpm.sp, "Heating Setpoint (F)", Raw_thermostatsetpoints!$C$2:$C$5000, "Heating Setback (F)", Raw_thermostatsetpoints!$D$2:$D$5000, "Cooling Setpoint (F)", Raw_thermostatsetpoints!$E$2:$E$5000, "Cooling Setback (F)", Raw_thermostatsetpoints!$F$2:$F$5000, "" ), _xlpm.r, IFERROR(_xlfn.XMATCH(1,(_xlpm.rCZ=_xlpm.cz)*(_xlpm.rZT=_xlpm.zt),0),0), IF(_xlpm.r=0,"-",ROUND(INDEX(_xlpm.col,_xlpm.r),1)) ) )} -> 75 | G5: {=IF($A5="","", _xlfn.LET( _xlpm.upZT, IFERROR(LOOKUP(2,1/($A$3:$A5<>""),$A$3:$A5),""), _xlpm.dnZT, IFERROR(INDEX($A5:$A$8, MATCH(TRUE, $A5:$A$8<>"", 0)),""), _xlpm.zt, TRIM(CLEAN(IF(_xlpm.upZT<>"", _xlpm.upZT, _xlpm.dnZT))), _xlpm.sp, TRIM(CLEAN($B5)), _xlpm.cz, TRIM(CLEAN(G$2)), _xlpm.rCZ, TRIM(CLEAN(Raw_thermostatsetpoints!$A$2:$A$5000)), _xlpm.rZT, TRIM(CLEAN(Raw_thermostatsetpoints!$B$2:$B$5000)), _xlpm.col, _xlfn.SWITCH(_xlpm.sp, "Heating Setpoint (F)", Raw_thermostatsetpoints!$C$2:$C$5000, "Heating Setback (F)", Raw_thermostatsetpoints!$D$2:$D$5000, "Cooling Setpoint (F)", Raw_thermostatsetpoints!$E$2:$E$5000, "Cooling Setback (F)", Raw_thermostatsetpoints!$F$2:$F$5000, "" ), _xlpm.r, IFERROR(_xlfn.XMATCH(1,(_xlpm.rCZ=_xlpm.cz)*(_xlpm.rZT=_xlpm.zt),0),0), IF(_xlpm.r=0,"-",ROUND(INDEX(_xlpm.col,_xlpm.r),1)) ) )} -> 75 | H5: {=IF($A5="","", _xlfn.LET( _xlpm.upZT, IFERROR(LOOKUP(2,1/($A$3:$A5<>""),$A$3:$A5),""), _xlpm.dnZT, IFERROR(INDEX($A5:$A$8, MATCH(TRUE, $A5:$A$8<>"", 0)),""), _xlpm.zt, TRIM(CLEAN(IF(_xlpm.upZT<>"", _xlpm.upZT, _xlpm.dnZT))), _xlpm.sp, TRIM(CLEAN($B5)), _xlpm.cz, TRIM(CLEAN(H$2)), _xlpm.rCZ, TRIM(CLEAN(Raw_thermostatsetpoints!$A$2:$A$5000)), _xlpm.rZT, TRIM(CLEAN(Raw_thermostatsetpoints!$B$2:$B$5000)), _xlpm.col, _xlfn.SWITCH(_xlpm.sp, "Heating Setpoint (F)", Raw_thermostatsetpoints!$C$2:$C$5000, "Heating Setback (F)", Raw_thermostatsetpoints!$D$2:$D$5000, "Cooling Setpoint (F)", Raw_thermostatsetpoints!$E$2:$E$5000, "Cooling Setback (F)", Raw_thermostatsetpoints!$F$2:$F$5000, "" ), _xlpm.r, IFERROR(_xlfn.XMATCH(1,(_xlpm.rCZ=_xlpm.cz)*(_xlpm.rZT=_xlpm.zt),0),0), IF(_xlpm.r=0,"-",ROUND(INDEX(_xlpm.col,_xlpm.r),1)) ) )} -> 75 | I5: {=IF($A5="","", _xlfn.LET( _xlpm.upZT, IFERROR(LOOKUP(2,1/($A$3:$A5<>""),$A$3:$A5),""), _xlpm.dnZT, IFERROR(INDEX($A5:$A$8, MATCH(TRUE, $A5:$A$8<>"", 0)),""), _xlpm.zt, TRIM(CLEAN(IF(_xlpm.upZT<>"", _xlpm.upZT, _xlpm.dnZT))), _xlpm.sp, TRIM(CLEAN($B5)), _xlpm.cz, TRIM(CLEAN(I$2)), _xlpm.rCZ, TRIM(CLEAN(Raw_thermostatsetpoints!$A$2:$A$5000)), _xlpm.rZT, TRIM(CLEAN(Raw_thermostatsetpoints!$B$2:$B$5000)), _xlpm.col, _xlfn.SWITCH(_xlpm.sp, "Heating Setpoint (F)", Raw_thermostatsetpoints!$C$2:$C$5000, "Heating Setback (F)", Raw_thermostatsetpoints!$D$2:$D$5000, "Cooling Setpoint (F)", Raw_thermostatsetpoints!$E$2:$E$5000, "Cooling Setback (F)", Raw_thermostatsetpoints!$F$2:$F$5000, "" ), _xlpm.r, IFERROR(_xlfn.XMATCH(1,(_xlpm.rCZ=_xlpm.cz)*(_xlpm.rZT=_xlpm.zt),0),0), IF(_xlpm.r=0,"-",ROUND(INDEX(_xlpm.col,_xlpm.r),1)) ) )} -> 75 | J5: {=IF($A5="","", _xlfn.LET( _xlpm.upZT, IFERROR(LOOKUP(2,1/($A$3:$A5<>""),$A$3:$A5),""), _xlpm.dnZT, IFERROR(INDEX($A5:$A$8, MATCH(TRUE, $A5:$A$8<>"", 0)),""), _xlpm.zt, TRIM(CLEAN(IF(_xlpm.upZT<>"", _xlpm.upZT, _xlpm.dnZT))), _xlpm.sp, TRIM(CLEAN($B5)), _xlpm.cz, TRIM(CLEAN(J$2)), _xlpm.rCZ, TRIM(CLEAN(Raw_thermostatsetpoints!$A$2:$A$5000)), _xlpm.rZT, TRIM(CLEAN(Raw_thermostatsetpoints!$B$2:$B$5000)), _xlpm.col, _xlfn.SWITCH(_xlpm.sp, "Heating Setpoint (F)", Raw_thermostatsetpoints!$C$2:$C$5000, "Heating Setback (F)", Raw_thermostatsetpoints!$D$2:$D$5000, "Cooling Setpoint (F)", Raw_thermostatsetpoints!$E$2:$E$5000, "Cooling Setback (F)", Raw_thermostatsetpoints!$F$2:$F$5000, "" ), _xlpm.r, IFERROR(_xlfn.XMATCH(1,(_xlpm.rCZ=_xlpm.cz)*(_xlpm.rZT=_xlpm.zt),0),0), IF(_xlpm.r=0,"-",ROUND(INDEX(_xlpm.col,_xlpm.r),1)) ) )} -> 75 | ... R5: {=IF($A5="","", _xlfn.LET( _xlpm.upZT, IFERROR(LOOKUP(2,1/($A$3:$A5<>""),$A$3:$A5),""), _xlpm.dnZT, IFERROR(INDEX($A5:$A$8, MATCH(TRUE, $A5:$A$8<>"", 0)),""), _xlpm.zt, TRIM(CLEAN(IF(_xlpm.upZT<>"", _xlpm.upZT, _xlpm.dnZT))), _xlpm.sp, TRIM(CLEAN($B5)), _xlpm.cz, TRIM(CLEAN(R$2)), _xlpm.rCZ, TRIM(CLEAN(Raw_thermostatsetpoints!$A$2:$A$5000)), _xlpm.rZT, TRIM(CLEAN(Raw_thermostatsetpoints!$B$2:$B$5000)), _xlpm.col, _xlfn.SWITCH(_xlpm.sp, "Heating Setpoint (F)", Raw_thermostatsetpoints!$C$2:$C$5000, "Heating Setback (F)", Raw_thermostatsetpoints!$D$2:$D$5000, "Cooling Setpoint (F)", Raw_thermostatsetpoints!$E$2:$E$5000, "Cooling Setback (F)", Raw_thermostatsetpoints!$F$2:$F$5000, "" ), _xlpm.r, IFERROR(_xlfn.XMATCH(1,(_xlpm.rCZ=_xlpm.cz)*(_xlpm.rZT=_xlpm.zt),0),0), IF(_xlpm.r=0,"-",ROUND(INDEX(_xlpm.col,_xlpm.r),1)) ) )} -> 75
A6: {=IFERROR(INDEX($Z:$Z, 2+INT((ROW()-3)/4)), "")} -> Retail | B6: Cooling Setback (F) | C6: {=IF($A6="","", _xlfn.LET( _xlpm.upZT, IFERROR(LOOKUP(2,1/($A$3:$A6<>""),$A$3:$A6),""), _xlpm.dnZT, IFERROR(INDEX($A6:$A$8, MATCH(TRUE, $A6:$A$8<>"", 0)),""), _xlpm.zt, TRIM(CLEAN(IF(_xlpm.upZT<>"", _xlpm.upZT, _xlpm.dnZT))), _xlpm.sp, TRIM(CLEAN($B6)), _xlpm.cz, TRIM(CLEAN(C$2)), _xlpm.rCZ, TRIM(CLEAN(Raw_thermostatsetpoints!$A$2:$A$5000)), _xlpm.rZT, TRIM(CLEAN(Raw_thermostatsetpoints!$B$2:$B$5000)), _xlpm.col, _xlfn.SWITCH(_xlpm.sp, "Heating Setpoint (F)", Raw_thermostatsetpoints!$C$2:$C$5000, "Heating Setback (F)", Raw_thermostatsetpoints!$D$2:$D$5000, "Cooling Setpoint (F)", Raw_thermostatsetpoints!$E$2:$E$5000, "Cooling Setback (F)", Raw_thermostatsetpoints!$F$2:$F$5000, "" ), _xlpm.r, IFERROR(_xlfn.XMATCH(1,(_xlpm.rCZ=_xlpm.cz)*(_xlpm.rZT=_xlpm.zt),0),0), IF(_xlpm.r=0,"-",ROUND(INDEX(_xlpm.col,_xlpm.r),1)) ) )} -> 85 | D6: {=IF($A6="","", _xlfn.LET( _xlpm.upZT, IFERROR(LOOKUP(2,1/($A$3:$A6<>""),$A$3:$A6),""), _xlpm.dnZT, IFERROR(INDEX($A6:$A$8, MATCH(TRUE, $A6:$A$8<>"", 0)),""), _xlpm.zt, TRIM(CLEAN(IF(_xlpm.upZT<>"", _xlpm.upZT, _xlpm.dnZT))), _xlpm.sp, TRIM(CLEAN($B6)), _xlpm.cz, TRIM(CLEAN(D$2)), _xlpm.rCZ, TRIM(CLEAN(Raw_thermostatsetpoints!$A$2:$A$5000)), _xlpm.rZT, TRIM(CLEAN(Raw_thermostatsetpoints!$B$2:$B$5000)), _xlpm.col, _xlfn.SWITCH(_xlpm.sp, "Heating Setpoint (F)", Raw_thermostatsetpoints!$C$2:$C$5000, "Heating Setback (F)", Raw_thermostatsetpoints!$D$2:$D$5000, "Cooling Setpoint (F)", Raw_thermostatsetpoints!$E$2:$E$5000, "Cooling Setback (F)", Raw_thermostatsetpoints!$F$2:$F$5000, "" ), _xlpm.r, IFERROR(_xlfn.XMATCH(1,(_xlpm.rCZ=_xlpm.cz)*(_xlpm.rZT=_xlpm.zt),0),0), IF(_xlpm.r=0,"-",ROUND(INDEX(_xlpm.col,_xlpm.r),1)) ) )} -> 85 | E6: {=IF($A6="","", _xlfn.LET( _xlpm.upZT, IFERROR(LOOKUP(2,1/($A$3:$A6<>""),$A$3:$A6),""), _xlpm.dnZT, IFERROR(INDEX($A6:$A$8, MATCH(TRUE, $A6:$A$8<>"", 0)),""), _xlpm.zt, TRIM(CLEAN(IF(_xlpm.upZT<>"", _xlpm.upZT, _xlpm.dnZT))), _xlpm.sp, TRIM(CLEAN($B6)), _xlpm.cz, TRIM(CLEAN(E$2)), _xlpm.rCZ, TRIM(CLEAN(Raw_thermostatsetpoints!$A$2:$A$5000)), _xlpm.rZT, TRIM(CLEAN(Raw_thermostatsetpoints!$B$2:$B$5000)), _xlpm.col, _xlfn.SWITCH(_xlpm.sp, "Heating Setpoint (F)", Raw_thermostatsetpoints!$C$2:$C$5000, "Heating Setback (F)", Raw_thermostatsetpoints!$D$2:$D$5000, "Cooling Setpoint (F)", Raw_thermostatsetpoints!$E$2:$E$5000, "Cooling Setback (F)", Raw_thermostatsetpoints!$F$2:$F$5000, "" ), _xlpm.r, IFERROR(_xlfn.XMATCH(1,(_xlpm.rCZ=_xlpm.cz)*(_xlpm.rZT=_xlpm.zt),0),0), IF(_xlpm.r=0,"-",ROUND(INDEX(_xlpm.col,_xlpm.r),1)) ) )} -> 85 | F6: {=IF($A6="","", _xlfn.LET( _xlpm.upZT, IFERROR(LOOKUP(2,1/($A$3:$A6<>""),$A$3:$A6),""), _xlpm.dnZT, IFERROR(INDEX($A6:$A$8, MATCH(TRUE, $A6:$A$8<>"", 0)),""), _xlpm.zt, TRIM(CLEAN(IF(_xlpm.upZT<>"", _xlpm.upZT, _xlpm.dnZT))), _xlpm.sp, TRIM(CLEAN($B6)), _xlpm.cz, TRIM(CLEAN(F$2)), _xlpm.rCZ, TRIM(CLEAN(Raw_thermostatsetpoints!$A$2:$A$5000)), _xlpm.rZT, TRIM(CLEAN(Raw_thermostatsetpoints!$B$2:$B$5000)), _xlpm.col, _xlfn.SWITCH(_xlpm.sp, "Heating Setpoint (F)", Raw_thermostatsetpoints!$C$2:$C$5000, "Heating Setback (F)", Raw_thermostatsetpoints!$D$2:$D$5000, "Cooling Setpoint (F)", Raw_thermostatsetpoints!$E$2:$E$5000, "Cooling Setback (F)", Raw_thermostatsetpoints!$F$2:$F$5000, "" ), _xlpm.r, IFERROR(_xlfn.XMATCH(1,(_xlpm.rCZ=_xlpm.cz)*(_xlpm.rZT=_xlpm.zt),0),0), IF(_xlpm.r=0,"-",ROUND(INDEX(_xlpm.col,_xlpm.r),1)) ) )} -> 85 | G6: {=IF($A6="","", _xlfn.LET( _xlpm.upZT, IFERROR(LOOKUP(2,1/($A$3:$A6<>""),$A$3:$A6),""), _xlpm.dnZT, IFERROR(INDEX($A6:$A$8, MATCH(TRUE, $A6:$A$8<>"", 0)),""), _xlpm.zt, TRIM(CLEAN(IF(_xlpm.upZT<>"", _xlpm.upZT, _xlpm.dnZT))), _xlpm.sp, TRIM(CLEAN($B6)), _xlpm.cz, TRIM(CLEAN(G$2)), _xlpm.rCZ, TRIM(CLEAN(Raw_thermostatsetpoints!$A$2:$A$5000)), _xlpm.rZT, TRIM(CLEAN(Raw_thermostatsetpoints!$B$2:$B$5000)), _xlpm.col, _xlfn.SWITCH(_xlpm.sp, "Heating Setpoint (F)", Raw_thermostatsetpoints!$C$2:$C$5000, "Heating Setback (F)", Raw_thermostatsetpoints!$D$2:$D$5000, "Cooling Setpoint (F)", Raw_thermostatsetpoints!$E$2:$E$5000, "Cooling Setback (F)", Raw_thermostatsetpoints!$F$2:$F$5000, "" ), _xlpm.r, IFERROR(_xlfn.XMATCH(1,(_xlpm.rCZ=_xlpm.cz)*(_xlpm.rZT=_xlpm.zt),0),0), IF(_xlpm.r=0,"-",ROUND(INDEX(_xlpm.col,_xlpm.r),1)) ) )} -> 85 | H6: {=IF($A6="","", _xlfn.LET( _xlpm.upZT, IFERROR(LOOKUP(2,1/($A$3:$A6<>""),$A$3:$A6),""), _xlpm.dnZT, IFERROR(INDEX($A6:$A$8, MATCH(TRUE, $A6:$A$8<>"", 0)),""), _xlpm.zt, TRIM(CLEAN(IF(_xlpm.upZT<>"", _xlpm.upZT, _xlpm.dnZT))), _xlpm.sp, TRIM(CLEAN($B6)), _xlpm.cz, TRIM(CLEAN(H$2)), _xlpm.rCZ, TRIM(CLEAN(Raw_thermostatsetpoints!$A$2:$A$5000)), _xlpm.rZT, TRIM(CLEAN(Raw_thermostatsetpoints!$B$2:$B$5000)), _xlpm.col, _xlfn.SWITCH(_xlpm.sp, "Heating Setpoint (F)", Raw_thermostatsetpoints!$C$2:$C$5000, "Heating Setback (F)", Raw_thermostatsetpoints!$D$2:$D$5000, "Cooling Setpoint (F)", Raw_thermostatsetpoints!$E$2:$E$5000, "Cooling Setback (F)", Raw_thermostatsetpoints!$F$2:$F$5000, "" ), _xlpm.r, IFERROR(_xlfn.XMATCH(1,(_xlpm.rCZ=_xlpm.cz)*(_xlpm.rZT=_xlpm.zt),0),0), IF(_xlpm.r=0,"-",ROUND(INDEX(_xlpm.col,_xlpm.r),1)) ) )} -> 85 | I6: {=IF($A6="","", _xlfn.LET( _xlpm.upZT, IFERROR(LOOKUP(2,1/($A$3:$A6<>""),$A$3:$A6),""), _xlpm.dnZT, IFERROR(INDEX($A6:$A$8, MATCH(TRUE, $A6:$A$8<>"", 0)),""), _xlpm.zt, TRIM(CLEAN(IF(_xlpm.upZT<>"", _xlpm.upZT, _xlpm.dnZT))), _xlpm.sp, TRIM(CLEAN($B6)), _xlpm.cz, TRIM(CLEAN(I$2)), _xlpm.rCZ, TRIM(CLEAN(Raw_thermostatsetpoints!$A$2:$A$5000)), _xlpm.rZT, TRIM(CLEAN(Raw_thermostatsetpoints!$B$2:$B$5000)), _xlpm.col, _xlfn.SWITCH(_xlpm.sp, "Heating Setpoint (F)", Raw_thermostatsetpoints!$C$2:$C$5000, "Heating Setback (F)", Raw_thermostatsetpoints!$D$2:$D$5000, "Cooling Setpoint (F)", Raw_thermostatsetpoints!$E$2:$E$5000, "Cooling Setback (F)", Raw_thermostatsetpoints!$F$2:$F$5000, "" ), _xlpm.r, IFERROR(_xlfn.XMATCH(1,(_xlpm.rCZ=_xlpm.cz)*(_xlpm.rZT=_xlpm.zt),0),0), IF(_xlpm.r=0,"-",ROUND(INDEX(_xlpm.col,_xlpm.r),1)) ) )} -> 85 | J6: {=IF($A6="","", _xlfn.LET( _xlpm.upZT, IFERROR(LOOKUP(2,1/($A$3:$A6<>""),$A$3:$A6),""), _xlpm.dnZT, IFERROR(INDEX($A6:$A$8, MATCH(TRUE, $A6:$A$8<>"", 0)),""), _xlpm.zt, TRIM(CLEAN(IF(_xlpm.upZT<>"", _xlpm.upZT, _xlpm.dnZT))), _xlpm.sp, TRIM(CLEAN($B6)), _xlpm.cz, TRIM(CLEAN(J$2)), _xlpm.rCZ, TRIM(CLEAN(Raw_thermostatsetpoints!$A$2:$A$5000)), _xlpm.rZT, TRIM(CLEAN(Raw_thermostatsetpoints!$B$2:$B$5000)), _xlpm.col, _xlfn.SWITCH(_xlpm.sp, "Heating Setpoint (F)", Raw_thermostatsetpoints!$C$2:$C$5000, "Heating Setback (F)", Raw_thermostatsetpoints!$D$2:$D$5000, "Cooling Setpoint (F)", Raw_thermostatsetpoints!$E$2:$E$5000, "Cooling Setback (F)", Raw_thermostatsetpoints!$F$2:$F$5000, "" ), _xlpm.r, IFERROR(_xlfn.XMATCH(1,(_xlpm.rCZ=_xlpm.cz)*(_xlpm.rZT=_xlpm.zt),0),0), IF(_xlpm.r=0,"-",ROUND(INDEX(_xlpm.col,_xlpm.r),1)) ) )} -> 85 | ... R6: {=IF($A6="","", _xlfn.LET( _xlpm.upZT, IFERROR(LOOKUP(2,1/($A$3:$A6<>""),$A$3:$A6),""), _xlpm.dnZT, IFERROR(INDEX($A6:$A$8, MATCH(TRUE, $A6:$A$8<>"", 0)),""), _xlpm.zt, TRIM(CLEAN(IF(_xlpm.upZT<>"", _xlpm.upZT, _xlpm.dnZT))), _xlpm.sp, TRIM(CLEAN($B6)), _xlpm.cz, TRIM(CLEAN(R$2)), _xlpm.rCZ, TRIM(CLEAN(Raw_thermostatsetpoints!$A$2:$A$5000)), _xlpm.rZT, TRIM(CLEAN(Raw_thermostatsetpoints!$B$2:$B$5000)), _xlpm.col, _xlfn.SWITCH(_xlpm.sp, "Heating Setpoint (F)", Raw_thermostatsetpoints!$C$2:$C$5000, "Heating Setback (F)", Raw_thermostatsetpoints!$D$2:$D$5000, "Cooling Setpoint (F)", Raw_thermostatsetpoints!$E$2:$E$5000, "Cooling Setback (F)", Raw_thermostatsetpoints!$F$2:$F$5000, "" ), _xlpm.r, IFERROR(_xlfn.XMATCH(1,(_xlpm.rCZ=_xlpm.cz)*(_xlpm.rZT=_xlpm.zt),0),0), IF(_xlpm.r=0,"-",ROUND(INDEX(_xlpm.col,_xlpm.r),1)) ) )} -> 85

Sheet Raw_thermostatsetpoints
A1: Climate Zone | B1: Schedule Identifier | C1: Heating Setpoint (F) | D1: Heating Setback (F) | E1: Cooling Setpoint (F) | F1: Cooling Setback (F)
A2: CZ01 | B2: Retail | C2: 70 | D2: 60 | E2: 75 | F2: 85
A3: CZ02 | B3: Retail | C3: 70 | D3: 60 | E3: 75 | F3: 85
A4: CZ03 | B4: Retail | C4: 70 | D4: 60 | E4: 75 | F4: 85
A5: CZ04 | B5: Retail | C5: 70 | D5: 60 | E5: 75 | F5: 85
A6: CZ05 | B6: Retail | C6: 70 | D6: 60 | E6: 75 | F6: 85
A7: CZ06 | B7: Retail | C7: 70 | D7: 60 | E7: 75 | F7: 85
A8: CZ07 | B8: Retail | C8: 70 | D8: 60 | E8: 75 | F8: 85
A9: CZ08 | B9: Retail | C9: 70 | D9: 60 | E9: 75 | F9: 85
A10: CZ09 | B10: Retail | C10: 70 | D10: 60 | E10: 75 | F10: 85
A11: CZ10 | B11: Retail | C11: 70 | D11: 60 | E11: 75 | F11: 85
A12: CZ11 | B12: Retail | C12: 70 | D12: 60 | E12: 75 | F12: 85
A13: CZ12 | B13: Retail | C13: 70 | D13: 60 | E13: 75 | F13: 85
... A17: CZ16 | B17: Retail | C17: 70 | D17: 60 | E17: 75 | F17: 85

Sheet HVAC System
A1: ="HVAC system - "&Prototype!A2 -> HVAC system - Retail - Multistory Large
A2: Vintage | B2: System Name | C2: Category | D2: Heating Type* | E2: Cooling Type* | F2: Air Distribution | G2: Heating Efficiency | H2: Cooling Efficiency | I2: Note
A3: Existing | B3: cDXGF | C3: Main | D3: Furnace (gas) | E3: DX-AIR | F3: {=_xlfn.XLOOKUP( 1, (Raw_hvac!$A$2:$A$100=$A3)*(Raw_hvac!$B$2:$B$100=$B3)*(Raw_hvac!$C$2:$C$100=$C3), Raw_hvac!$D$2:$D$100, "-" )} -> SZ-CAV | G3: {=_xlfn.XLOOKUP( 1, (Raw_hvac!$A$2:$A$100=$A3)*(Raw_hvac!$B$2:$B$100=$B3)*(Raw_hvac!$C$2:$C$100=$C3), Raw_hvac!$E$2:$E$100, "-" )} -> 0.8 | H3: {=_xlfn.XLOOKUP( 1, (Raw_hvac!$A$2:$A$100=$A3)*(Raw_hvac!$B$2:$B$100=$B3)*(Raw_hvac!$C$2:$C$100=$C3), Raw_hvac!$F$2:$F$100, "-" )} -> 3.65
A4: Existing | B4: cDXGF | C4: Alternative | D4: {=_xlfn.LET( _xlpm.v, _xlfn.XLOOKUP(1,(Raw_hvac!$A$2:$A$100=$A4)*(Raw_hvac!$B$2:$B$100=$B4)*(Raw_hvac!$C$2:$C$100=$C4),Raw_hvac!$H$2:$H$100,"-"), _xlfn.SWITCH(_xlpm.v, "WATER","Boiler (gas)", "COMBUSTION","Furnace (gas)", _xlpm.v ) )} -> Furnace (gas) | E4: {=_xlfn.LET( _xlpm.v, _xlfn.XLOOKUP(1,(Raw_hvac!$A$2:$A$100=$A4)*(Raw_hvac!$B$2:$B$100=$B4)*(Raw_hvac!$C$2:$C$100=$C4),Raw_hvac!$G$2:$G$100,"-"), IF(_xlpm.v="WATER","Chiller system",_xlpm.v) )} -> DX-AIR | F4: {=_xlfn.XLOOKUP( 1, (Raw_hvac!$A$2:$A$100=$A4)*(Raw_hvac!$B$2:$B$100=$B4)*(Raw_hvac!$C$2:$C$100=$C4), Raw_hvac!$D$2:$D$100, "-" )} -> SZ-VAV | G4: {=_xlfn.XLOOKUP( 1, (Raw_hvac!$A$2:$A$100=$A4)*(Raw_hvac!$B$2:$B$100=$B4)*(Raw_hvac!$C$2:$C$100=$C4), Raw_hvac!$E$2:$E$100, "-" )} -> 0.8 | H4: {=_xlfn.XLOOKUP( 1, (Raw_hvac!$A$2:$A$100=$A4)*(Raw_hvac!$B$2:$B$100=$B4)*(Raw_hvac!$C$2:$C$100=$C4), Raw_hvac!$F$2:$F$100, "-" )} -> 3.85
A5: Existing | B5: cDXGF | C5: Customized | D5: {=_xlfn.LET( _xlpm.v, _xlfn.XLOOKUP(1,(Raw_hvac!$A$2:$A$100=$A5)*(Raw_hvac!$B$2:$B$100=$B5)*(Raw_hvac!$C$2:$C$100=$C5),Raw_hvac!$H$2:$H$100,"-"), _xlfn.SWITCH(_xlpm.v, "WATER","Boiler (gas)", "COMBUSTION","Furnace (gas)", _xlpm.v ) )} -> - | E5: {=_xlfn.LET( _xlpm.v, _xlfn.XLOOKUP(1,(Raw_hvac!$A$2:$A$100=$A5)*(Raw_hvac!$B$2:$B$100=$B5)*(Raw_hvac!$C$2:$C$100=$C5),Raw_hvac!$G$2:$G$100,"-"), IF(_xlpm.v="WATER","Chiller system",_xlpm.v) )} -> - | F5: {=_xlfn.XLOOKUP( 1, (Raw_hvac!$A$2:$A$100=$A5)*(Raw_hvac!$B$2:$B$100=$B5)*(Raw_hvac!$C$2:$C$100=$C5), Raw_hvac!$D$2:$D$100, "-" )} -> - | G5: {=_xlfn.XLOOKUP( 1, (Raw_hvac!$A$2:$A$100=$A5)*(Raw_hvac!$B$2:$B$100=$B5)*(Raw_hvac!$C$2:$C$100=$C5), Raw_hvac!$E$2:$E$100, "-" )} -> - | H5: {=_xlfn.XLOOKUP( 1, (Raw_hvac!$A$2:$A$100=$A5)*(Raw_hvac!$B$2:$B$100=$B5)*(Raw_hvac!$C$2:$C$100=$C5), Raw_hvac!$F$2:$F$100, "-" )} -> -
A6: New Construction | B6: cDXGF | C6: Main | D6: Furnace (gas) | E6: DX-AIR | F6: {=_xlfn.XLOOKUP( 1, (Raw_hvac!$A$2:$A$100=$A6)*(Raw_hvac!$B$2:$B$100=$B6)*(Raw_hvac!$C$2:$C$100=$C6), Raw_hvac!$D$2:$D$100, "-" )} -> SZ-CAV | G6: {=_xlfn.XLOOKUP( 1, (Raw_hvac!$A$2:$A$100=$A6)*(Raw_hvac!$B$2:$B$100=$B6)*(Raw_hvac!$C$2:$C$100=$C6), Raw_hvac!$E$2:$E$100, "-" )} -> 0.8 | H6: {=_xlfn.XLOOKUP( 1, (Raw_hvac!$A$2:$A$100=$A6)*(Raw_hvac!$B$2:$B$100=$B6)*(Raw_hvac!$C$2:$C$100=$C6), Raw_hvac!$F$2:$F$100, "-" )} -> 3.65
A7: New Construction | B7: cDXGF | C7: Alternative | D7: {=_xlfn.LET( _xlpm.v, _xlfn.XLOOKUP(1,(Raw_hvac!$A$2:$A$100=$A7)*(Raw_hvac!$B$2:$B$100=$B7)*(Raw_hvac!$C$2:$C$100=$C7),Raw_hvac!$H$2:$H$100,"-"), _xlfn.SWITCH(_xlpm.v, "WATER","Boiler (gas)", "COMBUSTION","Furnace (gas)", _xlpm.v ) )} -> Furnace (gas) | E7: {=_xlfn.LET( _xlpm.v, _xlfn.XLOOKUP(1,(Raw_hvac!$A$2:$A$100=$A7)*(Raw_hvac!$B$2:$B$100=$B7)*(Raw_hvac!$C$2:$C$100=$C7),Raw_hvac!$G$2:$G$100,"-"), IF(_xlpm.v="WATER","Chiller system",_xlpm.v) )} -> DX-AIR | F7: {=_xlfn.XLOOKUP( 1, (Raw_hvac!$A$2:$A$100=$A7)*(Raw_hvac!$B$2:$B$100=$B7)*(Raw_hvac!$C$2:$C$100=$C7), Raw_hvac!$D$2:$D$100, "-" )} -> SZ-VAV | G7: {=_xlfn.XLOOKUP( 1, (Raw_hvac!$A$2:$A$100=$A7)*(Raw_hvac!$B$2:$B$100=$B7)*(Raw_hvac!$C$2:$C$100=$C7), Raw_hvac!$E$2:$E$100, "-" )} -> 0.8 | H7: {=_xlfn.XLOOKUP( 1, (Raw_hvac!$A$2:$A$100=$A7)*(Raw_hvac!$B$2:$B$100=$B7)*(Raw_hvac!$C$2:$C$100=$C7), Raw_hvac!$F$2:$F$100, "-" )} -> 3.85
A8: New Construction | B8: cDXGF | C8: Customized | D8: {=_xlfn.LET( _xlpm.v, _xlfn.XLOOKUP(1,(Raw_hvac!$A$2:$A$100=$A8)*(Raw_hvac!$B$2:$B$100=$B8)*(Raw_hvac!$C$2:$C$100=$C8),Raw_hvac!$H$2:$H$100,"-"), _xlfn.SWITCH(_xlpm.v, "WATER","Boiler (gas)", "COMBUSTION","Furnace (gas)", _xlpm.v ) )} -> - | E8: {=_xlfn.LET( _xlpm.v, _xlfn.XLOOKUP(1,(Raw_hvac!$A$2:$A$100=$A8)*(Raw_hvac!$B$2:$B$100=$B8)*(Raw_hvac!$C$2:$C$100=$C8),Raw_hvac!$G$2:$G$100,"-"), IF(_xlpm.v="WATER","Chiller system",_xlpm.v) )} -> - | F8: {=_xlfn.XLOOKUP( 1, (Raw_hvac!$A$2:$A$100=$A8)*(Raw_hvac!$B$2:$B$100=$B8)*(Raw_hvac!$C$2:$C$100=$C8), Raw_hvac!$D$2:$D$100, "-" )} -> - | G8: {=_xlfn.XLOOKUP( 1, (Raw_hvac!$A$2:$A$100=$A8)*(Raw_hvac!$B$2:$B$100=$B8)*(Raw_hvac!$C$2:$C$100=$C8), Raw_hvac!$E$2:$E$100, "-" )} -> - | H8: {=_xlfn.XLOOKUP( 1, (Raw_hvac!$A$2:$A$100=$A8)*(Raw_hvac!$B$2:$B$100=$B8)*(Raw_hvac!$C$2:$C$100=$C8), Raw_hvac!$F$2:$F$100, "-" )} -> -
A9: Existing | B9: cDXHP | C9: Main | D9: DX-AIR | E9: DX-AIR | F9: {=_xlfn.XLOOKUP( 1, (Raw_hvac!$A$2:$A$100=$A9)*(Raw_hvac!$B$2:$B$100=$B9)*(Raw_hvac!$C$2:$C$100=$C9), Raw_hvac!$D$2:$D$100, "-" )} -> SZ-CAV | G9: {=_xlfn.XLOOKUP( 1, (Raw_hvac!$A$2:$A$100=$A9)*(Raw_hvac!$B$2:$B$100=$B9)*(Raw_hvac!$C$2:$C$100=$C9), Raw_hvac!$E$2:$E$100, "-" )} -> 3.738 | H9: {=_xlfn.XLOOKUP( 1, (Raw_hvac!$A$2:$A$100=$A9)*(Raw_hvac!$B$2:$B$100=$B9)*(Raw_hvac!$C$2:$C$100=$C9), Raw_hvac!$F$2:$F$100, "-" )} -> 3.65
A10: Existing | B10: cDXHP | C10: Alternative | D10: {=_xlfn.LET( _xlpm.v, _xlfn.XLOOKUP(1,(Raw_hvac!$A$2:$A$100=$A10)*(Raw_hvac!$B$2:$B$100=$B10)*(Raw_hvac!$C$2:$C$100=$C10),Raw_hvac!$H$2:$H$100,"-"), _xlfn.SWITCH(_xlpm.v, "WATER","Boiler (gas)", "COMBUSTION","Furnace (gas)", _xlpm.v ) )} -> Furnace (gas) | E10: {=_xlfn.LET( _xlpm.v, _xlfn.XLOOKUP(1,(Raw_hvac!$A$2:$A$100=$A10)*(Raw_hvac!$B$2:$B$100=$B10)*(Raw_hvac!$C$2:$C$100=$C10),Raw_hvac!$G$2:$G$100,"-"), IF(_xlpm.v="WATER","Chiller system",_xlpm.v) )} -> DX-AIR | F10: {=_xlfn.XLOOKUP( 1, (Raw_hvac!$A$2:$A$100=$A10)*(Raw_hvac!$B$2:$B$100=$B10)*(Raw_hvac!$C$2:$C$100=$C10), Raw_hvac!$D$2:$D$100, "-" )} -> SZ-VAV | G10: {=_xlfn.XLOOKUP( 1, (Raw_hvac!$A$2:$A$100=$A10)*(Raw_hvac!$B$2:$B$100=$B10)*(Raw_hvac!$C$2:$C$100=$C10), Raw_hvac!$E$2:$E$100, "-" )} -> 0.8 | H10: {=_xlfn.XLOOKUP( 1, (Raw_hvac!$A$2:$A$100=$A10)*(Raw_hvac!$B$2:$B$100=$B10)*(Raw_hvac!$C$2:$C$100=$C10), Raw_hvac!$F$2:$F$100, "-" )} -> 3.85
A11: Existing | B11: cDXHP | C11: Customized | D11: {=_xlfn.LET( _xlpm.v, _xlfn.XLOOKUP(1,(Raw_hvac!$A$2:$A$100=$A11)*(Raw_hvac!$B$2:$B$100=$B11)*(Raw_hvac!$C$2:$C$100=$C11),Raw_hvac!$H$2:$H$100,"-"), _xlfn.SWITCH(_xlpm.v, "WATER","Boiler (gas)", "COMBUSTION","Furnace (gas)", _xlpm.v ) )} -> - | E11: {=_xlfn.LET( _xlpm.v, _xlfn.XLOOKUP(1,(Raw_hvac!$A$2:$A$100=$A11)*(Raw_hvac!$B$2:$B$100=$B11)*(Raw_hvac!$C$2:$C$100=$C11),Raw_hvac!$G$2:$G$100,"-"), IF(_xlpm.v="WATER","Chiller system",_xlpm.v) )} -> - | F11: {=_xlfn.XLOOKUP( 1, (Raw_hvac!$A$2:$A$100=$A11)*(Raw_hvac!$B$2:$B$100=$B11)*(Raw_hvac!$C$2:$C$100=$C11), Raw_hvac!$D$2:$D$100, "-" )} -> - | G11: {=_xlfn.XLOOKUP( 1, (Raw_hvac!$A$2:$A$100=$A11)*(Raw_hvac!$B$2:$B$100=$B11)*(Raw_hvac!$C$2:$C$100=$C11), Raw_hvac!$E$2:$E$100, "-" )} -> - | H11: {=_xlfn.XLOOKUP( 1, (Raw_hvac!$A$2:$A$100=$A11)*(Raw_hvac!$B$2:$B$100=$B11)*(Raw_hvac!$C$2:$C$100=$C11), Raw_hvac!$F$2:$F$100, "-" )} -> -
A12: New Construction | B12: cDXHP | C12: Main | D12: DX-AIR | E12: DX-AIR | F12: {=_xlfn.XLOOKUP( 1, (Raw_hvac!$A$2:$A$100=$A12)*(Raw_hvac!$B$2:$B$100=$B12)*(Raw_hvac!$C$2:$C$100=$C12), Raw_hvac!$D$2:$D$100, "-" )} -> SZ-CAV | G12: {=_xlfn.XLOOKUP( 1, (Raw_hvac!$A$2:$A$100=$A12)*(Raw_hvac!$B$2:$B$100=$B12)*(Raw_hvac!$C$2:$C$100=$C12), Raw_hvac!$E$2:$E$100, "-" )} -> 3.738 | H12: {=_xlfn.XLOOKUP( 1, (Raw_hvac!$A$2:$A$100=$A12)*(Raw_hvac!$B$2:$B$100=$B12)*(Raw_hvac!$C$2:$C$100=$C12), Raw_hvac!$F$2:$F$100, "-" )} -> 3.65
A13: New Construction | B13: cDXHP | C13: Alternative | D13: {=_xlfn.LET( _xlpm.v, _xlfn.XLOOKUP(1,(Raw_hvac!$A$2:$A$100=$A13)*(Raw_hvac!$B$2:$B$100=$B13)*(Raw_hvac!$C$2:$C$100=$C13),Raw_hvac!$H$2:$H$100,"-"), _xlfn.SWITCH(_xlpm.v, "WATER","Boiler (gas)", "COMBUSTION","Furnace (gas)", _xlpm.v ) )} -> Furnace (gas) | E13: {=_xlfn.LET( _xlpm.v, _xlfn.XLOOKUP(1,(Raw_hvac!$A$2:$A$100=$A13)*(Raw_hvac!$B$2:$B$100=$B13)*(Raw_hvac!$C$2:$C$100=$C13),Raw_hvac!$G$2:$G$100,"-"), IF(_xlpm.v="WATER","Chiller system",_xlpm.v) )} -> DX-AIR | F13: {=_xlfn.XLOOKUP( 1, (Raw_hvac!$A$2:$A$100=$A13)*(Raw_hvac!$B$2:$B$100=$B13)*(Raw_hvac!$C$2:$C$100=$C13), Raw_hvac!$D$2:$D$100, "-" )} -> SZ-VAV | G13: {=_xlfn.XLOOKUP( 1, (Raw_hvac!$A$2:$A$100=$A13)*(Raw_hvac!$B$2:$B$100=$B13)*(Raw_hvac!$C$2:$C$100=$C13), Raw_hvac!$E$2:$E$100, "-" )} -> 0.8 | H13: {=_xlfn.XLOOKUP( 1, (Raw_hvac!$A$2:$A$100=$A13)*(Raw_hvac!$B$2:$B$100=$B13)*(Raw_hvac!$C$2:$C$100=$C13), Raw_hvac!$F$2:$F$100, "-" )} -> 3.85
A14: New Construction | B14: cDXHP | C14: Customized | D14: {=_xlfn.LET( _xlpm.v, _xlfn.XLOOKUP(1,(Raw_hvac!$A$2:$A$100=$A14)*(Raw_hvac!$B$2:$B$100=$B14)*(Raw_hvac!$C$2:$C$100=$C14),Raw_hvac!$H$2:$H$100,"-"), _xlfn.SWITCH(_xlpm.v, "WATER","Boiler (gas)", "COMBUSTION","Furnace (gas)", _xlpm.v ) )} -> - | E14: {=_xlfn.LET( _xlpm.v, _xlfn.XLOOKUP(1,(Raw_hvac!$A$2:$A$100=$A14)*(Raw_hvac!$B$2:$B$100=$B14)*(Raw_hvac!$C$2:$C$100=$C14),Raw_hvac!$G$2:$G$100,"-"), IF(_xlpm.v="WATER","Chiller system",_xlpm.v) )} -> - | F14: {=_xlfn.XLOOKUP( 1, (Raw_hvac!$A$2:$A$100=$A14)*(Raw_hvac!$B$2:$B$100=$B14)*(Raw_hvac!$C$2:$C$100=$C14), Raw_hvac!$D$2:$D$100, "-" )} -> - | G14: {=_xlfn.XLOOKUP( 1, (Raw_hvac!$A$2:$A$100=$A14)*(Raw_hvac!$B$2:$B$100=$B14)*(Raw_hvac!$C$2:$C$100=$C14), Raw_hvac!$E$2:$E$100, "-" )} -> - | H14: {=_xlfn.XLOOKUP( 1, (Raw_hvac!$A$2:$A$100=$A14)*(Raw_hvac!$B$2:$B$100=$B14)*(Raw_hvac!$C$2:$C$100=$C14), Raw_hvac!$F$2:$F$100, "-" )} -> -
A15: Existing | B15: cAVVG | C15: Main | D15: Boiler (gas) | E15: Chiller system | F15: {=_xlfn.XLOOKUP( 1, (Raw_hvac!$A$2:$A$100=$A15)*(Raw_hvac!$B$2:$B$100=$B15)*(Raw_hvac!$C$2:$C$100=$C15), Raw_hvac!$D$2:$D$100, "-" )} -> MZ-VAV | G15: {=_xlfn.XLOOKUP( 1, (Raw_hvac!$A$2:$A$100=$A15)*(Raw_hvac!$B$2:$B$100=$B15)*(Raw_hvac!$C$2:$C$100=$C15), Raw_hvac!$E$2:$E$100, "-" )} -> 0.805 | H15: {=_xlfn.XLOOKUP( 1, (Raw_hvac!$A$2:$A$100=$A15)*(Raw_hvac!$B$2:$B$100=$B15)*(Raw_hvac!$C$2:$C$100=$C15), Raw_hvac!$F$2:$F$100, "-" )} -> 3.05
A16: Existing | B16: cAVVG | C16: Alternative | D16: {=_xlfn.LET( _xlpm.v, _xlfn.XLOOKUP(1,(Raw_hvac!$A$2:$A$100=$A16)*(Raw_hvac!$B$2:$B$100=$B16)*(Raw_hvac!$C$2:$C$100=$C16),Raw_hvac!$H$2:$H$100,"-"), _xlfn.SWITCH(_xlpm.v, "WATER","Boiler (gas)", "COMBUSTION","Furnace (gas)", _xlpm.v ) )} -> Furnace (gas) | E16: {=_xlfn.LET( _xlpm.v, _xlfn.XLOOKUP(1,(Raw_hvac!$A$2:$A$100=$A16)*(Raw_hvac!$B$2:$B$100=$B16)*(Raw_hvac!$C$2:$C$100=$C16),Raw_hvac!$G$2:$G$100,"-"), IF(_xlpm.v="WATER","Chiller system",_xlpm.v) )} -> DX-AIR | F16: {=_xlfn.XLOOKUP( 1, (Raw_hvac!$A$2:$A$100=$A16)*(Raw_hvac!$B$2:$B$100=$B16)*(Raw_hvac!$C$2:$C$100=$C16), Raw_hvac!$D$2:$D$100, "-" )} -> SZ-VAV | G16: {=_xlfn.XLOOKUP( 1, (Raw_hvac!$A$2:$A$100=$A16)*(Raw_hvac!$B$2:$B$100=$B16)*(Raw_hvac!$C$2:$C$100=$C16), Raw_hvac!$E$2:$E$100, "-" )} -> 0.8 | H16: {=_xlfn.XLOOKUP( 1, (Raw_hvac!$A$2:$A$100=$A16)*(Raw_hvac!$B$2:$B$100=$B16)*(Raw_hvac!$C$2:$C$100=$C16), Raw_hvac!$F$2:$F$100, "-" )} -> 3.85
A17: Existing | B17: cAVVG | C17: Customized | D17: {=_xlfn.LET( _xlpm.v, _xlfn.XLOOKUP(1,(Raw_hvac!$A$2:$A$100=$A17)*(Raw_hvac!$B$2:$B$100=$B17)*(Raw_hvac!$C$2:$C$100=$C17),Raw_hvac!$H$2:$H$100,"-"), _xlfn.SWITCH(_xlpm.v, "WATER","Boiler (gas)", "COMBUSTION","Furnace (gas)", _xlpm.v ) )} -> - | E17: {=_xlfn.LET( _xlpm.v, _xlfn.XLOOKUP(1,(Raw_hvac!$A$2:$A$100=$A17)*(Raw_hvac!$B$2:$B$100=$B17)*(Raw_hvac!$C$2:$C$100=$C17),Raw_hvac!$G$2:$G$100,"-"), IF(_xlpm.v="WATER","Chiller system",_xlpm.v) )} -> - | F17: {=_xlfn.XLOOKUP( 1, (Raw_hvac!$A$2:$A$100=$A17)*(Raw_hvac!$B$2:$B$100=$B17)*(Raw_hvac!$C$2:$C$100=$C17), Raw_hvac!$D$2:$D$100, "-" )} -> - | G17: {=_xlfn.XLOOKUP( 1, (Raw_hvac!$A$2:$A$100=$A17)*(Raw_hvac!$B$2:$B$100=$B17)*(Raw_hvac!$C$2:$C$100=$C17), Raw_hvac!$E$2:$E$100, "-" )} -> - | H17: {=_xlfn.XLOOKUP( 1, (Raw_hvac!$A$2:$A$100=$A17)*(Raw_hvac!$B$2:$B$100=$B17)*(Raw_hvac!$C$2:$C$100=$C17), Raw_hvac!$F$2:$F$100, "-" )} -> -
A18: New Construction | B18: cAVVG | C18: Main | D18: Boiler (gas) | E18: Chiller system | F18: {=_xlfn.XLOOKUP( 1, (Raw_hvac!$A$2:$A$100=$A18)*(Raw_hvac!$B$2:$B$100=$B18)*(Raw_hvac!$C$2:$C$100=$C18), Raw_hvac!$D$2:$D$100, "-" )} -> MZ-VAV | G18: {=_xlfn.XLOOKUP( 1, (Raw_hvac!$A$2:$A$100=$A18)*(Raw_hvac!$B$2:$B$100=$B18)*(Raw_hvac!$C$2:$C$100=$C18), Raw_hvac!$E$2:$E$100, "-" )} -> 0.805 | H18: {=_xlfn.XLOOKUP( 1, (Raw_hvac!$A$2:$A$100=$A18)*(Raw_hvac!$B$2:$B$100=$B18)*(Raw_hvac!$C$2:$C$100=$C18), Raw_hvac!$F$2:$F$100, "-" )} -> 3.05
A19: New Construction | B19: cAVVG | C19: Alternative | D19: {=_xlfn.LET( _xlpm.v, _xlfn.XLOOKUP(1,(Raw_hvac!$A$2:$A$100=$A19)*(Raw_hvac!$B$2:$B$100=$B19)*(Raw_hvac!$C$2:$C$100=$C19),Raw_hvac!$H$2:$H$100,"-"), _xlfn.SWITCH(_xlpm.v, "WATER","Boiler (gas)", "COMBUSTION","Furnace (gas)", _xlpm.v ) )} -> Furnace (gas) | E19: {=_xlfn.LET( _xlpm.v, _xlfn.XLOOKUP(1,(Raw_hvac!$A$2:$A$100=$A19)*(Raw_hvac!$B$2:$B$100=$B19)*(Raw_hvac!$C$2:$C$100=$C19),Raw_hvac!$G$2:$G$100,"-"), IF(_xlpm.v="WATER","Chiller system",_xlpm.v) )} -> DX-AIR | F19: {=_xlfn.XLOOKUP( 1, (Raw_hvac!$A$2:$A$100=$A19)*(Raw_hvac!$B$2:$B$100=$B19)*(Raw_hvac!$C$2:$C$100=$C19), Raw_hvac!$D$2:$D$100, "-" )} -> SZ-VAV | G19: {=_xlfn.XLOOKUP( 1, (Raw_hvac!$A$2:$A$100=$A19)*(Raw_hvac!$B$2:$B$100=$B19)*(Raw_hvac!$C$2:$C$100=$C19), Raw_hvac!$E$2:$E$100, "-" )} -> 0.8 | H19: {=_xlfn.XLOOKUP( 1, (Raw_hvac!$A$2:$A$100=$A19)*(Raw_hvac!$B$2:$B$100=$B19)*(Raw_hvac!$C$2:$C$100=$C19), Raw_hvac!$F$2:$F$100, "-" )} -> 3.85
A20: New Construction | B20: cAVVG | C20: Customized | D20: {=_xlfn.LET( _xlpm.v, _xlfn.XLOOKUP(1,(Raw_hvac!$A$2:$A$100=$A20)*(Raw_hvac!$B$2:$B$100=$B20)*(Raw_hvac!$C$2:$C$100=$C20),Raw_hvac!$H$2:$H$100,"-"), _xlfn.SWITCH(_xlpm.v, "WATER","Boiler (gas)", "COMBUSTION","Furnace (gas)", _xlpm.v ) )} -> - | E20: {=_xlfn.LET( _xlpm.v, _xlfn.XLOOKUP(1,(Raw_hvac!$A$2:$A$100=$A20)*(Raw_hvac!$B$2:$B$100=$B20)*(Raw_hvac!$C$2:$C$100=$C20),Raw_hvac!$G$2:$G$100,"-"), IF(_xlpm.v="WATER","Chiller system",_xlpm.v) )} -> - | F20: {=_xlfn.XLOOKUP( 1, (Raw_hvac!$A$2:$A$100=$A20)*(Raw_hvac!$B$2:$B$100=$B20)*(Raw_hvac!$C$2:$C$100=$C20), Raw_hvac!$D$2:$D$100, "-" )} -> - | G20: {=_xlfn.XLOOKUP( 1, (Raw_hvac!$A$2:$A$100=$A20)*(Raw_hvac!$B$2:$B$100=$B20)*(Raw_hvac!$C$2:$C$100=$C20), Raw_hvac!$E$2:$E$100, "-" )} -> - | H20: {=_xlfn.XLOOKUP( 1, (Raw_hvac!$A$2:$A$100=$A20)*(Raw_hvac!$B$2:$B$100=$B20)*(Raw_hvac!$C$2:$C$100=$C20), Raw_hvac!$F$2:$F$100, "-" )} -> -
A21: Existing | B21: cDXOH | C21: Main | D21: None | E21: DX-AIR | F21: {=_xlfn.XLOOKUP( 1, (Raw_hvac!$A$2:$A$100=$A21)*(Raw_hvac!$B$2:$B$100=$B21)*(Raw_hvac!$C$2:$C$100=$C21), Raw_hvac!$D$2:$D$100, "-" )} -> SZ-CAV | G21: {=_xlfn.XLOOKUP( 1, (Raw_hvac!$A$2:$A$100=$A21)*(Raw_hvac!$B$2:$B$100=$B21)*(Raw_hvac!$C$2:$C$100=$C21), Raw_hvac!$E$2:$E$100, "-" )} -> - | H21: {=_xlfn.XLOOKUP( 1, (Raw_hvac!$A$2:$A$100=$A21)*(Raw_hvac!$B$2:$B$100=$B21)*(Raw_hvac!$C$2:$C$100=$C21), Raw_hvac!$F$2:$F$100, "-" )} -> 3.65
A22: Existing | B22: cDXOH | C22: Alternative | D22: {=_xlfn.LET( _xlpm.v, _xlfn.XLOOKUP(1,(Raw_hvac!$A$2:$A$100=$A22)*(Raw_hvac!$B$2:$B$100=$B22)*(Raw_hvac!$C$2:$C$100=$C22),Raw_hvac!$H$2:$H$100,"-"), _xlfn.SWITCH(_xlpm.v, "WATER","Boiler (gas)", "COMBUSTION","Furnace (gas)", _xlpm.v ) )} -> Furnace (gas) | E22: {=_xlfn.LET( _xlpm.v, _xlfn.XLOOKUP(1,(Raw_hvac!$A$2:$A$100=$A22)*(Raw_hvac!$B$2:$B$100=$B22)*(Raw_hvac!$C$2:$C$100=$C22),Raw_hvac!$G$2:$G$100,"-"), IF(_xlpm.v="WATER","Chiller system",_xlpm.v) )} -> DX-AIR | F22: {=_xlfn.XLOOKUP( 1, (Raw_hvac!$A$2:$A$100=$A22)*(Raw_hvac!$B$2:$B$100=$B22)*(Raw_hvac!$C$2:$C$100=$C22), Raw_hvac!$D$2:$D$100, "-" )} -> SZ-VAV | G22: {=_xlfn.XLOOKUP( 1, (Raw_hvac!$A$2:$A$100=$A22)*(Raw_hvac!$B$2:$B$100=$B22)*(Raw_hvac!$C$2:$C$100=$C22), Raw_hvac!$E$2:$E$100, "-" )} -> 0.8 | H22: {=_xlfn.XLOOKUP( 1, (Raw_hvac!$A$2:$A$100=$A22)*(Raw_hvac!$B$2:$B$100=$B22)*(Raw_hvac!$C$2:$C$100=$C22), Raw_hvac!$F$2:$F$100, "-" )} -> 3.85
A23: Existing | B23: cDXOH | C23: Customized | D23: {=_xlfn.LET( _xlpm.v, _xlfn.XLOOKUP(1,(Raw_hvac!$A$2:$A$100=$A23)*(Raw_hvac!$B$2:$B$100=$B23)*(Raw_hvac!$C$2:$C$100=$C23),Raw_hvac!$H$2:$H$100,"-"), _xlfn.SWITCH(_xlpm.v, "WATER","Boiler (gas)", "COMBUSTION","Furnace (gas)", _xlpm.v ) )} -> - | E23: {=_xlfn.LET( _xlpm.v, _xlfn.XLOOKUP(1,(Raw_hvac!$A$2:$A$100=$A23)*(Raw_hvac!$B$2:$B$100=$B23)*(Raw_hvac!$C$2:$C$100=$C23),Raw_hvac!$G$2:$G$100,"-"), IF(_xlpm.v="WATER","Chiller system",_xlpm.v) )} -> - | F23: {=_xlfn.XLOOKUP( 1, (Raw_hvac!$A$2:$A$100=$A23)*(Raw_hvac!$B$2:$B$100=$B23)*(Raw_hvac!$C$2:$C$100=$C23), Raw_hvac!$D$2:$D$100, "-" )} -> - | G23: {=_xlfn.XLOOKUP( 1, (Raw_hvac!$A$2:$A$100=$A23)*(Raw_hvac!$B$2:$B$100=$B23)*(Raw_hvac!$C$2:$C$100=$C23), Raw_hvac!$E$2:$E$100, "-" )} -> - | H23: {=_xlfn.XLOOKUP( 1, (Raw_hvac!$A$2:$A$100=$A23)*(Raw_hvac!$B$2:$B$100=$B23)*(Raw_hvac!$C$2:$C$100=$C23), Raw_hvac!$F$2:$F$100, "-" )} -> -
A24: New Construction | B24: cDXOH | C24: Main | D24: None | E24: DX-AIR | F24: {=_xlfn.XLOOKUP( 1, (Raw_hvac!$A$2:$A$100=$A24)*(Raw_hvac!$B$2:$B$100=$B24)*(Raw_hvac!$C$2:$C$100=$C24), Raw_hvac!$D$2:$D$100, "-" )} -> SZ-CAV | G24: {=_xlfn.XLOOKUP( 1, (Raw_hvac!$A$2:$A$100=$A24)*(Raw_hvac!$B$2:$B$100=$B24)*(Raw_hvac!$C$2:$C$100=$C24), Raw_hvac!$E$2:$E$100, "-" )} -> - | H24: {=_xlfn.XLOOKUP( 1, (Raw_hvac!$A$2:$A$100=$A24)*(Raw_hvac!$B$2:$B$100=$B24)*(Raw_hvac!$C$2:$C$100=$C24), Raw_hvac!$F$2:$F$100, "-" )} -> 3.65
A25: New Construction | B25: cDXOH | C25: Alternative | D25: {=_xlfn.LET( _xlpm.v, _xlfn.XLOOKUP(1,(Raw_hvac!$A$2:$A$100=$A25)*(Raw_hvac!$B$2:$B$100=$B25)*(Raw_hvac!$C$2:$C$100=$C25),Raw_hvac!$H$2:$H$100,"-"), _xlfn.SWITCH(_xlpm.v, "WATER","Boiler (gas)", "COMBUSTION","Furnace (gas)", _xlpm.v ) )} -> Furnace (gas) | E25: {=_xlfn.LET( _xlpm.v, _xlfn.XLOOKUP(1,(Raw_hvac!$A$2:$A$100=$A25)*(Raw_hvac!$B$2:$B$100=$B25)*(Raw_hvac!$C$2:$C$100=$C25),Raw_hvac!$G$2:$G$100,"-"), IF(_xlpm.v="WATER","Chiller system",_xlpm.v) )} -> DX-AIR | F25: {=_xlfn.XLOOKUP( 1, (Raw_hvac!$A$2:$A$100=$A25)*(Raw_hvac!$B$2:$B$100=$B25)*(Raw_hvac!$C$2:$C$100=$C25), Raw_hvac!$D$2:$D$100, "-" )} -> SZ-VAV | G25: {=_xlfn.XLOOKUP( 1, (Raw_hvac!$A$2:$A$100=$A25)*(Raw_hvac!$B$2:$B$100=$B25)*(Raw_hvac!$C$2:$C$100=$C25), Raw_hvac!$E$2:$E$100, "-" )} -> 0.8 | H25: {=_xlfn.XLOOKUP( 1, (Raw_hvac!$A$2:$A$100=$A25)*(Raw_hvac!$B$2:$B$100=$B25)*(Raw_hvac!$C$2:$C$100=$C25), Raw_hvac!$F$2:$F$100, "-" )} -> 3.85
A26: New Construction | B26: cDXOH | C26: Customized | D26: {=_xlfn.LET( _xlpm.v, _xlfn.XLOOKUP(1,(Raw_hvac!$A$2:$A$100=$A26)*(Raw_hvac!$B$2:$B$100=$B26)*(Raw_hvac!$C$2:$C$100=$C26),Raw_hvac!$H$2:$H$100,"-"), _xlfn.SWITCH(_xlpm.v, "WATER","Boiler (gas)", "COMBUSTION","Furnace (gas)", _xlpm.v ) )} -> - | E26: {=_xlfn.LET( _xlpm.v, _xlfn.XLOOKUP(1,(Raw_hvac!$A$2:$A$100=$A26)*(Raw_hvac!$B$2:$B$100=$B26)*(Raw_hvac!$C$2:$C$100=$C26),Raw_hvac!$G$2:$G$100,"-"), IF(_xlpm.v="WATER","Chiller system",_xlpm.v) )} -> - | F26: {=_xlfn.XLOOKUP( 1, (Raw_hvac!$A$2:$A$100=$A26)*(Raw_hvac!$B$2:$B$100=$B26)*(Raw_hvac!$C$2:$C$100=$C26), Raw_hvac!$D$2:$D$100, "-" )} -> - | G26: {=_xlfn.XLOOKUP( 1, (Raw_hvac!$A$2:$A$100=$A26)*(Raw_hvac!$B$2:$B$100=$B26)*(Raw_hvac!$C$2:$C$100=$C26), Raw_hvac!$E$2:$E$100, "-" )} -> - | H26: {=_xlfn.XLOOKUP( 1, (Raw_hvac!$A$2:$A$100=$A26)*(Raw_hvac!$B$2:$B$100=$B26)*(Raw_hvac!$C$2:$C$100=$C26), Raw_hvac!$F$2:$F$100, "-" )} -> -
A27: Existing | B27: cPVVG | C27: Main | D27: Furnace (gas) | E27: DX-AIR | F27: {=_xlfn.XLOOKUP( 1, (Raw_hvac!$A$2:$A$100=$A27)*(Raw_hvac!$B$2:$B$100=$B27)*(Raw_hvac!$C$2:$C$100=$C27), Raw_hvac!$D$2:$D$100, "-" )} -> SZ-VAV | G27: {=_xlfn.XLOOKUP( 1, (Raw_hvac!$A$2:$A$100=$A27)*(Raw_hvac!$B$2:$B$100=$B27)*(Raw_hvac!$C$2:$C$100=$C27), Raw_hvac!$E$2:$E$100, "-" )} -> 0.8 | H27: {=_xlfn.XLOOKUP( 1, (Raw_hvac!$A$2:$A$100=$A27)*(Raw_hvac!$B$2:$B$100=$B27)*(Raw_hvac!$C$2:$C$100=$C27), Raw_hvac!$F$2:$F$100, "-" )} -> 3.65
A28: Existing | B28: cPVVG | C28: Alternative | D28: {=_xlfn.LET( _xlpm.v, _xlfn.XLOOKUP(1,(Raw_hvac!$A$2:$A$100=$A28)*(Raw_hvac!$B$2:$B$100=$B28)*(Raw_hvac!$C$2:$C$100=$C28),Raw_hvac!$H$2:$H$100,"-"), _xlfn.SWITCH(_xlpm.v, "WATER","Boiler (gas)", "COMBUSTION","Furnace (gas)", _xlpm.v ) )} -> Furnace (gas) | E28: {=_xlfn.LET( _xlpm.v, _xlfn.XLOOKUP(1,(Raw_hvac!$A$2:$A$100=$A28)*(Raw_hvac!$B$2:$B$100=$B28)*(Raw_hvac!$C$2:$C$100=$C28),Raw_hvac!$G$2:$G$100,"-"), IF(_xlpm.v="WATER","Chiller system",_xlpm.v) )} -> DX-AIR | F28: {=_xlfn.XLOOKUP( 1, (Raw_hvac!$A$2:$A$100=$A28)*(Raw_hvac!$B$2:$B$100=$B28)*(Raw_hvac!$C$2:$C$100=$C28), Raw_hvac!$D$2:$D$100, "-" )} -> SZ-VAV | G28: {=_xlfn.XLOOKUP( 1, (Raw_hvac!$A$2:$A$100=$A28)*(Raw_hvac!$B$2:$B$100=$B28)*(Raw_hvac!$C$2:$C$100=$C28), Raw_hvac!$E$2:$E$100, "-" )} -> 0.8 | H28: {=_xlfn.XLOOKUP( 1, (Raw_hvac!$A$2:$A$100=$A28)*(Raw_hvac!$B$2:$B$100=$B28)*(Raw_hvac!$C$2:$C$100=$C28), Raw_hvac!$F$2:$F$100, "-" )} -> 3.85
A29: Existing | B29: cPVVG | C29: Customized | D29: {=_xlfn.LET( _xlpm.v, _xlfn.XLOOKUP(1,(Raw_hvac!$A$2:$A$100=$A29)*(Raw_hvac!$B$2:$B$100=$B29)*(Raw_hvac!$C$2:$C$100=$C29),Raw_hvac!$H$2:$H$100,"-"), _xlfn.SWITCH(_xlpm.v, "WATER","Boiler (gas)", "COMBUSTION","Furnace (gas)", _xlpm.v ) )} -> - | E29: {=_xlfn.LET( _xlpm.v, _xlfn.XLOOKUP(1,(Raw_hvac!$A$2:$A$100=$A29)*(Raw_hvac!$B$2:$B$100=$B29)*(Raw_hvac!$C$2:$C$100=$C29),Raw_hvac!$G$2:$G$100,"-"), IF(_xlpm.v="WATER","Chiller system",_xlpm.v) )} -> - | F29: {=_xlfn.XLOOKUP( 1, (Raw_hvac!$A$2:$A$100=$A29)*(Raw_hvac!$B$2:$B$100=$B29)*(Raw_hvac!$C$2:$C$100=$C29), Raw_hvac!$D$2:$D$100, "-" )} -> - | G29: {=_xlfn.XLOOKUP( 1, (Raw_hvac!$A$2:$A$100=$A29)*(Raw_hvac!$B$2:$B$100=$B29)*(Raw_hvac!$C$2:$C$100=$C29), Raw_hvac!$E$2:$E$100, "-" )} -> - | H29: {=_xlfn.XLOOKUP( 1, (Raw_hvac!$A$2:$A$100=$A29)*(Raw_hvac!$B$2:$B$100=$B29)*(Raw_hvac!$C$2:$C$100=$C29), Raw_hvac!$F$2:$F$100, "-" )} -> -
A30: New Construction | B30: cPVVG | C30: Main | D30: Furnace (gas) | E30: DX-AIR | F30: {=_xlfn.XLOOKUP( 1, (Raw_hvac!$A$2:$A$100=$A30)*(Raw_hvac!$B$2:$B$100=$B30)*(Raw_hvac!$C$2:$C$100=$C30), Raw_hvac!$D$2:$D$100, "-" )} -> SZ-VAV | G30: {=_xlfn.XLOOKUP( 1, (Raw_hvac!$A$2:$A$100=$A30)*(Raw_hvac!$B$2:$B$100=$B30)*(Raw_hvac!$C$2:$C$100=$C30), Raw_hvac!$E$2:$E$100, "-" )} -> 0.8 | H30: {=_xlfn.XLOOKUP( 1, (Raw_hvac!$A$2:$A$100=$A30)*(Raw_hvac!$B$2:$B$100=$B30)*(Raw_hvac!$C$2:$C$100=$C30), Raw_hvac!$F$2:$F$100, "-" )} -> 3.65
A31: New Construction | B31: cPVVG | C31: Alternative | D31: {=_xlfn.LET( _xlpm.v, _xlfn.XLOOKUP(1,(Raw_hvac!$A$2:$A$100=$A31)*(Raw_hvac!$B$2:$B$100=$B31)*(Raw_hvac!$C$2:$C$100=$C31),Raw_hvac!$H$2:$H$100,"-"), _xlfn.SWITCH(_xlpm.v, "WATER","Boiler (gas)", "COMBUSTION","Furnace (gas)", _xlpm.v ) )} -> Furnace (gas) | E31: {=_xlfn.LET( _xlpm.v, _xlfn.XLOOKUP(1,(Raw_hvac!$A$2:$A$100=$A31)*(Raw_hvac!$B$2:$B$100=$B31)*(Raw_hvac!$C$2:$C$100=$C31),Raw_hvac!$G$2:$G$100,"-"), IF(_xlpm.v="WATER","Chiller system",_xlpm.v) )} -> DX-AIR | F31: {=_xlfn.XLOOKUP( 1, (Raw_hvac!$A$2:$A$100=$A31)*(Raw_hvac!$B$2:$B$100=$B31)*(Raw_hvac!$C$2:$C$100=$C31), Raw_hvac!$D$2:$D$100, "-" )} -> SZ-VAV | G31: {=_xlfn.XLOOKUP( 1, (Raw_hvac!$A$2:$A$100=$A31)*(Raw_hvac!$B$2:$B$100=$B31)*(Raw_hvac!$C$2:$C$100=$C31), Raw_hvac!$E$2:$E$100, "-" )} -> 0.8 | H31: {=_xlfn.XLOOKUP( 1, (Raw_hvac!$A$2:$A$100=$A31)*(Raw_hvac!$B$2:$B$100=$B31)*(Raw_hvac!$C$2:$C$100=$C31), Raw_hvac!$F$2:$F$100, "-" )} -> 3.85
A32: New Construction | B32: cPVVG | C32: Customized | D32: {=_xlfn.LET( _xlpm.v, _xlfn.XLOOKUP(1,(Raw_hvac!$A$2:$A$100=$A32)*(Raw_hvac!$B$2:$B$100=$B32)*(Raw_hvac!$C$2:$C$100=$C32),Raw_hvac!$H$2:$H$100,"-"), _xlfn.SWITCH(_xlpm.v, "WATER","Boiler (gas)", "COMBUSTION","Furnace (gas)", _xlpm.v ) )} -> - | E32: {=_xlfn.LET( _xlpm.v, _xlfn.XLOOKUP(1,(Raw_hvac!$A$2:$A$100=$A32)*(Raw_hvac!$B$2:$B$100=$B32)*(Raw_hvac!$C$2:$C$100=$C32),Raw_hvac!$G$2:$G$100,"-"), IF(_xlpm.v="WATER","Chiller system",_xlpm.v) )} -> - | F32: {=_xlfn.XLOOKUP( 1, (Raw_hvac!$A$2:$A$100=$A32)*(Raw_hvac!$B$2:$B$100=$B32)*(Raw_hvac!$C$2:$C$100=$C32), Raw_hvac!$D$2:$D$100, "-" )} -> - | G32: {=_xlfn.XLOOKUP( 1, (Raw_hvac!$A$2:$A$100=$A32)*(Raw_hvac!$B$2:$B$100=$B32)*(Raw_hvac!$C$2:$C$100=$C32), Raw_hvac!$E$2:$E$100, "-" )} -> - | H32: {=_xlfn.XLOOKUP( 1, (Raw_hvac!$A$2:$A$100=$A32)*(Raw_hvac!$B$2:$B$100=$B32)*(Raw_hvac!$C$2:$C$100=$C32), Raw_hvac!$F$2:$F$100, "-" )} -> -
A33: *DX Heating and cooling COPs are calculated based on coil-only input power and exclude fan power
A36: ="Fan Power - "&Prototype!A2 -> Fan Power - Retail - Multistory Large
A37: Vintage | B37: System Name | C37: HVAC System Identifier | D37: Fan System | E37: Total Static Pressure (TSP) (in w.c.) | F37: Fan Efficiency | G37: Fan Motor and Drive Efficiency | H37: W/cfm | I37: Note
A38: =Raw_fanoverview!A2 -> Existing | B38: =Raw_fanoverview!B2 -> cAVVG | C38: =IF(Raw_fanoverview!D2=0,"-",Raw_fanoverview!D2) -> Alternative | D38: =_xlfn.LET(_xlpm.x,_xlfn.IFNA(_xlfn.TEXTBEFORE(Raw_fanoverview!C2," Fans"),Raw_fanoverview!C2),IF(_xlpm.x=0,"-",_xlpm.x)) -> SZ-VAV | E38: =IF(Raw_fanoverview!E2=0,"-",Raw_fanoverview!E2) -> 3.8770014 | F38: =IF(Raw_fanoverview!F2=0,"-",Raw_fanoverview!F2) -> 0.55 | G38: =IF(Raw_fanoverview!G2=0,"-",Raw_fanoverview!G2) -> 0.9 | H38: =IF(Raw_fanoverview!H2=0,"-",Raw_fanoverview!H2) -> 0.83
A39: =Raw_fanoverview!A3 -> Existing | B39: =Raw_fanoverview!B3 -> cAVVG | C39: =IF(Raw_fanoverview!D3=0,"-",Raw_fanoverview!D3) -> Main | D39: =_xlfn.LET(_xlpm.x,_xlfn.IFNA(_xlfn.TEXTBEFORE(Raw_fanoverview!C3," Fans"),Raw_fanoverview!C3),IF(_xlpm.x=0,"-",_xlpm.x)) -> MZ-VAV | E39: =IF(Raw_fanoverview!E3=0,"-",Raw_fanoverview!E3) -> 5.3619709 | F39: =IF(Raw_fanoverview!F3=0,"-",Raw_fanoverview!F3) -> 0.55 | G39: =IF(Raw_fanoverview!G3=0,"-",Raw_fanoverview!G3) -> 0.9 | H39: =IF(Raw_fanoverview!H3=0,"-",Raw_fanoverview!H3) -> 1.15
A40: =Raw_fanoverview!A4 -> New Construction | B40: =Raw_fanoverview!B4 -> cAVVG | C40: =IF(Raw_fanoverview!D4=0,"-",Raw_fanoverview!D4) -> Alternative | D40: =_xlfn.LET(_xlpm.x,_xlfn.IFNA(_xlfn.TEXTBEFORE(Raw_fanoverview!C4," Fans"),Raw_fanoverview!C4),IF(_xlpm.x=0,"-",_xlpm.x)) -> SZ-VAV | E40: =IF(Raw_fanoverview!E4=0,"-",Raw_fanoverview!E4) -> 3.8770014 | F40: =IF(Raw_fanoverview!F4=0,"-",Raw_fanoverview!F4) -> 0.55 | G40: =IF(Raw_fanoverview!G4=0,"-",Raw_fanoverview!G4) -> 0.9 | H40: =IF(Raw_fanoverview!H4=0,"-",Raw_fanoverview!H4) -> 0.83
A41: =Raw_fanoverview!A5 -> New Construction | B41: =Raw_fanoverview!B5 -> cAVVG | C41: =IF(Raw_fanoverview!D5=0,"-",Raw_fanoverview!D5) -> Main | D41: =_xlfn.LET(_xlpm.x,_xlfn.IFNA(_xlfn.TEXTBEFORE(Raw_fanoverview!C5," Fans"),Raw_fanoverview!C5),IF(_xlpm.x=0,"-",_xlpm.x)) -> MZ-VAV | E41: =IF(Raw_fanoverview!E5=0,"-",Raw_fanoverview!E5) -> 5.3619709 | F41: =IF(Raw_fanoverview!F5=0,"-",Raw_fanoverview!F5) -> 0.55 | G41: =IF(Raw_fanoverview!G5=0,"-",Raw_fanoverview!G5) -> 0.9 | H41: =IF(Raw_fanoverview!H5=0,"-",Raw_fanoverview!H5) -> 1.15
A42: =Raw_fanoverview!A6 -> Existing | B42: =Raw_fanoverview!B6 -> cDXGF | C42: =IF(Raw_fanoverview!D6=0,"-",Raw_fanoverview!D6) -> Main | D42: =_xlfn.LET(_xlpm.x,_xlfn.IFNA(_xlfn.TEXTBEFORE(Raw_fanoverview!C6," Fans"),Raw_fanoverview!C6),IF(_xlpm.x=0,"-",_xlpm.x)) -> SZ-CAV | E42: =IF(Raw_fanoverview!E6=0,"-",Raw_fanoverview!E6) -> 3.8770014 | F42: =IF(Raw_fanoverview!F6=0,"-",Raw_fanoverview!F6) -> 0.55 | G42: =IF(Raw_fanoverview!G6=0,"-",Raw_fanoverview!G6) -> 0.87 | H42: =IF(Raw_fanoverview!H6=0,"-",Raw_fanoverview!H6) -> 0.83
A43: =Raw_fanoverview!A7 -> Existing | B43: =Raw_fanoverview!B7 -> cDXGF | C43: =IF(Raw_fanoverview!D7=0,"-",Raw_fanoverview!D7) -> Alternative | D43: =_xlfn.LET(_xlpm.x,_xlfn.IFNA(_xlfn.TEXTBEFORE(Raw_fanoverview!C7," Fans"),Raw_fanoverview!C7),IF(_xlpm.x=0,"-",_xlpm.x)) -> SZ-VAV | E43: =IF(Raw_fanoverview!E7=0,"-",Raw_fanoverview!E7) -> 3.8770014 | F43: =IF(Raw_fanoverview!F7=0,"-",Raw_fanoverview!F7) -> 0.55 | G43: =IF(Raw_fanoverview!G7=0,"-",Raw_fanoverview!G7) -> 0.9 | H43: =IF(Raw_fanoverview!H7=0,"-",Raw_fanoverview!H7) -> 0.83
A44: =Raw_fanoverview!A8 -> New Construction | B44: =Raw_fanoverview!B8 -> cDXGF | C44: =IF(Raw_fanoverview!D8=0,"-",Raw_fanoverview!D8) -> Main | D44: =_xlfn.LET(_xlpm.x,_xlfn.IFNA(_xlfn.TEXTBEFORE(Raw_fanoverview!C8," Fans"),Raw_fanoverview!C8),IF(_xlpm.x=0,"-",_xlpm.x)) -> SZ-CAV | E44: =IF(Raw_fanoverview!E8=0,"-",Raw_fanoverview!E8) -> 3.8770014 | F44: =IF(Raw_fanoverview!F8=0,"-",Raw_fanoverview!F8) -> 0.55 | G44: =IF(Raw_fanoverview!G8=0,"-",Raw_fanoverview!G8) -> 0.87 | H44: =IF(Raw_fanoverview!H8=0,"-",Raw_fanoverview!H8) -> 0.83
A45: =Raw_fanoverview!A9 -> New Construction | B45: =Raw_fanoverview!B9 -> cDXGF | C45: =IF(Raw_fanoverview!D9=0,"-",Raw_fanoverview!D9) -> Alternative | D45: =_xlfn.LET(_xlpm.x,_xlfn.IFNA(_xlfn.TEXTBEFORE(Raw_fanoverview!C9," Fans"),Raw_fanoverview!C9),IF(_xlpm.x=0,"-",_xlpm.x)) -> SZ-VAV | E45: =IF(Raw_fanoverview!E9=0,"-",Raw_fanoverview!E9) -> 3.8770014 | F45: =IF(Raw_fanoverview!F9=0,"-",Raw_fanoverview!F9) -> 0.55 | G45: =IF(Raw_fanoverview!G9=0,"-",Raw_fanoverview!G9) -> 0.9 | H45: =IF(Raw_fanoverview!H9=0,"-",Raw_fanoverview!H9) -> 0.83
A46: =Raw_fanoverview!A10 -> Existing | B46: =Raw_fanoverview!B10 -> cDXHP | C46: =IF(Raw_fanoverview!D10=0,"-",Raw_fanoverview!D10) -> Main | D46: =_xlfn.LET(_xlpm.x,_xlfn.IFNA(_xlfn.TEXTBEFORE(Raw_fanoverview!C10," Fans"),Raw_fanoverview!C10),IF(_xlpm.x=0,"-",_xlpm.x)) -> SZ-CAV | E46: =IF(Raw_fanoverview!E10=0,"-",Raw_fanoverview!E10) -> 3.8770014 | F46: =IF(Raw_fanoverview!F10=0,"-",Raw_fanoverview!F10) -> 0.55 | G46: =IF(Raw_fanoverview!G10=0,"-",Raw_fanoverview!G10) -> 0.87 | H46: =IF(Raw_fanoverview!H10=0,"-",Raw_fanoverview!H10) -> 0.83
A47: =Raw_fanoverview!A11 -> Existing | B47: =Raw_fanoverview!B11 -> cDXHP | C47: =IF(Raw_fanoverview!D11=0,"-",Raw_fanoverview!D11) -> Alternative | D47: =_xlfn.LET(_xlpm.x,_xlfn.IFNA(_xlfn.TEXTBEFORE(Raw_fanoverview!C11," Fans"),Raw_fanoverview!C11),IF(_xlpm.x=0,"-",_xlpm.x)) -> SZ-VAV | E47: =IF(Raw_fanoverview!E11=0,"-",Raw_fanoverview!E11) -> 3.8770014 | F47: =IF(Raw_fanoverview!F11=0,"-",Raw_fanoverview!F11) -> 0.55 | G47: =IF(Raw_fanoverview!G11=0,"-",Raw_fanoverview!G11) -> 0.9 | H47: =IF(Raw_fanoverview!H11=0,"-",Raw_fanoverview!H11) -> 0.83
A48: =Raw_fanoverview!A12 -> New Construction | B48: =Raw_fanoverview!B12 -> cDXHP | C48: =IF(Raw_fanoverview!D12=0,"-",Raw_fanoverview!D12) -> Main | D48: =_xlfn.LET(_xlpm.x,_xlfn.IFNA(_xlfn.TEXTBEFORE(Raw_fanoverview!C12," Fans"),Raw_fanoverview!C12),IF(_xlpm.x=0,"-",_xlpm.x)) -> SZ-CAV | E48: =IF(Raw_fanoverview!E12=0,"-",Raw_fanoverview!E12) -> 3.8770014 | F48: =IF(Raw_fanoverview!F12=0,"-",Raw_fanoverview!F12) -> 0.55 | G48: =IF(Raw_fanoverview!G12=0,"-",Raw_fanoverview!G12) -> 0.87 | H48: =IF(Raw_fanoverview!H12=0,"-",Raw_fanoverview!H12) -> 0.83
A49: =Raw_fanoverview!A13 -> New Construction | B49: =Raw_fanoverview!B13 -> cDXHP | C49: =IF(Raw_fanoverview!D13=0,"-",Raw_fanoverview!D13) -> Alternative | D49: =_xlfn.LET(_xlpm.x,_xlfn.IFNA(_xlfn.TEXTBEFORE(Raw_fanoverview!C13," Fans"),Raw_fanoverview!C13),IF(_xlpm.x=0,"-",_xlpm.x)) -> SZ-VAV | E49: =IF(Raw_fanoverview!E13=0,"-",Raw_fanoverview!E13) -> 3.8770014 | F49: =IF(Raw_fanoverview!F13=0,"-",Raw_fanoverview!F13) -> 0.55 | G49: =IF(Raw_fanoverview!G13=0,"-",Raw_fanoverview!G13) -> 0.9 | H49: =IF(Raw_fanoverview!H13=0,"-",Raw_fanoverview!H13) -> 0.83
... A57: =Raw_fanoverview!A21 -> New Construction | B57: =Raw_fanoverview!B21 -> cPVVG | C57: =IF(Raw_fanoverview!D21=0,"-",Raw_fanoverview!D21) -> Alternative | D57: =_xlfn.LET(_xlpm.x,_xlfn.IFNA(_xlfn.TEXTBEFORE(Raw_fanoverview!C21," Fans"),Raw_fanoverview!C21),IF(_xlpm.x=0,"-",_xlpm.x)) -> SZ-VAV | E57: =IF(Raw_fanoverview!E21=0,"-",Raw_fanoverview!E21) -> 3.8770014 | F57: =IF(Raw_fanoverview!F21=0,"-",Raw_fanoverview!F21) -> 0.55 | G57: =IF(Raw_fanoverview!G21=0,"-",Raw_fanoverview!G21) -> 0.9 | H57: =IF(Raw_fanoverview!H21=0,"-",Raw_fanoverview!H21) -> 0.83

Sheet Raw_fanoverview
A1: Vintage | B1: HVAC name | C1: System type | D1: HVAC System Identifier | E1: Total Static Pressure (TSP) (in w.c.) | F1: Fan Efficiency | G1: Fan Motor and Drive Efficiency | H1: W/cfm
A2: Existing | B2: cAVVG | C2: SZ-VAV Fans | D2: Alternative | E2: 3.8770014 | F2: 0.55 | G2: 0.9 | H2: 0.83
A3: Existing | B3: cAVVG | C3: MZ-VAV Fans | D3: Main | E3: 5.3619709 | F3: 0.55 | G3: 0.9 | H3: 1.15
A4: New Construction | B4: cAVVG | C4: SZ-VAV Fans | D4: Alternative | E4: 3.8770014 | F4: 0.55 | G4: 0.9 | H4: 0.83
A5: New Construction | B5: cAVVG | C5: MZ-VAV Fans | D5: Main | E5: 5.3619709 | F5: 0.55 | G5: 0.9 | H5: 1.15
A6: Existing | B6: cDXGF | C6: SZ-CAV Fans | D6: Main | E6: 3.8770014 | F6: 0.55 | G6: 0.87 | H6: 0.83
A7: Existing | B7: cDXGF | C7: SZ-VAV Fans | D7: Alternative | E7: 3.8770014 | F7: 0.55 | G7: 0.9 | H7: 0.83
A8: New Construction | B8: cDXGF | C8: SZ-CAV Fans | D8: Main | E8: 3.8770014 | F8: 0.55 | G8: 0.87 | H8: 0.83
A9: New Construction | B9: cDXGF | C9: SZ-VAV Fans | D9: Alternative | E9: 3.8770014 | F9: 0.55 | G9: 0.9 | H9: 0.83
A10: Existing | B10: cDXHP | C10: SZ-CAV Fans | D10: Main | E10: 3.8770014 | F10: 0.55 | G10: 0.87 | H10: 0.83
A11: Existing | B11: cDXHP | C11: SZ-VAV Fans | D11: Alternative | E11: 3.8770014 | F11: 0.55 | G11: 0.9 | H11: 0.83
A12: New Construction | B12: cDXHP | C12: SZ-CAV Fans | D12: Main | E12: 3.8770014 | F12: 0.55 | G12: 0.87 | H12: 0.83
A13: New Construction | B13: cDXHP | C13: SZ-VAV Fans | D13: Alternative | E13: 3.8770014 | F13: 0.55 | G13: 0.9 | H13: 0.83
... A21: New Construction | B21: cPVVG | C21: SZ-VAV Fans | D21: Alternative | E21: 3.8770014 | F21: 0.55 | G21: 0.9 | H21: 0.83

Sheet Raw_hvac
A1: Vintage | B1: System Name | C1: HVAC System Identifier | D1: Air Distribution | E1: Heating Efficiency | F1: Cooling Efficiency | G1: Cooling Coil Type | H1: Heating Coil Type
A2: Existing | B2: cAVVG | C2: Main | D2: MZ-VAV | E2: 0.805 | F2: 3.05
A3: Existing | B3: cAVVG | C3: Alternative | D3: SZ-VAV | E3: 0.8 | F3: 3.85 | G3: DX-AIR | H3: COMBUSTION
A4: New Construction | B4: cAVVG | C4: Main | D4: MZ-VAV | E4: 0.805 | F4: 3.05
A5: New Construction | B5: cAVVG | C5: Alternative | D5: SZ-VAV | E5: 0.8 | F5: 3.85 | G5: DX-AIR | H5: COMBUSTION
A6: Existing | B6: cDXGF | C6: Main | D6: SZ-CAV | E6: 0.8 | F6: 3.65
A7: Existing | B7: cDXGF | C7: Alternative | D7: SZ-VAV | E7: 0.8 | F7: 3.85 | G7: DX-AIR | H7: COMBUSTION
A8: New Construction | B8: cDXGF | C8: Main | D8: SZ-CAV | E8: 0.8 | F8: 3.65
A9: New Construction | B9: cDXGF | C9: Alternative | D9: SZ-VAV | E9: 0.8 | F9: 3.85 | G9: DX-AIR | H9: COMBUSTION
A10: Existing | B10: cDXHP | C10: Main | D10: SZ-CAV | E10: 3.738 | F10: 3.65
A11: Existing | B11: cDXHP | C11: Alternative | D11: SZ-VAV | E11: 0.8 | F11: 3.85 | G11: DX-AIR | H11: COMBUSTION
A12: New Construction | B12: cDXHP | C12: Main | D12: SZ-CAV | E12: 3.738 | F12: 3.65
A13: New Construction | B13: cDXHP | C13: Alternative | D13: SZ-VAV | E13: 0.8 | F13: 3.85 | G13: DX-AIR | H13: COMBUSTION
A14: Existing | B14: cDXOH | C14: Main | D14: SZ-CAV | E14: - | F14: 3.65
A15: Existing | B15: cDXOH | C15: Alternative | D15: SZ-VAV | E15: 0.8 | F15: 3.85 | G15: DX-AIR | H15: COMBUSTION
A16: New Construction | B16: cDXOH | C16: Main | D16: SZ-CAV | E16: - | F16: 3.65
A17: New Construction | B17: cDXOH | C17: Alternative | D17: SZ-VAV | E17: 0.8 | F17: 3.85 | G17: DX-AIR | H17: COMBUSTION
A18: Existing | B18: cPVVG | C18: Main | D18: SZ-VAV | E18: 0.8 | F18: 3.65
A19: Existing | B19: cPVVG | C19: Alternative | D19: SZ-VAV | E19: 0.8 | F19: 3.85 | G19: DX-AIR | H19: COMBUSTION
A20: New Construction | B20: cPVVG | C20: Main | D20: SZ-VAV | E20: 0.8 | F20: 3.65
A21: New Construction | B21: cPVVG | C21: Alternative | D21: SZ-VAV | E21: 0.8 | F21: 3.85 | G21: DX-AIR | H21: COMBUSTION

Sheet Ventilation
A1: ="Outdoor Airflow Rate - "&Prototype!A2 -> Outdoor Airflow Rate - Retail - Multistory Large | Z1: Zone Type
A2: Zone Type | B2: Floor area (ft²) | C2: cfm/person | D2: cfm/ft² | E2: cfm | F2: Notes | Z2: {=_xlfn._xlws.SORT(_xlfn.UNIQUE(_xlfn._xlws.FILTER(Raw_outdoorairflowrate!A2:A5000, Raw_outdoorairflowrate!A2:A5000<>0)))} -> Retail_sales
A3: =Z2 -> Retail_sales | B3: =SUMIF(Raw_outdoorairflowrate!$A:$A, $A3, Raw_outdoorairflowrate!B:B) -> 120011.7 | C3: =SUMIF(Raw_outdoorairflowrate!$A:$A, $A3, Raw_outdoorairflowrate!C:C) -> 0 | D3: =SUMIF(Raw_outdoorairflowrate!$A:$A, $A3, Raw_outdoorairflowrate!D:D) -> 0.25 | E3: =B3*D3 -> 30002.925
A6: ="OA Controller - "&Prototype!A2 -> OA Controller - Retail - Multistory Large
A7: Element | B7: Vintage | C7: Unit | D7: CZ01 | E7: CZ02 | F7: CZ03 | G7: CZ04 | H7: CZ05 | I7: CZ06 | J7: CZ07 | K7: CZ08 | L7: CZ09 | M7: CZ10 | N7: CZ11 | O7: CZ12 | P7: CZ13 | Q7: CZ14 | R7: CZ15 | S7: CZ16 | T7: Notes
A8: Economizer Maximum Limit Dry-Bulb Temperature | B8: Existing | C8: °F | D8: {=_xlfn.XLOOKUP( 1, (Raw_oacontroller!$B$2:$B$100=$B8)*(Raw_oacontroller!$A$2:$A$100=D$7), Raw_oacontroller!$C$2:$C$100 )} -> 75 | E8: {=_xlfn.XLOOKUP( 1, (Raw_oacontroller!$B$2:$B$100=$B8)*(Raw_oacontroller!$A$2:$A$100=E$7), Raw_oacontroller!$C$2:$C$100 )} -> 73 | F8: {=_xlfn.XLOOKUP( 1, (Raw_oacontroller!$B$2:$B$100=$B8)*(Raw_oacontroller!$A$2:$A$100=F$7), Raw_oacontroller!$C$2:$C$100 )} -> 75 | G8: {=_xlfn.XLOOKUP( 1, (Raw_oacontroller!$B$2:$B$100=$B8)*(Raw_oacontroller!$A$2:$A$100=G$7), Raw_oacontroller!$C$2:$C$100 )} -> 73 | H8: {=_xlfn.XLOOKUP( 1, (Raw_oacontroller!$B$2:$B$100=$B8)*(Raw_oacontroller!$A$2:$A$100=H$7), Raw_oacontroller!$C$2:$C$100 )} -> 75 | I8: {=_xlfn.XLOOKUP( 1, (Raw_oacontroller!$B$2:$B$100=$B8)*(Raw_oacontroller!$A$2:$A$100=I$7), Raw_oacontroller!$C$2:$C$100 )} -> 71 | J8: {=_xlfn.XLOOKUP( 1, (Raw_oacontroller!$B$2:$B$100=$B8)*(Raw_oacontroller!$A$2:$A$100=J$7), Raw_oacontroller!$C$2:$C$100 )} -> 69 | K8: {=_xlfn.XLOOKUP( 1, (Raw_oacontroller!$B$2:$B$100=$B8)*(Raw_oacontroller!$A$2:$A$100=K$7), Raw_oacontroller!$C$2:$C$100 )} -> 71 | ... S8: {=_xlfn.XLOOKUP( 1, (Raw_oacontroller!$B$2:$B$100=$B8)*(Raw_oacontroller!$A$2:$A$100=S$7), Raw_oacontroller!$C$2:$C$100 )} -> 75
B9: New Construction | C9: °F | D9: {=_xlfn.XLOOKUP( 1, (Raw_oacontroller!$B$2:$B$100=$B9)*(Raw_oacontroller!$A$2:$A$100=D$7), Raw_oacontroller!$C$2:$C$100 )} -> 75 | E9: {=_xlfn.XLOOKUP( 1, (Raw_oacontroller!$B$2:$B$100=$B9)*(Raw_oacontroller!$A$2:$A$100=E$7), Raw_oacontroller!$C$2:$C$100 )} -> 73 | F9: {=_xlfn.XLOOKUP( 1, (Raw_oacontroller!$B$2:$B$100=$B9)*(Raw_oacontroller!$A$2:$A$100=F$7), Raw_oacontroller!$C$2:$C$100 )} -> 75 | G9: {=_xlfn.XLOOKUP( 1, (Raw_oacontroller!$B$2:$B$100=$B9)*(Raw_oacontroller!$A$2:$A$100=G$7), Raw_oacontroller!$C$2:$C$100 )} -> 73 | H9: {=_xlfn.XLOOKUP( 1, (Raw_oacontroller!$B$2:$B$100=$B9)*(Raw_oacontroller!$A$2:$A$100=H$7), Raw_oacontroller!$C$2:$C$100 )} -> 75 | I9: {=_xlfn.XLOOKUP( 1, (Raw_oacontroller!$B$2:$B$100=$B9)*(Raw_oacontroller!$A$2:$A$100=I$7), Raw_oacontroller!$C$2:$C$100 )} -> 71 | J9: {=_xlfn.XLOOKUP( 1, (Raw_oacontroller!$B$2:$B$100=$B9)*(Raw_oacontroller!$A$2:$A$100=J$7), Raw_oacontroller!$C$2:$C$100 )} -> 69 | K9: {=_xlfn.XLOOKUP( 1, (Raw_oacontroller!$B$2:$B$100=$B9)*(Raw_oacontroller!$A$2:$A$100=K$7), Raw_oacontroller!$C$2:$C$100 )} -> 71 | ... S9: {=_xlfn.XLOOKUP( 1, (Raw_oacontroller!$B$2:$B$100=$B9)*(Raw_oacontroller!$A$2:$A$100=S$7), Raw_oacontroller!$C$2:$C$100 )} -> 75
A12: ="Exhaust hood - "&Prototype!A2 -> Exhaust hood - Retail - Multistory Large
A13: Type of Hood | B13: Max Exhaust Flow Rate (cfm/ft) | C13: Hood Length (ft) | D13: Hood Exhaust Rate (cfm) | E13: Note
A14: - | B14: - | C14: - | D14: -

Sheet Raw_outdoorairflowrate
A1: Zone Type | B1: Floor Area (ft2) | C1: cfm/person | D1: cfm/ft2
A2: Retail_sales | B2: 120011.7 | C2: 0 | D2: 0.25

Sheet Raw_oacontroller
A1: Climate Zone | B1: Vintage | C1: Economizer Maximum Limit Dry-Bulb Temperature (F)
A2: CZ01 | B2: Existing | C2: 75
A3: CZ02 | B3: Existing | C3: 73
A4: CZ03 | B4: Existing | C4: 75
A5: CZ04 | B5: Existing | C5: 73
A6: CZ05 | B6: Existing | C6: 75
A7: CZ06 | B7: Existing | C7: 71
A8: CZ07 | B8: Existing | C8: 69
A9: CZ08 | B9: Existing | C9: 71
A10: CZ09 | B10: Existing | C10: 71
A11: CZ10 | B11: Existing | C11: 73
A12: CZ11 | B12: Existing | C12: 75
A13: CZ12 | B13: Existing | C13: 75
... A33: CZ16 | B33: New Construction | C33: 75

Sheet Water Heater
A1: ="Water Heater - "&Prototype!A2 -> Water Heater - Retail - Multistory Large
A2: Vintage | B2: Fuel type | C2: Burner Efficiency | D2: Maximum Heater Capacity (Btu/hr) | E2: Tank Volume (gallon) | F2: Tank Loss | H2: Notes
F3: Off Cycle (W/K) | G3: On Cycle (W/K)
A4: Existing | B4: Gas | C4: =Raw_waterheater!B2 -> 0.8 | D4: =Raw_waterheater!C2 -> 459057.89 | E4: =Raw_waterheater!D2 -> 96.27 | F4: =Raw_waterheater!E2 -> 1.62817 | G4: =Raw_waterheater!F2 -> 1.62817
A5: New Construction | B5: Gas | C5: =Raw_waterheater!B3 -> 0.8 | D5: =Raw_waterheater!C3 -> 459057.89 | E5: =Raw_waterheater!D3 -> 96.27 | F5: =Raw_waterheater!E3 -> 1.62817 | G5: =Raw_waterheater!F3 -> 1.62817
A8: ="Peak Hot Water Consumption - "&Prototype!A2 -> Peak Hot Water Consumption - Retail - Multistory Large
A9: Space | B9: Floor Area (ft²) | C9: Number of People | D9: Hot Water Usage Specification (gal/hr per person) | E9: Peak Hot Water Usage (gal/hr) | F9: Peak Hot Water Usage (gal/min) | G9: Notes
A10: =IFERROR(Zones!B3,0) -> EL1 CORE PLNM (G.C10) | B10: =IFERROR(Zones!H3,0) -> 0 | C10: =IFERROR(Zones!K3,0) -> 0 | D10: =IFERROR(E10/C10,0) -> 0 | E10: {=_xlfn.LET( _xlpm.tgt, TRIM( SUBSTITUTE( SUBSTITUTE( SUBSTITUTE( SUBSTITUTE( SUBSTITUTE(UPPER(A10), "OFFICESMALL",""), " PLNM",""), " SPC",""), " SPc",""), " "," ") ), _xlpm.srcSpace, Raw_dhwpeakflowbyzone!$C:$C, _xlpm.srcFlow, Raw_dhwpeakflowbyzone!$B:$B, _xlpm.srcNorm, _xlfn.MAP( _xlpm.srcSpace, _xlfn.LAMBDA(_xlpm.x, TRIM( SUBSTITUTE( SUBSTITUTE( SUBSTITUTE( SUBSTITUTE( SUBSTITUTE(UPPER(_xlpm.x), "OFFICESMALL",""), " PLNM",""), " SPC",""), " SPc",""), " "," ") ) ) ), IFERROR( _xlfn.XLOOKUP(_xlpm.tgt, _xlpm.srcNorm, _xlpm.srcFlow), 0 ) )} -> 0 | F10: =E10/60 -> 0
A11: =IFERROR(Zones!B4,0) -> EL1 CORE PLNM (M.C20) | B11: =IFERROR(Zones!H4,0) -> 0 | C11: =IFERROR(Zones!K4,0) -> 0 | D11: =IFERROR(E11/C11,0) -> 0 | E11: {=_xlfn.LET( _xlpm.tgt, TRIM( SUBSTITUTE( SUBSTITUTE( SUBSTITUTE( SUBSTITUTE( SUBSTITUTE(UPPER(A11), "OFFICESMALL",""), " PLNM",""), " SPC",""), " SPc",""), " "," ") ), _xlpm.srcSpace, Raw_dhwpeakflowbyzone!$C:$C, _xlpm.srcFlow, Raw_dhwpeakflowbyzone!$B:$B, _xlpm.srcNorm, _xlfn.MAP( _xlpm.srcSpace, _xlfn.LAMBDA(_xlpm.x, TRIM( SUBSTITUTE( SUBSTITUTE( SUBSTITUTE( SUBSTITUTE( SUBSTITUTE(UPPER(_xlpm.x), "OFFICESMALL",""), " PLNM",""), " SPC",""), " SPc",""), " "," ") ) ) ), IFERROR( _xlfn.XLOOKUP(_xlpm.tgt, _xlpm.srcNorm, _xlpm.srcFlow), 0 ) )} -> 0 | F11: =E11/60 -> 0
A12: =IFERROR(Zones!B5,0) -> EL1 CORE PLNM (T.C30) | B12: =IFERROR(Zones!H5,0) -> 0 | C12: =IFERROR(Zones!K5,0) -> 0 | D12: =IFERROR(E12/C12,0) -> 0 | E12: {=_xlfn.LET( _xlpm.tgt, TRIM( SUBSTITUTE( SUBSTITUTE( SUBSTITUTE( SUBSTITUTE( SUBSTITUTE(UPPER(A12), "OFFICESMALL",""), " PLNM",""), " SPC",""), " SPc",""), " "," ") ), _xlpm.srcSpace, Raw_dhwpeakflowbyzone!$C:$C, _xlpm.srcFlow, Raw_dhwpeakflowbyzone!$B:$B, _xlpm.srcNorm, _xlfn.MAP( _xlpm.srcSpace, _xlfn.LAMBDA(_xlpm.x, TRIM( SUBSTITUTE( SUBSTITUTE( SUBSTITUTE( SUBSTITUTE( SUBSTITUTE(UPPER(_xlpm.x), "OFFICESMALL",""), " PLNM",""), " SPC",""), " SPc",""), " "," ") ) ) ), IFERROR( _xlfn.XLOOKUP(_xlpm.tgt, _xlpm.srcNorm, _xlpm.srcFlow), 0 ) )} -> 0 | F12: =E12/60 -> 0
A13: =IFERROR(Zones!B6,0) -> EL1 CORE SPC (G.C5) | B13: =IFERROR(Zones!H6,0) -> 28902.82 | C13: =IFERROR(Zones!K6,0) -> 8.33 | D13: =IFERROR(E13/C13,0) -> 10.409179 | E13: {=_xlfn.LET( _xlpm.tgt, TRIM( SUBSTITUTE( SUBSTITUTE( SUBSTITUTE( SUBSTITUTE( SUBSTITUTE(UPPER(A13), "OFFICESMALL",""), " PLNM",""), " SPC",""), " SPc",""), " "," ") ), _xlpm.srcSpace, Raw_dhwpeakflowbyzone!$C:$C, _xlpm.srcFlow, Raw_dhwpeakflowbyzone!$B:$B, _xlpm.srcNorm, _xlfn.MAP( _xlpm.srcSpace, _xlfn.LAMBDA(_xlpm.x, TRIM( SUBSTITUTE( SUBSTITUTE( SUBSTITUTE( SUBSTITUTE( SUBSTITUTE(UPPER(_xlpm.x), "OFFICESMALL",""), " PLNM",""), " SPC",""), " SPc",""), " "," ") ) ) ), IFERROR( _xlfn.XLOOKUP(_xlpm.tgt, _xlpm.srcNorm, _xlpm.srcFlow), 0 ) )} -> 86.70846 | F13: =E13/60 -> 1.445141
A14: =IFERROR(Zones!B7,0) -> EL1 EAST PERIM PLNM (G.E7) | B14: =IFERROR(Zones!H7,0) -> 0 | C14: =IFERROR(Zones!K7,0) -> 0 | D14: =IFERROR(E14/C14,0) -> 0 | E14: {=_xlfn.LET( _xlpm.tgt, TRIM( SUBSTITUTE( SUBSTITUTE( SUBSTITUTE( SUBSTITUTE( SUBSTITUTE(UPPER(A14), "OFFICESMALL",""), " PLNM",""), " SPC",""), " SPc",""), " "," ") ), _xlpm.srcSpace, Raw_dhwpeakflowbyzone!$C:$C, _xlpm.srcFlow, Raw_dhwpeakflowbyzone!$B:$B, _xlpm.srcNorm, _xlfn.MAP( _xlpm.srcSpace, _xlfn.LAMBDA(_xlpm.x, TRIM( SUBSTITUTE( SUBSTITUTE( SUBSTITUTE( SUBSTITUTE( SUBSTITUTE(UPPER(_xlpm.x), "OFFICESMALL",""), " PLNM",""), " SPC",""), " SPc",""), " "," ") ) ) ), IFERROR( _xlfn.XLOOKUP(_xlpm.tgt, _xlpm.srcNorm, _xlpm.srcFlow), 0 ) )} -> 0 | F14: =E14/60 -> 0
A15: =IFERROR(Zones!B8,0) -> EL1 EAST PERIM PLNM (M.E17) | B15: =IFERROR(Zones!H8,0) -> 0 | C15: =IFERROR(Zones!K8,0) -> 0 | D15: =IFERROR(E15/C15,0) -> 0 | E15: {=_xlfn.LET( _xlpm.tgt, TRIM( SUBSTITUTE( SUBSTITUTE( SUBSTITUTE( SUBSTITUTE( SUBSTITUTE(UPPER(A15), "OFFICESMALL",""), " PLNM",""), " SPC",""), " SPc",""), " "," ") ), _xlpm.srcSpace, Raw_dhwpeakflowbyzone!$C:$C, _xlpm.srcFlow, Raw_dhwpeakflowbyzone!$B:$B, _xlpm.srcNorm, _xlfn.MAP( _xlpm.srcSpace, _xlfn.LAMBDA(_xlpm.x, TRIM( SUBSTITUTE( SUBSTITUTE( SUBSTITUTE( SUBSTITUTE( SUBSTITUTE(UPPER(_xlpm.x), "OFFICESMALL",""), " PLNM",""), " SPC",""), " SPc",""), " "," ") ) ) ), IFERROR( _xlfn.XLOOKUP(_xlpm.tgt, _xlpm.srcNorm, _xlpm.srcFlow), 0 ) )} -> 0 | F15: =E15/60 -> 0
A16: =IFERROR(Zones!B9,0) -> EL1 EAST PERIM PLNM (T.E27) | B16: =IFERROR(Zones!H9,0) -> 0 | C16: =IFERROR(Zones!K9,0) -> 0 | D16: =IFERROR(E16/C16,0) -> 0 | E16: {=_xlfn.LET( _xlpm.tgt, TRIM( SUBSTITUTE( SUBSTITUTE( SUBSTITUTE( SUBSTITUTE( SUBSTITUTE(UPPER(A16), "OFFICESMALL",""), " PLNM",""), " SPC",""), " SPc",""), " "," ") ), _xlpm.srcSpace, Raw_dhwpeakflowbyzone!$C:$C, _xlpm.srcFlow, Raw_dhwpeakflowbyzone!$B:$B, _xlpm.srcNorm, _xlfn.MAP( _xlpm.srcSpace, _xlfn.LAMBDA(_xlpm.x, TRIM( SUBSTITUTE( SUBSTITUTE( SUBSTITUTE( SUBSTITUTE( SUBSTITUTE(UPPER(_xlpm.x), "OFFICESMALL",""), " PLNM",""), " SPC",""), " SPc",""), " "," ") ) ) ), IFERROR( _xlfn.XLOOKUP(_xlpm.tgt, _xlpm.srcNorm, _xlpm.srcFlow), 0 ) )} -> 0 | F16: =E16/60 -> 0
A17: =IFERROR(Zones!B10,0) -> EL1 NORTH PERIM PLNM (G.N8) | B17: =IFERROR(Zones!H10,0) -> 0 | C17: =IFERROR(Zones!K10,0) -> 0 | D17: =IFERROR(E17/C17,0) -> 0 | E17: {=_xlfn.LET( _xlpm.tgt, TRIM( SUBSTITUTE( SUBSTITUTE( SUBSTITUTE( SUBSTITUTE( SUBSTITUTE(UPPER(A17), "OFFICESMALL",""), " PLNM",""), " SPC",""), " SPc",""), " "," ") ), _xlpm.srcSpace, Raw_dhwpeakflowbyzone!$C:$C, _xlpm.srcFlow, Raw_dhwpeakflowbyzone!$B:$B, _xlpm.srcNorm, _xlfn.MAP( _xlpm.srcSpace, _xlfn.LAMBDA(_xlpm.x, TRIM( SUBSTITUTE( SUBSTITUTE( SUBSTITUTE( SUBSTITUTE( SUBSTITUTE(UPPER(_xlpm.x), "OFFICESMALL",""), " PLNM",""), " SPC",""), " SPc",""), " "," ") ) ) ), IFERROR( _xlfn.XLOOKUP(_xlpm.tgt, _xlpm.srcNorm, _xlpm.srcFlow), 0 ) )} -> 0 | F17: =E17/60 -> 0
A18: =IFERROR(Zones!B11,0) -> EL1 NORTH PERIM PLNM (M.N18) | B18: =IFERROR(Zones!H11,0) -> 0 | C18: =IFERROR(Zones!K11,0) -> 0 | D18: =IFERROR(E18/C18,0) -> 0 | E18: {=_xlfn.LET( _xlpm.tgt, TRIM( SUBSTITUTE( SUBSTITUTE( SUBSTITUTE( SUBSTITUTE( SUBSTITUTE(UPPER(A18), "OFFICESMALL",""), " PLNM",""), " SPC",""), " SPc",""), " "," ") ), _xlpm.srcSpace, Raw_dhwpeakflowbyzone!$C:$C, _xlpm.srcFlow, Raw_dhwpeakflowbyzone!$B:$B, _xlpm.srcNorm, _xlfn.MAP( _xlpm.srcSpace, _xlfn.LAMBDA(_xlpm.x, TRIM( SUBSTITUTE( SUBSTITUTE( SUBSTITUTE( SUBSTITUTE( SUBSTITUTE(UPPER(_xlpm.x), "OFFICESMALL",""), " PLNM",""), " SPC",""), " SPc",""), " "," ") ) ) ), IFERROR( _xlfn.XLOOKUP(_xlpm.tgt, _xlpm.srcNorm, _xlpm.srcFlow), 0 ) )} -> 0 | F18: =E18/60 -> 0
A19: =IFERROR(Zones!B12,0) -> EL1 NORTH PERIM PLNM (T.N28) | B19: =IFERROR(Zones!H12,0) -> 0 | C19: =IFERROR(Zones!K12,0) -> 0 | D19: =IFERROR(E19/C19,0) -> 0 | E19: {=_xlfn.LET( _xlpm.tgt, TRIM( SUBSTITUTE( SUBSTITUTE( SUBSTITUTE( SUBSTITUTE( SUBSTITUTE(UPPER(A19), "OFFICESMALL",""), " PLNM",""), " SPC",""), " SPc",""), " "," ") ), _xlpm.srcSpace, Raw_dhwpeakflowbyzone!$C:$C, _xlpm.srcFlow, Raw_dhwpeakflowbyzone!$B:$B, _xlpm.srcNorm, _xlfn.MAP( _xlpm.srcSpace, _xlfn.LAMBDA(_xlpm.x, TRIM( SUBSTITUTE( SUBSTITUTE( SUBSTITUTE( SUBSTITUTE( SUBSTITUTE(UPPER(_xlpm.x), "OFFICESMALL",""), " PLNM",""), " SPC",""), " SPc",""), " "," ") ) ) ), IFERROR( _xlfn.XLOOKUP(_xlpm.tgt, _xlpm.srcNorm, _xlpm.srcFlow), 0 ) )} -> 0 | F19: =E19/60 -> 0
A20: =IFERROR(Zones!B13,0) -> EL1 SOUTH PERIM PLNM (G.S6) | B20: =IFERROR(Zones!H13,0) -> 0 | C20: =IFERROR(Zones!K13,0) -> 0 | D20: =IFERROR(E20/C20,0) -> 0 | E20: {=_xlfn.LET( _xlpm.tgt, TRIM( SUBSTITUTE( SUBSTITUTE( SUBSTITUTE( SUBSTITUTE( SUBSTITUTE(UPPER(A20), "OFFICESMALL",""), " PLNM",""), " SPC",""), " SPc",""), " "," ") ), _xlpm.srcSpace, Raw_dhwpeakflowbyzone!$C:$C, _xlpm.srcFlow, Raw_dhwpeakflowbyzone!$B:$B, _xlpm.srcNorm, _xlfn.MAP( _xlpm.srcSpace, _xlfn.LAMBDA(_xlpm.x, TRIM( SUBSTITUTE( SUBSTITUTE( SUBSTITUTE( SUBSTITUTE( SUBSTITUTE(UPPER(_xlpm.x), "OFFICESMALL",""), " PLNM",""), " SPC",""), " SPc",""), " "," ") ) ) ), IFERROR( _xlfn.XLOOKUP(_xlpm.tgt, _xlpm.srcNorm, _xlpm.srcFlow), 0 ) )} -> 0 | F20: =E20/60 -> 0
A21: =IFERROR(Zones!B14,0) -> EL1 SOUTH PERIM PLNM (M.S16) | B21: =IFERROR(Zones!H14,0) -> 0 | C21: =IFERROR(Zones!K14,0) -> 0 | D21: =IFERROR(E21/C21,0) -> 0 | E21: {=_xlfn.LET( _xlpm.tgt, TRIM( SUBSTITUTE( SUBSTITUTE( SUBSTITUTE( SUBSTITUTE( SUBSTITUTE(UPPER(A21), "OFFICESMALL",""), " PLNM",""), " SPC",""), " SPc",""), " "," ") ), _xlpm.srcSpace, Raw_dhwpeakflowbyzone!$C:$C, _xlpm.srcFlow, Raw_dhwpeakflowbyzone!$B:$B, _xlpm.srcNorm, _xlfn.MAP( _xlpm.srcSpace, _xlfn.LAMBDA(_xlpm.x, TRIM( SUBSTITUTE( SUBSTITUTE( SUBSTITUTE( SUBSTITUTE( SUBSTITUTE(UPPER(_xlpm.x), "OFFICESMALL",""), " PLNM",""), " SPC",""), " SPc",""), " "," ") ) ) ), IFERROR( _xlfn.XLOOKUP(_xlpm.tgt, _xlpm.srcNorm, _xlpm.srcFlow), 0 ) )} -> 0 | F21: =E21/60 -> 0
... A39: =IFERROR(Zones!B32,0) -> RETAILSALES EL1 WEST PERIM SPC (T.W24) | B39: =IFERROR(Zones!H32,0) -> 2775.27 | C39: =IFERROR(Zones!K32,0) -> 8.33 | D39: =IFERROR(E39/C39,0) -> 0.999497 | E39: {=_xlfn.LET( _xlpm.tgt, TRIM( SUBSTITUTE( SUBSTITUTE( SUBSTITUTE( SUBSTITUTE( SUBSTITUTE(UPPER(A39), "OFFICESMALL",""), " PLNM",""), " SPC",""), " SPc",""), " "," ") ), _xlpm.srcSpace, Raw_dhwpeakflowbyzone!$C:$C, _xlpm.srcFlow, Raw_dhwpeakflowbyzone!$B:$B, _xlpm.srcNorm, _xlfn.MAP( _xlpm.srcSpace, _xlfn.LAMBDA(_xlpm.x, TRIM( SUBSTITUTE( SUBSTITUTE( SUBSTITUTE( SUBSTITUTE( SUBSTITUTE(UPPER(_xlpm.x), "OFFICESMALL",""), " PLNM",""), " SPC",""), " SPc",""), " "," ") ) ) ), IFERROR( _xlfn.XLOOKUP(_xlpm.tgt, _xlpm.srcNorm, _xlpm.srcFlow), 0 ) )} -> 8.32581 | F39: =E39/60 -> 0.1387635
A40: =Zones!B33 -> Total (30 Space)

Sheet Raw_waterheater
A1: Vintage | B1: Burner Efficiency | C1: Maximum Heater Capacity (Btu/h) | D1: Tank Volume (ft3) | E1: Tank Loss_Off Cycle (W/K) | F1: Tank Loss_On Cycle (W/K)
A2: Existing | B2: 0.8 | C2: 459057.89 | D2: 96.27 | E2: 1.62817 | F2: 1.62817
A3: New Construction | B3: 0.8 | C3: 459057.89 | D3: 96.27 | E3: 1.62817 | F3: 1.62817

Sheet Raw_dhwpeakflowbyzone
A1: Space | B1: Peak hot water usage (gal/hr) | C1: Zone Name
A2: EL1 Core Spc (G.C5) | B2: 86.70846 | C2: EL1 CORE SPC (G.C5)
A3: RetailSales EL1 Core Spc (M.C15) | B3: 86.70846 | C3: RETAILSALES EL1 CORE SPC (M.C15)
A4: RetailSales EL1 Core Spc (T.C25) | B4: 86.70846 | C4: RETAILSALES EL1 CORE SPC (T.C25)
A5: RetailSales EL1 East Perim Spc (G.E2) | B5: 8.32581 | C5: RETAILSALES EL1 EAST PERIM SPC (G.E2)
A6: RetailSales EL1 East Perim Spc (M.E12) | B6: 8.32581 | C6: RETAILSALES EL1 EAST PERIM SPC (M.E12)
A7: RetailSales EL1 East Perim Spc (T.E22) | B7: 8.32581 | C7: RETAILSALES EL1 EAST PERIM SPC (T.E22)
A8: RetailSales EL1 North Perim Spc (G.N3) | B8: 8.32581 | C8: RETAILSALES EL1 NORTH PERIM SPC (G.N3)
A9: RetailSales EL1 North Perim Spc (M.N13) | B9: 8.32581 | C9: RETAILSALES EL1 NORTH PERIM SPC (M.N13)
A10: RetailSales EL1 North Perim Spc (T.N23) | B10: 8.32581 | C10: RETAILSALES EL1 NORTH PERIM SPC (T.N23)
A11: RetailSales EL1 South Perim Spc (G.S1) | B11: 8.32581 | C11: RETAILSALES EL1 SOUTH PERIM SPC (G.S1)
A12: RetailSales EL1 South Perim Spc (M.S11) | B12: 8.32581 | C12: RETAILSALES EL1 SOUTH PERIM SPC (M.S11)
A13: RetailSales EL1 South Perim Spc (T.S21) | B13: 8.32581 | C13: RETAILSALES EL1 SOUTH PERIM SPC (T.S21)
... A16: RetailSales EL1 West Perim Spc (T.W24) | B16: 8.32581 | C16: RETAILSALES EL1 WEST PERIM SPC (T.W24)

Sheet Interior Lights
A1: ="Interior Lighting - "&Prototype!A2 -> Interior Lighting - Retail - Multistory Large
A2: Vintage | B2: Method | C2: Zone type | D2: Floor area (ft²) | E2: Lighting Power Density (Watts/ft²) | F2: Additional Lighting Power for Portable Lighting (Watts/ft²) | G2: Technology | H2: Notes
A3: =Raw_interiorlights!A2 -> Existing | B3: Space by space | C3: =Raw_interiorlights!B2 -> Retail_sales | D3: =Raw_interiorlights!C2 -> 120011.7 | E3: =Raw_interiorlights!D2 -> 1.865075 | F3: NA | G3: NA
A4: =Raw_interiorlights!A3 -> New Construction | B4: Space by space | C4: =Raw_interiorlights!B3 -> Retail_sales | D4: =Raw_interiorlights!C3 -> 120011.7 | E4: =Raw_interiorlights!D3 -> 0.94987264 | F4: NA | G4: NA

Sheet Ext Lighting
A1: ="Exterior Lighting - "&Prototype!A2 -> Exterior Lighting - Retail - Multistory Large
A2: Vintage | B2: Non-Motion Controlled Luminaires (W) | C2: Motion-Controlled Luminaires (W) | D2: Total (W) | E2: Notes
A3: Existing | B3: NA | C3: NA | D3: NA
A4: New Consturction | B4: NA | C4: NA | D4: NA

Sheet Raw_interiorlights
A1: Vintage | B1: Zone Type | C1: Floor Area (ft2) | D1: Lighting Power Density(W/ft2)
A2: Existing | B2: Retail_sales | C2: 120011.7 | D2: 1.865075
A3: New Construction | B3: Retail_sales | C3: 120011.7 | D3: 0.94987264

Sheet Equipment
A1: ="Equipment - "&Prototype!A2 -> Equipment - Retail - Multistory Large
A2: Zone Type | B2: Floor Area (ft²) | C2: Plug Load Intensity (W/ft²) | D2: Gas Power Density (Btu/hr-ft²)
A3: =IF(TRIM(Raw_equipment!$A2)="Existing",Raw_equipment!B2,"") -> Retail_sales | B3: =IF(TRIM(Raw_equipment!$A2)="Existing",Raw_equipment!C2,"") -> 120011.7 | C3: =IF(TRIM(Raw_equipment!$A2)="Existing",Raw_equipment!D2,"") -> 0.99987057 | D3: {=IF( TRIM($A3)="", "", IF( ISNUMBER(SEARCH("No GasEquipment found",Raw_gasequipment!$B$2)), 0, _xlfn.IFNA( _xlfn.XLOOKUP( 1, (Raw_gasequipment!$A$2:$A$100="Existing")*(Raw_gasequipment!$D$2:$D$100=$A3), Raw_gasequipment!$C$2:$C$100 ), 0 ) ) )} -> 0
A6: ="Refrigeration - "&Prototype!A2 -> Refrigeration - Retail - Multistory Large
A7: Refrigeration System Name | B7: Condenser Fan Power | C7: Refrigeration System Working Fluid | D7: Condenser Type
A8: =IF(TRIM(Raw_refrigerationsystem!$A2)="Existing",Raw_refrigerationsystem!B2,"") | B8: =IF(TRIM(Raw_refrigerationsystem!$A2)="Existing",Raw_refrigerationsystem!C2,"") | C8: =IF(TRIM(Raw_refrigerationsystem!$A2)="Existing",Raw_refrigerationsystem!D2,"") | D8: =IF(TRIM(Raw_refrigerationsystem!$A2)="Existing",Raw_refrigerationsystem!E2,"")
A9: =IF(TRIM(Raw_refrigerationsystem!$A3)="Existing",Raw_refrigerationsystem!B3,"") | B9: =IF(TRIM(Raw_refrigerationsystem!$A3)="Existing",Raw_refrigerationsystem!C3,"") | C9: =IF(TRIM(Raw_refrigerationsystem!$A3)="Existing",Raw_refrigerationsystem!D3,"") | D9: =IF(TRIM(Raw_refrigerationsystem!$A3)="Existing",Raw_refrigerationsystem!E3,"")
A10: =IF(TRIM(Raw_refrigerationsystem!$A4)="Existing",Raw_refrigerationsystem!B4,"") | B10: =IF(TRIM(Raw_refrigerationsystem!$A4)="Existing",Raw_refrigerationsystem!C4,"") | C10: =IF(TRIM(Raw_refrigerationsystem!$A4)="Existing",Raw_refrigerationsystem!D4,"") | D10: =IF(TRIM(Raw_refrigerationsystem!$A4)="Existing",Raw_refrigerationsystem!E4,"")
A11: =IF(TRIM(Raw_refrigerationsystem!$A5)="Existing",Raw_refrigerationsystem!B5,"") | B11: =IF(TRIM(Raw_refrigerationsystem!$A5)="Existing",Raw_refrigerationsystem!C5,"") | C11: =IF(TRIM(Raw_refrigerationsystem!$A5)="Existing",Raw_refrigerationsystem!D5,"") | D11: =IF(TRIM(Raw_refrigerationsystem!$A5)="Existing",Raw_refrigerationsystem!E5,"")
A14: ="Elevator - "&Prototype!A2 -> Elevator - Retail - Multistory Large
A15: Vintage | B15: No. of Elevators | C15: Cab Lighting Power Limit | D15: Lighting Shutoff | E15: Cab Fan Control | F15: Fan Power Limit | G15: Regenerative Drive Threshold | H15: Design load (W) | I15: Note
A16: Existing | B16: - | C16: - | D16: - | E16: - | F16: - | G16: - | H16: -
A17: New Construction | B17: - | C17: - | D17: - | E17: - | F17: - | G17: - | H17: -

Sheet Raw_equipment
A1: Vintage | B1: Zone Type | C1: Floor Area (ft2) | D1: Plug Load Intensity (W/ft2)
A2: Existing | B2: Retail_sales | C2: 120011.7 | D2: 0.99987057
A3: New Construction | B3: Retail_sales | C3: 120011.7 | D3: 0.99987057

Sheet Raw_gasequipment
A1: Vintage | B1: Zone Name | C1: Gas Loads (Btu/h-ft2) | D1: Zone Type
A2: Existing | B2: No GasEquipment found. | D2: Unknown
A3: New Construction | B3: No GasEquipment found. | D3: Unknown

Sheet Raw_refrigerationsystem
A1: Vintage | B1: Refrigeration System Name | C1: Condenser Fan Power | D1: Working fluid | E1: Condenser Type
A2: No refrigeration system was found

Sheet Schedules
A1: ="Schedule by Hour - "&Prototype!A2 -> Schedule by Hour - Retail - Multistory Large
A2: Schedule Identifier | B2: Space type | C2: Type | D2: Notes | E2: Hour
