Workbook

Sheet Design flow rate
A1: Tech ID | B1: NE-Chiller-PumpCtrl-Full-Std | V1: Water density
B2: Design Flow Rate
B3: Existing Building | S3: CW Design Flow Rate (constant) (m3/s) | V3: 995 | W3: kg/m3
B4: Building Type | C4: CZ01 | D4: CZ02 | E4: CZ03 | F4: CZ04 | G4: CZ05 | H4: CZ06 | I4: CZ07 | J4: CZ08 | K4: CZ09 | L4: CZ10 | M4: CZ11 | N4: CZ12 | O4: CZ13 | P4: CZ14 | Q4: CZ15 | R4: CZ16 | S4: Min Across All CZ | T4: Average Across All CZ2 | U4: Max Across All CZ3
B5: ECC | C5: =IFERROR( _xlfn.MINIFS( 'Combined Runs'!$P:$P, 'Combined Runs'!$K:$K, C$4, 'Combined Runs'!$J:$J, "*" & $B5 & "&0&cPVVE&Ex&Chiller__PumpCtrl*" ), "" ) -> 0.139982 | D5: =IFERROR( _xlfn.MINIFS( 'Combined Runs'!$P:$P, 'Combined Runs'!$K:$K, D$4, 'Combined Runs'!$J:$J, "*" & $B5 & "&0&cPVVE&Ex&Chiller__PumpCtrl*" ), "" ) -> 0.179993 | E5: =IFERROR( _xlfn.MINIFS( 'Combined Runs'!$P:$P, 'Combined Runs'!$K:$K, E$4, 'Combined Runs'!$J:$J, "*" & $B5 & "&0&cPVVE&Ex&Chiller__PumpCtrl*" ), "" ) -> 0.169174 | F5: =IFERROR( _xlfn.MINIFS( 'Combined Runs'!$P:$P, 'Combined Runs'!$K:$K, F$4, 'Combined Runs'!$J:$J, "*" & $B5 & "&0&cPVVE&Ex&Chiller__PumpCtrl*" ), "" ) -> 0.182252 | G5: =IFERROR( _xlfn.MINIFS( 'Combined Runs'!$P:$P, 'Combined Runs'!$K:$K, G$4, 'Combined Runs'!$J:$J, "*" & $B5 & "&0&cPVVE&Ex&Chiller__PumpCtrl*" ), "" ) -> 0.159905 | H5: =IFERROR( _xlfn.MINIFS( 'Combined Runs'!$P:$P, 'Combined Runs'!$K:$K, H$4, 'Combined Runs'!$J:$J, "*" & $B5 & "&0&cPVVE&Ex&Chiller__PumpCtrl*" ), "" ) -> 0.166729 | I5: =IFERROR( _xlfn.MINIFS( 'Combined Runs'!$P:$P, 'Combined Runs'!$K:$K, I$4, 'Combined Runs'!$J:$J, "*" & $B5 & "&0&cPVVE&Ex&Chiller__PumpCtrl*" ), "" ) -> 0.170988 | J5: =IFERROR( _xlfn.MINIFS( 'Combined Runs'!$P:$P, 'Combined Runs'!$K:$K, J$4, 'Combined Runs'!$J:$J, "*" & $B5 & "&0&cPVVE&Ex&Chiller__PumpCtrl*" ), "" ) -> 0.183533 | ... R5: =IFERROR( _xlfn.MINIFS( 'Combined Runs'!$P:$P, 'Combined Runs'!$K:$K, R$4, 'Combined Runs'!$J:$J, "*" & $B5 & "&0&cPVVE&Ex&Chiller__PumpCtrl*" ), "" ) -> 0.177962 | S5: =MIN(Table2[[#This Row],[CZ01]:[CZ16]]) -> 0.139982 | T5: =AVERAGE(Table2[[#This Row],[CZ01]:[CZ16]]) -> 0.18315019 | U5: =MAX(Table2[[#This Row],[CZ01]:[CZ16]]) -> 0.209815
B6: Ese | C6: =IFERROR( _xlfn.MINIFS( 'Combined Runs'!$P:$P, 'Combined Runs'!$K:$K, C$4, 'Combined Runs'!$J:$J, "*" & $B6 & "&0&cPVVE&Ex&Chiller__PumpCtrl*" ), "" ) -> 0.023235 | D6: =IFERROR( _xlfn.MINIFS( 'Combined Runs'!$P:$P, 'Combined Runs'!$K:$K, D$4, 'Combined Runs'!$J:$J, "*" & $B6 & "&0&cPVVE&Ex&Chiller__PumpCtrl*" ), "" ) -> 0.029837 | E6: =IFERROR( _xlfn.MINIFS( 'Combined Runs'!$P:$P, 'Combined Runs'!$K:$K, E$4, 'Combined Runs'!$J:$J, "*" & $B6 & "&0&cPVVE&Ex&Chiller__PumpCtrl*" ), "" ) -> 0.028304 | F6: =IFERROR( _xlfn.MINIFS( 'Combined Runs'!$P:$P, 'Combined Runs'!$K:$K, F$4, 'Combined Runs'!$J:$J, "*" & $B6 & "&0&cPVVE&Ex&Chiller__PumpCtrl*" ), "" ) -> 0.030299 | G6: =IFERROR( _xlfn.MINIFS( 'Combined Runs'!$P:$P, 'Combined Runs'!$K:$K, G$4, 'Combined Runs'!$J:$J, "*" & $B6 & "&0&cPVVE&Ex&Chiller__PumpCtrl*" ), "" ) -> 0.026648 | H6: =IFERROR( _xlfn.MINIFS( 'Combined Runs'!$P:$P, 'Combined Runs'!$K:$K, H$4, 'Combined Runs'!$J:$J, "*" & $B6 & "&0&cPVVE&Ex&Chiller__PumpCtrl*" ), "" ) -> 0.027891 | I6: =IFERROR( _xlfn.MINIFS( 'Combined Runs'!$P:$P, 'Combined Runs'!$K:$K, I$4, 'Combined Runs'!$J:$J, "*" & $B6 & "&0&cPVVE&Ex&Chiller__PumpCtrl*" ), "" ) -> 0.028581 | J6: =IFERROR( _xlfn.MINIFS( 'Combined Runs'!$P:$P, 'Combined Runs'!$K:$K, J$4, 'Combined Runs'!$J:$J, "*" & $B6 & "&0&cPVVE&Ex&Chiller__PumpCtrl*" ), "" ) -> 0.03056 | ... R6: =IFERROR( _xlfn.MINIFS( 'Combined Runs'!$P:$P, 'Combined Runs'!$K:$K, R$4, 'Combined Runs'!$J:$J, "*" & $B6 & "&0&cPVVE&Ex&Chiller__PumpCtrl*" ), "" ) -> 0.028822 | S6: =MIN(Table2[[#This Row],[CZ01]:[CZ16]]) -> 0.023235 | T6: =AVERAGE(Table2[[#This Row],[CZ01]:[CZ16]]) -> 0.030174062 | U6: =MAX(Table2[[#This Row],[CZ01]:[CZ16]]) -> 0.034018
B7: Eun | C7: =IFERROR( _xlfn.MINIFS( 'Combined Runs'!$P:$P, 'Combined Runs'!$K:$K, C$4, 'Combined Runs'!$J:$J, "*" & $B7 & "&0&cPVVE&Ex&Chiller__PumpCtrl*" ), "" ) -> 0.358268 | D7: =IFERROR( _xlfn.MINIFS( 'Combined Runs'!$P:$P, 'Combined Runs'!$K:$K, D$4, 'Combined Runs'!$J:$J, "*" & $B7 & "&0&cPVVE&Ex&Chiller__PumpCtrl*" ), "" ) -> 0.424911 | E7: =IFERROR( _xlfn.MINIFS( 'Combined Runs'!$P:$P, 'Combined Runs'!$K:$K, E$4, 'Combined Runs'!$J:$J, "*" & $B7 & "&0&cPVVE&Ex&Chiller__PumpCtrl*" ), "" ) -> 0.411031 | F7: =IFERROR( _xlfn.MINIFS( 'Combined Runs'!$P:$P, 'Combined Runs'!$K:$K, F$4, 'Combined Runs'!$J:$J, "*" & $B7 & "&0&cPVVE&Ex&Chiller__PumpCtrl*" ), "" ) -> 0.428877 | G7: =IFERROR( _xlfn.MINIFS( 'Combined Runs'!$P:$P, 'Combined Runs'!$K:$K, G$4, 'Combined Runs'!$J:$J, "*" & $B7 & "&0&cPVVE&Ex&Chiller__PumpCtrl*" ), "" ) -> 0.39022 | H7: =IFERROR( _xlfn.MINIFS( 'Combined Runs'!$P:$P, 'Combined Runs'!$K:$K, H$4, 'Combined Runs'!$J:$J, "*" & $B7 & "&0&cPVVE&Ex&Chiller__PumpCtrl*" ), "" ) -> 0.402318 | I7: =IFERROR( _xlfn.MINIFS( 'Combined Runs'!$P:$P, 'Combined Runs'!$K:$K, I$4, 'Combined Runs'!$J:$J, "*" & $B7 & "&0&cPVVE&Ex&Chiller__PumpCtrl*" ), "" ) -> 0.409715 | J7: =IFERROR( _xlfn.MINIFS( 'Combined Runs'!$P:$P, 'Combined Runs'!$K:$K, J$4, 'Combined Runs'!$J:$J, "*" & $B7 & "&0&cPVVE&Ex&Chiller__PumpCtrl*" ), "" ) -> 0.431776 | ... R7: =IFERROR( _xlfn.MINIFS( 'Combined Runs'!$P:$P, 'Combined Runs'!$K:$K, R$4, 'Combined Runs'!$J:$J, "*" & $B7 & "&0&cPVVE&Ex&Chiller__PumpCtrl*" ), "" ) -> 0.417789 | S7: =MIN(Table2[[#This Row],[CZ01]:[CZ16]]) -> 0.358268 | T7: =AVERAGE(Table2[[#This Row],[CZ01]:[CZ16]]) -> 0.42854775 | U7: =MAX(Table2[[#This Row],[CZ01]:[CZ16]]) -> 0.471013
B8: Hsp | C8: =IFERROR( _xlfn.MINIFS( 'Combined Runs'!$P:$P, 'Combined Runs'!$K:$K, C$4, 'Combined Runs'!$J:$J, "*" & $B8 & "&0&cPVVE&Ex&Chiller__PumpCtrl*" ), "" ) -> 0.167969 | D8: =IFERROR( _xlfn.MINIFS( 'Combined Runs'!$P:$P, 'Combined Runs'!$K:$K, D$4, 'Combined Runs'!$J:$J, "*" & $B8 & "&0&cPVVE&Ex&Chiller__PumpCtrl*" ), "" ) -> 0.206671 | E8: =IFERROR( _xlfn.MINIFS( 'Combined Runs'!$P:$P, 'Combined Runs'!$K:$K, E$4, 'Combined Runs'!$J:$J, "*" & $B8 & "&0&cPVVE&Ex&Chiller__PumpCtrl*" ), "" ) -> 0.196562 | F8: =IFERROR( _xlfn.MINIFS( 'Combined Runs'!$P:$P, 'Combined Runs'!$K:$K, F$4, 'Combined Runs'!$J:$J, "*" & $B8 & "&0&cPVVE&Ex&Chiller__PumpCtrl*" ), "" ) -> 0.209419 | G8: =IFERROR( _xlfn.MINIFS( 'Combined Runs'!$P:$P, 'Combined Runs'!$K:$K, G$4, 'Combined Runs'!$J:$J, "*" & $B8 & "&0&cPVVE&Ex&Chiller__PumpCtrl*" ), "" ) -> 0.189554 | H8: =IFERROR( _xlfn.MINIFS( 'Combined Runs'!$P:$P, 'Combined Runs'!$K:$K, H$4, 'Combined Runs'!$J:$J, "*" & $B8 & "&0&cPVVE&Ex&Chiller__PumpCtrl*" ), "" ) -> 0.197252 | I8: =IFERROR( _xlfn.MINIFS( 'Combined Runs'!$P:$P, 'Combined Runs'!$K:$K, I$4, 'Combined Runs'!$J:$J, "*" & $B8 & "&0&cPVVE&Ex&Chiller__PumpCtrl*" ), "" ) -> 0.202138 | J8: =IFERROR( _xlfn.MINIFS( 'Combined Runs'!$P:$P, 'Combined Runs'!$K:$K, J$4, 'Combined Runs'!$J:$J, "*" & $B8 & "&0&cPVVE&Ex&Chiller__PumpCtrl*" ), "" ) -> 0.212416 | ... R8: =IFERROR( _xlfn.MINIFS( 'Combined Runs'!$P:$P, 'Combined Runs'!$K:$K, R$4, 'Combined Runs'!$J:$J, "*" & $B8 & "&0&cPVVE&Ex&Chiller__PumpCtrl*" ), "" ) -> 0.207249 | S8: =MIN(Table2[[#This Row],[CZ01]:[CZ16]]) -> 0.167969 | T8: =AVERAGE(Table2[[#This Row],[CZ01]:[CZ16]]) -> 0.21134369 | U8: =MAX(Table2[[#This Row],[CZ01]:[CZ16]]) -> 0.236115
B9: Nrs | C9: =IFERROR( _xlfn.MINIFS( 'Combined Runs'!$P:$P, 'Combined Runs'!$K:$K, C$4, 'Combined Runs'!$J:$J, "*" & $B9 & "&0&cPVVE&Ex&Chiller__PumpCtrl*" ), "" ) -> 0.021413 | D9: =IFERROR( _xlfn.MINIFS( 'Combined Runs'!$P:$P, 'Combined Runs'!$K:$K, D$4, 'Combined Runs'!$J:$J, "*" & $B9 & "&0&cPVVE&Ex&Chiller__PumpCtrl*" ), "" ) -> 0.027234 | E9: =IFERROR( _xlfn.MINIFS( 'Combined Runs'!$P:$P, 'Combined Runs'!$K:$K, E$4, 'Combined Runs'!$J:$J, "*" & $B9 & "&0&cPVVE&Ex&Chiller__PumpCtrl*" ), "" ) -> 0.025771 | F9: =IFERROR( _xlfn.MINIFS( 'Combined Runs'!$P:$P, 'Combined Runs'!$K:$K, F$4, 'Combined Runs'!$J:$J, "*" & $B9 & "&0&cPVVE&Ex&Chiller__PumpCtrl*" ), "" ) -> 0.027591 | G9: =IFERROR( _xlfn.MINIFS( 'Combined Runs'!$P:$P, 'Combined Runs'!$K:$K, G$4, 'Combined Runs'!$J:$J, "*" & $B9 & "&0&cPVVE&Ex&Chiller__PumpCtrl*" ), "" ) -> 0.024224 | H9: =IFERROR( _xlfn.MINIFS( 'Combined Runs'!$P:$P, 'Combined Runs'!$K:$K, H$4, 'Combined Runs'!$J:$J, "*" & $B9 & "&0&cPVVE&Ex&Chiller__PumpCtrl*" ), "" ) -> 0.025254 | I9: =IFERROR( _xlfn.MINIFS( 'Combined Runs'!$P:$P, 'Combined Runs'!$K:$K, I$4, 'Combined Runs'!$J:$J, "*" & $B9 & "&0&cPVVE&Ex&Chiller__PumpCtrl*" ), "" ) -> 0.025727 | J9: =IFERROR( _xlfn.MINIFS( 'Combined Runs'!$P:$P, 'Combined Runs'!$K:$K, J$4, 'Combined Runs'!$J:$J, "*" & $B9 & "&0&cPVVE&Ex&Chiller__PumpCtrl*" ), "" ) -> 0.027683 | ... R9: =IFERROR( _xlfn.MINIFS( 'Combined Runs'!$P:$P, 'Combined Runs'!$K:$K, R$4, 'Combined Runs'!$J:$J, "*" & $B9 & "&0&cPVVE&Ex&Chiller__PumpCtrl*" ), "" ) -> 0.026836 | S9: =MIN(Table2[[#This Row],[CZ01]:[CZ16]]) -> 0.021413 | T9: =AVERAGE(Table2[[#This Row],[CZ01]:[CZ16]]) -> 0.027555812 | U9: =MAX(Table2[[#This Row],[CZ01]:[CZ16]]) -> 0.031352
B10: OfL | C10: =IFERROR( _xlfn.MINIFS( 'Combined Runs'!$P:$P, 'Combined Runs'!$K:$K, C$4, 'Combined Runs'!$J:$J, "*" & $B10 & "&0&cPVVE&Ex&Chiller__PumpCtrl*" ), "" ) -> 0.13852 | D10: =IFERROR( _xlfn.MINIFS( 'Combined Runs'!$P:$P, 'Combined Runs'!$K:$K, D$4, 'Combined Runs'!$J:$J, "*" & $B10 & "&0&cPVVE&Ex&Chiller__PumpCtrl*" ), "" ) -> 0.172606 | E10: =IFERROR( _xlfn.MINIFS( 'Combined Runs'!$P:$P, 'Combined Runs'!$K:$K, E$4, 'Combined Runs'!$J:$J, "*" & $B10 & "&0&cPVVE&Ex&Chiller__PumpCtrl*" ), "" ) -> 0.163161 | F10: =IFERROR( _xlfn.MINIFS( 'Combined Runs'!$P:$P, 'Combined Runs'!$K:$K, F$4, 'Combined Runs'!$J:$J, "*" & $B10 & "&0&cPVVE&Ex&Chiller__PumpCtrl*" ), "" ) -> 0.173778 | G10: =IFERROR( _xlfn.MINIFS( 'Combined Runs'!$P:$P, 'Combined Runs'!$K:$K, G$4, 'Combined Runs'!$J:$J, "*" & $B10 & "&0&cPVVE&Ex&Chiller__PumpCtrl*" ), "" ) -> 0.157707 | H10: =IFERROR( _xlfn.MINIFS( 'Combined Runs'!$P:$P, 'Combined Runs'!$K:$K, H$4, 'Combined Runs'!$J:$J, "*" & $B10 & "&0&cPVVE&Ex&Chiller__PumpCtrl*" ), "" ) -> 0.15958 | I10: =IFERROR( _xlfn.MINIFS( 'Combined Runs'!$P:$P, 'Combined Runs'!$K:$K, I$4, 'Combined Runs'!$J:$J, "*" & $B10 & "&0&cPVVE&Ex&Chiller__PumpCtrl*" ), "" ) -> 0.16061 | J10: =IFERROR( _xlfn.MINIFS( 'Combined Runs'!$P:$P, 'Combined Runs'!$K:$K, J$4, 'Combined Runs'!$J:$J, "*" & $B10 & "&0&cPVVE&Ex&Chiller__PumpCtrl*" ), "" ) -> 0.172795 | ... R10: =IFERROR( _xlfn.MINIFS( 'Combined Runs'!$P:$P, 'Combined Runs'!$K:$K, R$4, 'Combined Runs'!$J:$J, "*" & $B10 & "&0&cPVVE&Ex&Chiller__PumpCtrl*" ), "" ) -> 0.17327 | S10: =MIN(Table2[[#This Row],[CZ01]:[CZ16]]) -> 0.13852 | T10: =AVERAGE(Table2[[#This Row],[CZ01]:[CZ16]]) -> 0.17218594 | U10: =MAX(Table2[[#This Row],[CZ01]:[CZ16]]) -> 0.189932
B11: OfS | C11: =IFERROR( _xlfn.MINIFS( 'Combined Runs'!$P:$P, 'Combined Runs'!$K:$K, C$4, 'Combined Runs'!$J:$J, "*" & $B11 & "&0&cPVVE&Ex&Chiller__PumpCtrl*" ), "" ) -> 0.010408 | D11: =IFERROR( _xlfn.MINIFS( 'Combined Runs'!$P:$P, 'Combined Runs'!$K:$K, D$4, 'Combined Runs'!$J:$J, "*" & $B11 & "&0&cPVVE&Ex&Chiller__PumpCtrl*" ), "" ) -> 0.01296 | E11: =IFERROR( _xlfn.MINIFS( 'Combined Runs'!$P:$P, 'Combined Runs'!$K:$K, E$4, 'Combined Runs'!$J:$J, "*" & $B11 & "&0&cPVVE&Ex&Chiller__PumpCtrl*" ), "" ) -> 0.012449 | F11: =IFERROR( _xlfn.MINIFS( 'Combined Runs'!$P:$P, 'Combined Runs'!$K:$K, F$4, 'Combined Runs'!$J:$J, "*" & $B11 & "&0&cPVVE&Ex&Chiller__PumpCtrl*" ), "" ) -> 0.013129 | G11: =IFERROR( _xlfn.MINIFS( 'Combined Runs'!$P:$P, 'Combined Runs'!$K:$K, G$4, 'Combined Runs'!$J:$J, "*" & $B11 & "&0&cPVVE&Ex&Chiller__PumpCtrl*" ), "" ) -> 0.011868 | H11: =IFERROR( _xlfn.MINIFS( 'Combined Runs'!$P:$P, 'Combined Runs'!$K:$K, H$4, 'Combined Runs'!$J:$J, "*" & $B11 & "&0&cPVVE&Ex&Chiller__PumpCtrl*" ), "" ) -> 0.012127 | I11: =IFERROR( _xlfn.MINIFS( 'Combined Runs'!$P:$P, 'Combined Runs'!$K:$K, I$4, 'Combined Runs'!$J:$J, "*" & $B11 & "&0&cPVVE&Ex&Chiller__PumpCtrl*" ), "" ) -> 0.012135 | J11: =IFERROR( _xlfn.MINIFS( 'Combined Runs'!$P:$P, 'Combined Runs'!$K:$K, J$4, 'Combined Runs'!$J:$J, "*" & $B11 & "&0&cPVVE&Ex&Chiller__PumpCtrl*" ), "" ) -> 0.013076 | ... R11: =IFERROR( _xlfn.MINIFS( 'Combined Runs'!$P:$P, 'Combined Runs'!$K:$K, R$4, 'Combined Runs'!$J:$J, "*" & $B11 & "&0&cPVVE&Ex&Chiller__PumpCtrl*" ), "" ) -> 0.012972 | S11: =MIN(Table2[[#This Row],[CZ01]:[CZ16]]) -> 0.010408 | T11: =AVERAGE(Table2[[#This Row],[CZ01]:[CZ16]]) -> 0.012936375 | U11: =MAX(Table2[[#This Row],[CZ01]:[CZ16]]) -> 0.014157
B12: Rt3 | C12: =IFERROR( _xlfn.MINIFS( 'Combined Runs'!$P:$P, 'Combined Runs'!$K:$K, C$4, 'Combined Runs'!$J:$J, "*" & $B12 & "&0&cPVVE&Ex&Chiller__PumpCtrl*" ), "" ) -> 0.091895 | D12: =IFERROR( _xlfn.MINIFS( 'Combined Runs'!$P:$P, 'Combined Runs'!$K:$K, D$4, 'Combined Runs'!$J:$J, "*" & $B12 & "&0&cPVVE&Ex&Chiller__PumpCtrl*" ), "" ) -> 0.122211 | E12: =IFERROR( _xlfn.MINIFS( 'Combined Runs'!$P:$P, 'Combined Runs'!$K:$K, E$4, 'Combined Runs'!$J:$J, "*" & $B12 & "&0&cPVVE&Ex&Chiller__PumpCtrl*" ), "" ) -> 0.115581 | F12: =IFERROR( _xlfn.MINIFS( 'Combined Runs'!$P:$P, 'Combined Runs'!$K:$K, F$4, 'Combined Runs'!$J:$J, "*" & $B12 & "&0&cPVVE&Ex&Chiller__PumpCtrl*" ), "" ) -> 0.12519 | G12: =IFERROR( _xlfn.MINIFS( 'Combined Runs'!$P:$P, 'Combined Runs'!$K:$K, G$4, 'Combined Runs'!$J:$J, "*" & $B12 & "&0&cPVVE&Ex&Chiller__PumpCtrl*" ), "" ) -> 0.109951 | H12: =IFERROR( _xlfn.MINIFS( 'Combined Runs'!$P:$P, 'Combined Runs'!$K:$K, H$4, 'Combined Runs'!$J:$J, "*" & $B12 & "&0&cPVVE&Ex&Chiller__PumpCtrl*" ), "" ) -> 0.117493 | I12: =IFERROR( _xlfn.MINIFS( 'Combined Runs'!$P:$P, 'Combined Runs'!$K:$K, I$4, 'Combined Runs'!$J:$J, "*" & $B12 & "&0&cPVVE&Ex&Chiller__PumpCtrl*" ), "" ) -> 0.122761 | J12: =IFERROR( _xlfn.MINIFS( 'Combined Runs'!$P:$P, 'Combined Runs'!$K:$K, J$4, 'Combined Runs'!$J:$J, "*" & $B12 & "&0&cPVVE&Ex&Chiller__PumpCtrl*" ), "" ) -> 0.128477 | ... R12: =IFERROR( _xlfn.MINIFS( 'Combined Runs'!$P:$P, 'Combined Runs'!$K:$K, R$4, 'Combined Runs'!$J:$J, "*" & $B12 & "&0&cPVVE&Ex&Chiller__PumpCtrl*" ), "" ) -> 0.117654 | S12: =MIN(Table2[[#This Row],[CZ01]:[CZ16]]) -> 0.091895 | T12: =AVERAGE(Table2[[#This Row],[CZ01]:[CZ16]]) -> 0.1259815 | U12: =MAX(Table2[[#This Row],[CZ01]:[CZ16]]) -> 0.144495
B13: Htl | C13: =IFERROR( _xlfn.MINIFS( 'Combined Runs'!$P:$P, 'Combined Runs'!$K:$K, C$4, 'Combined Runs'!$J:$J, "*" & $B13 & "&0&cPVVE&Ex&Chiller__PumpCtrl*" ), "" ) -> 0.017149 | D13: =IFERROR( _xlfn.MINIFS( 'Combined Runs'!$P:$P, 'Combined Runs'!$K:$K, D$4, 'Combined Runs'!$J:$J, "*" & $B13 & "&0&cPVVE&Ex&Chiller__PumpCtrl*" ), "" ) -> 0.022915 | E13: =IFERROR( _xlfn.MINIFS( 'Combined Runs'!$P:$P, 'Combined Runs'!$K:$K, E$4, 'Combined Runs'!$J:$J, "*" & $B13 & "&0&cPVVE&Ex&Chiller__PumpCtrl*" ), "" ) -> 0.021574 | F13: =IFERROR( _xlfn.MINIFS( 'Combined Runs'!$P:$P, 'Combined Runs'!$K:$K, F$4, 'Combined Runs'!$J:$J, "*" & $B13 & "&0&cPVVE&Ex&Chiller__PumpCtrl*" ), "" ) -> 0.023235 | G13: =IFERROR( _xlfn.MINIFS( 'Combined Runs'!$P:$P, 'Combined Runs'!$K:$K, G$4, 'Combined Runs'!$J:$J, "*" & $B13 & "&0&cPVVE&Ex&Chiller__PumpCtrl*" ), "" ) -> 0.01989 | H13: =IFERROR( _xlfn.MINIFS( 'Combined Runs'!$P:$P, 'Combined Runs'!$K:$K, H$4, 'Combined Runs'!$J:$J, "*" & $B13 & "&0&cPVVE&Ex&Chiller__PumpCtrl*" ), "" ) -> 0.020983 | I13: =IFERROR( _xlfn.MINIFS( 'Combined Runs'!$P:$P, 'Combined Runs'!$K:$K, I$4, 'Combined Runs'!$J:$J, "*" & $B13 & "&0&cPVVE&Ex&Chiller__PumpCtrl*" ), "" ) -> 0.021398 | J13: =IFERROR( _xlfn.MINIFS( 'Combined Runs'!$P:$P, 'Combined Runs'!$K:$K, J$4, 'Combined Runs'!$J:$J, "*" & $B13 & "&0&cPVVE&Ex&Chiller__PumpCtrl*" ), "" ) -> 0.023476 | ... R13: =IFERROR( _xlfn.MINIFS( 'Combined Runs'!$P:$P, 'Combined Runs'!$K:$K, R$4, 'Combined Runs'!$J:$J, "*" & $B13 & "&0&cPVVE&Ex&Chiller__PumpCtrl*" ), "" ) -> 0.023196 | S13: =MIN(Table2[[#This Row],[CZ01]:[CZ16]]) -> 0.017149 | T13: =AVERAGE(Table2[[#This Row],[CZ01]:[CZ16]]) -> 0.023511437 | U13: =MAX(Table2[[#This Row],[CZ01]:[CZ16]]) -> 0.027526
B16: New Building | S16: CW Design Flow Rate (constant) (m3/s)
B17: Building Type | C17: CZ01 | D17: CZ02 | E17: CZ03 | F17: CZ04 | G17: CZ05 | H17: CZ06 | I17: CZ07 | J17: CZ08 | K17: CZ09 | L17: CZ10 | M17: CZ11 | N17: CZ12 | O17: CZ13 | P17: CZ14 | Q17: CZ15 | R17: CZ16 | S17: Min Across All CZ | T17: Average Across All CZ2 | U17: Max Across All CZ3
B18: ECC | C18: =IFERROR( _xlfn.MINIFS( 'Combined Runs'!$P:$P, 'Combined Runs'!$K:$K, C$17, 'Combined Runs'!$J:$J, "*" & $B18 & "&0&cPVVE&New&Chiller__PumpCtrl*" ), "" ) -> 0.10838 | D18: =IFERROR( _xlfn.MINIFS( 'Combined Runs'!$P:$P, 'Combined Runs'!$K:$K, D$17, 'Combined Runs'!$J:$J, "*" & $B18 & "&0&cPVVE&New&Chiller__PumpCtrl*" ), "" ) -> 0.150994 | E18: =IFERROR( _xlfn.MINIFS( 'Combined Runs'!$P:$P, 'Combined Runs'!$K:$K, E$17, 'Combined Runs'!$J:$J, "*" & $B18 & "&0&cPVVE&New&Chiller__PumpCtrl*" ), "" ) -> 0.140111 | F18: =IFERROR( _xlfn.MINIFS( 'Combined Runs'!$P:$P, 'Combined Runs'!$K:$K, F$17, 'Combined Runs'!$J:$J, "*" & $B18 & "&0&cPVVE&New&Chiller__PumpCtrl*" ), "" ) -> 0.153114 | G18: =IFERROR( _xlfn.MINIFS( 'Combined Runs'!$P:$P, 'Combined Runs'!$K:$K, G$17, 'Combined Runs'!$J:$J, "*" & $B18 & "&0&cPVVE&New&Chiller__PumpCtrl*" ), "" ) -> 0.130863 | H18: =IFERROR( _xlfn.MINIFS( 'Combined Runs'!$P:$P, 'Combined Runs'!$K:$K, H$17, 'Combined Runs'!$J:$J, "*" & $B18 & "&0&cPVVE&New&Chiller__PumpCtrl*" ), "" ) -> 0.138835 | I18: =IFERROR( _xlfn.MINIFS( 'Combined Runs'!$P:$P, 'Combined Runs'!$K:$K, I$17, 'Combined Runs'!$J:$J, "*" & $B18 & "&0&cPVVE&New&Chiller__PumpCtrl*" ), "" ) -> 0.142779 | J18: =IFERROR( _xlfn.MINIFS( 'Combined Runs'!$P:$P, 'Combined Runs'!$K:$K, J$17, 'Combined Runs'!$J:$J, "*" & $B18 & "&0&cPVVE&New&Chiller__PumpCtrl*" ), "" ) -> 0.155472 | ... R18: =IFERROR( _xlfn.MINIFS( 'Combined Runs'!$P:$P, 'Combined Runs'!$K:$K, R$17, 'Combined Runs'!$J:$J, "*" & $B18 & "&0&cPVVE&New&Chiller__PumpCtrl*" ), "" ) -> 0.140826 | S18: =MIN(Table24[[#This Row],[CZ01]:[CZ16]]) -> 0.10838 | T18: =AVERAGE(Table24[[#This Row],[CZ01]:[CZ16]]) -> 0.14990988 | U18: =MAX(Table24[[#This Row],[CZ01]:[CZ16]]) -> 0.172093
B19: Ese | C19: =IFERROR( _xlfn.MINIFS( 'Combined Runs'!$P:$P, 'Combined Runs'!$K:$K, C$17, 'Combined Runs'!$J:$J, "*" & $B19 & "&0&cPVVE&New&Chiller__PumpCtrl*" ), "" ) -> 0.016484 | D19: =IFERROR( _xlfn.MINIFS( 'Combined Runs'!$P:$P, 'Combined Runs'!$K:$K, D$17, 'Combined Runs'!$J:$J, "*" & $B19 & "&0&cPVVE&New&Chiller__PumpCtrl*" ), "" ) -> 0.02371 | E19: =IFERROR( _xlfn.MINIFS( 'Combined Runs'!$P:$P, 'Combined Runs'!$K:$K, E$17, 'Combined Runs'!$J:$J, "*" & $B19 & "&0&cPVVE&New&Chiller__PumpCtrl*" ), "" ) -> 0.022182 | F19: =IFERROR( _xlfn.MINIFS( 'Combined Runs'!$P:$P, 'Combined Runs'!$K:$K, F$17, 'Combined Runs'!$J:$J, "*" & $B19 & "&0&cPVVE&New&Chiller__PumpCtrl*" ), "" ) -> 0.024118 | G19: =IFERROR( _xlfn.MINIFS( 'Combined Runs'!$P:$P, 'Combined Runs'!$K:$K, G$17, 'Combined Runs'!$J:$J, "*" & $B19 & "&0&cPVVE&New&Chiller__PumpCtrl*" ), "" ) -> 0.020516 | H19: =IFERROR( _xlfn.MINIFS( 'Combined Runs'!$P:$P, 'Combined Runs'!$K:$K, H$17, 'Combined Runs'!$J:$J, "*" & $B19 & "&0&cPVVE&New&Chiller__PumpCtrl*" ), "" ) -> 0.022175 | I19: =IFERROR( _xlfn.MINIFS( 'Combined Runs'!$P:$P, 'Combined Runs'!$K:$K, I$17, 'Combined Runs'!$J:$J, "*" & $B19 & "&0&cPVVE&New&Chiller__PumpCtrl*" ), "" ) -> 0.022815 | J19: =IFERROR( _xlfn.MINIFS( 'Combined Runs'!$P:$P, 'Combined Runs'!$K:$K, J$17, 'Combined Runs'!$J:$J, "*" & $B19 & "&0&cPVVE&New&Chiller__PumpCtrl*" ), "" ) -> 0.024768 | ... R19: =IFERROR( _xlfn.MINIFS( 'Combined Runs'!$P:$P, 'Combined Runs'!$K:$K, R$17, 'Combined Runs'!$J:$J, "*" & $B19 & "&0&cPVVE&New&Chiller__PumpCtrl*" ), "" ) -> 0.020577 | S19: =MIN(Table24[[#This Row],[CZ01]:[CZ16]]) -> 0.016484 | T19: =AVERAGE(Table24[[#This Row],[CZ01]:[CZ16]]) -> 0.023086438 | U19: =MAX(Table24[[#This Row],[CZ01]:[CZ16]]) -> 0.02698
B20: Eun | C20: =IFERROR( _xlfn.MINIFS( 'Combined Runs'!$P:$P, 'Combined Runs'!$K:$K, C$17, 'Combined Runs'!$J:$J, "*" & $B20 & "&0&cPVVE&New&Chiller__PumpCtrl*" ), "" ) -> 0.254686 | D20: =IFERROR( _xlfn.MINIFS( 'Combined Runs'!$P:$P, 'Combined Runs'!$K:$K, D$17, 'Combined Runs'!$J:$J, "*" & $B20 & "&0&cPVVE&New&Chiller__PumpCtrl*" ), "" ) -> 0.306028 | E20: =IFERROR( _xlfn.MINIFS( 'Combined Runs'!$P:$P, 'Combined Runs'!$K:$K, E$17, 'Combined Runs'!$J:$J, "*" & $B20 & "&0&cPVVE&New&Chiller__PumpCtrl*" ), "" ) -> 0.296517 | F20: =IFERROR( _xlfn.MINIFS( 'Combined Runs'!$P:$P, 'Combined Runs'!$K:$K, F$17, 'Combined Runs'!$J:$J, "*" & $B20 & "&0&cPVVE&New&Chiller__PumpCtrl*" ), "" ) -> 0.309351 | G20: =IFERROR( _xlfn.MINIFS( 'Combined Runs'!$P:$P, 'Combined Runs'!$K:$K, G$17, 'Combined Runs'!$J:$J, "*" & $B20 & "&0&cPVVE&New&Chiller__PumpCtrl*" ), "" ) -> 0.275403 | H20: =IFERROR( _xlfn.MINIFS( 'Combined Runs'!$P:$P, 'Combined Runs'!$K:$K, H$17, 'Combined Runs'!$J:$J, "*" & $B20 & "&0&cPVVE&New&Chiller__PumpCtrl*" ), "" ) -> 0.28924 | I20: =IFERROR( _xlfn.MINIFS( 'Combined Runs'!$P:$P, 'Combined Runs'!$K:$K, I$17, 'Combined Runs'!$J:$J, "*" & $B20 & "&0&cPVVE&New&Chiller__PumpCtrl*" ), "" ) -> 0.298919 | J20: =IFERROR( _xlfn.MINIFS( 'Combined Runs'!$P:$P, 'Combined Runs'!$K:$K, J$17, 'Combined Runs'!$J:$J, "*" & $B20 & "&0&cPVVE&New&Chiller__PumpCtrl*" ), "" ) -> 0.312317 | ... R20: =IFERROR( _xlfn.MINIFS( 'Combined Runs'!$P:$P, 'Combined Runs'!$K:$K, R$17, 'Combined Runs'!$J:$J, "*" & $B20 & "&0&cPVVE&New&Chiller__PumpCtrl*" ), "" ) -> 0.298478 | S20: =MIN(Table24[[#This Row],[CZ01]:[CZ16]]) -> 0.254686 | T20: =AVERAGE(Table24[[#This Row],[CZ01]:[CZ16]]) -> 0.31084813 | U20: =MAX(Table24[[#This Row],[CZ01]:[CZ16]]) -> 0.352529
B21: Hsp | C21: =IFERROR( _xlfn.MINIFS( 'Combined Runs'!$P:$P, 'Combined Runs'!$K:$K, C$17, 'Combined Runs'!$J:$J, "*" & $B21 & "&0&cPVVE&New&Chiller__PumpCtrl*" ), "" ) -> 0.142966 | D21: =IFERROR( _xlfn.MINIFS( 'Combined Runs'!$P:$P, 'Combined Runs'!$K:$K, D$17, 'Combined Runs'!$J:$J, "*" & $B21 & "&0&cPVVE&New&Chiller__PumpCtrl*" ), "" ) -> 0.192381 | E21: =IFERROR( _xlfn.MINIFS( 'Combined Runs'!$P:$P, 'Combined Runs'!$K:$K, E$17, 'Combined Runs'!$J:$J, "*" & $B21 & "&0&cPVVE&New&Chiller__PumpCtrl*" ), "" ) -> 0.180887 | F21: =IFERROR( _xlfn.MINIFS( 'Combined Runs'!$P:$P, 'Combined Runs'!$K:$K, F$17, 'Combined Runs'!$J:$J, "*" & $B21 & "&0&cPVVE&New&Chiller__PumpCtrl*" ), "" ) -> 0.194702 | G21: =IFERROR( _xlfn.MINIFS( 'Combined Runs'!$P:$P, 'Combined Runs'!$K:$K, G$17, 'Combined Runs'!$J:$J, "*" & $B21 & "&0&cPVVE&New&Chiller__PumpCtrl*" ), "" ) -> 0.173009 | H21: =IFERROR( _xlfn.MINIFS( 'Combined Runs'!$P:$P, 'Combined Runs'!$K:$K, H$17, 'Combined Runs'!$J:$J, "*" & $B21 & "&0&cPVVE&New&Chiller__PumpCtrl*" ), "" ) -> 0.181613 | I21: =IFERROR( _xlfn.MINIFS( 'Combined Runs'!$P:$P, 'Combined Runs'!$K:$K, I$17, 'Combined Runs'!$J:$J, "*" & $B21 & "&0&cPVVE&New&Chiller__PumpCtrl*" ), "" ) -> 0.184853 | J21: =IFERROR( _xlfn.MINIFS( 'Combined Runs'!$P:$P, 'Combined Runs'!$K:$K, J$17, 'Combined Runs'!$J:$J, "*" & $B21 & "&0&cPVVE&New&Chiller__PumpCtrl*" ), "" ) -> 0.198022 | ... R21: =IFERROR( _xlfn.MINIFS( 'Combined Runs'!$P:$P, 'Combined Runs'!$K:$K, R$17, 'Combined Runs'!$J:$J, "*" & $B21 & "&0&cPVVE&New&Chiller__PumpCtrl*" ), "" ) -> 0.173716 | S21: =MIN(Table24[[#This Row],[CZ01]:[CZ16]]) -> 0.142966 | T21: =AVERAGE(Table24[[#This Row],[CZ01]:[CZ16]]) -> 0.18707287 | U21: =MAX(Table24[[#This Row],[CZ01]:[CZ16]]) -> 0.214107
B22: Nrs | C22: =IFERROR( _xlfn.MINIFS( 'Combined Runs'!$P:$P, 'Combined Runs'!$K:$K, C$17, 'Combined Runs'!$J:$J, "*" & $B22 & "&0&cPVVE&New&Chiller__PumpCtrl*" ), "" ) -> 0.015308 | D22: =IFERROR( _xlfn.MINIFS( 'Combined Runs'!$P:$P, 'Combined Runs'!$K:$K, D$17, 'Combined Runs'!$J:$J, "*" & $B22 & "&0&cPVVE&New&Chiller__PumpCtrl*" ), "" ) -> 0.0197 | E22: =IFERROR( _xlfn.MINIFS( 'Combined Runs'!$P:$P, 'Combined Runs'!$K:$K, E$17, 'Combined Runs'!$J:$J, "*" & $B22 & "&0&cPVVE&New&Chiller__PumpCtrl*" ), "" ) -> 0.019036 | F22: =IFERROR( _xlfn.MINIFS( 'Combined Runs'!$P:$P, 'Combined Runs'!$K:$K, F$17, 'Combined Runs'!$J:$J, "*" & $B22 & "&0&cPVVE&New&Chiller__PumpCtrl*" ), "" ) -> 0.020029 | G22: =IFERROR( _xlfn.MINIFS( 'Combined Runs'!$P:$P, 'Combined Runs'!$K:$K, G$17, 'Combined Runs'!$J:$J, "*" & $B22 & "&0&cPVVE&New&Chiller__PumpCtrl*" ), "" ) -> 0.017631 | H22: =IFERROR( _xlfn.MINIFS( 'Combined Runs'!$P:$P, 'Combined Runs'!$K:$K, H$17, 'Combined Runs'!$J:$J, "*" & $B22 & "&0&cPVVE&New&Chiller__PumpCtrl*" ), "" ) -> 0.018833 | I22: =IFERROR( _xlfn.MINIFS( 'Combined Runs'!$P:$P, 'Combined Runs'!$K:$K, I$17, 'Combined Runs'!$J:$J, "*" & $B22 & "&0&cPVVE&New&Chiller__PumpCtrl*" ), "" ) -> 0.019461 | J22: =IFERROR( _xlfn.MINIFS( 'Combined Runs'!$P:$P, 'Combined Runs'!$K:$K, J$17, 'Combined Runs'!$J:$J, "*" & $B22 & "&0&cPVVE&New&Chiller__PumpCtrl*" ), "" ) -> 0.020815 | ... R22: =IFERROR( _xlfn.MINIFS( 'Combined Runs'!$P:$P, 'Combined Runs'!$K:$K, R$17, 'Combined Runs'!$J:$J, "*" & $B22 & "&0&cPVVE&New&Chiller__PumpCtrl*" ), "" ) -> 0.019782 | S22: =MIN(Table24[[#This Row],[CZ01]:[CZ16]]) -> 0.015308 | T22: =AVERAGE(Table24[[#This Row],[CZ01]:[CZ16]]) -> 0.020424125 | U22: =MAX(Table24[[#This Row],[CZ01]:[CZ16]]) -> 0.023675
B23: OfL | C23: =IFERROR( _xlfn.MINIFS( 'Combined Runs'!$P:$P, 'Combined Runs'!$K:$K, C$17, 'Combined Runs'!$J:$J, "*" & $B23 & "&0&cPVVE&New&Chiller__PumpCtrl*" ), "" ) -> 0.090241 | D23: =IFERROR( _xlfn.MINIFS( 'Combined Runs'!$P:$P, 'Combined Runs'!$K:$K, D$17, 'Combined Runs'!$J:$J, "*" & $B23 & "&0&cPVVE&New&Chiller__PumpCtrl*" ), "" ) -> 0.112632 | E23: =IFERROR( _xlfn.MINIFS( 'Combined Runs'!$P:$P, 'Combined Runs'!$K:$K, E$17, 'Combined Runs'!$J:$J, "*" & $B23 & "&0&cPVVE&New&Chiller__PumpCtrl*" ), "" ) -> 0.106831 | F23: =IFERROR( _xlfn.MINIFS( 'Combined Runs'!$P:$P, 'Combined Runs'!$K:$K, F$17, 'Combined Runs'!$J:$J, "*" & $B23 & "&0&cPVVE&New&Chiller__PumpCtrl*" ), "" ) -> 0.113262 | G23: =IFERROR( _xlfn.MINIFS( 'Combined Runs'!$P:$P, 'Combined Runs'!$K:$K, G$17, 'Combined Runs'!$J:$J, "*" & $B23 & "&0&cPVVE&New&Chiller__PumpCtrl*" ), "" ) -> 0.101248 | H23: =IFERROR( _xlfn.MINIFS( 'Combined Runs'!$P:$P, 'Combined Runs'!$K:$K, H$17, 'Combined Runs'!$J:$J, "*" & $B23 & "&0&cPVVE&New&Chiller__PumpCtrl*" ), "" ) -> 0.104863 | I23: =IFERROR( _xlfn.MINIFS( 'Combined Runs'!$P:$P, 'Combined Runs'!$K:$K, I$17, 'Combined Runs'!$J:$J, "*" & $B23 & "&0&cPVVE&New&Chiller__PumpCtrl*" ), "" ) -> 0.107166 | J23: =IFERROR( _xlfn.MINIFS( 'Combined Runs'!$P:$P, 'Combined Runs'!$K:$K, J$17, 'Combined Runs'!$J:$J, "*" & $B23 & "&0&cPVVE&New&Chiller__PumpCtrl*" ), "" ) -> 0.113846 | ... R23: =IFERROR( _xlfn.MINIFS( 'Combined Runs'!$P:$P, 'Combined Runs'!$K:$K, R$17, 'Combined Runs'!$J:$J, "*" & $B23 & "&0&cPVVE&New&Chiller__PumpCtrl*" ), "" ) -> 0.117335 | S23: =MIN(Table24[[#This Row],[CZ01]:[CZ16]]) -> 0.090241 | T23: =AVERAGE(Table24[[#This Row],[CZ01]:[CZ16]]) -> 0.11453925 | U23: =MAX(Table24[[#This Row],[CZ01]:[CZ16]]) -> 0.131436
B24: OfS | C24: =IFERROR( _xlfn.MINIFS( 'Combined Runs'!$P:$P, 'Combined Runs'!$K:$K, C$17, 'Combined Runs'!$J:$J, "*" & $B24 & "&0&cPVVE&New&Chiller__PumpCtrl*" ), "" ) -> 0.005402 | D24: =IFERROR( _xlfn.MINIFS( 'Combined Runs'!$P:$P, 'Combined Runs'!$K:$K, D$17, 'Combined Runs'!$J:$J, "*" & $B24 & "&0&cPVVE&New&Chiller__PumpCtrl*" ), "" ) -> 0.006918 | E24: =IFERROR( _xlfn.MINIFS( 'Combined Runs'!$P:$P, 'Combined Runs'!$K:$K, E$17, 'Combined Runs'!$J:$J, "*" & $B24 & "&0&cPVVE&New&Chiller__PumpCtrl*" ), "" ) -> 0.00679 | F24: =IFERROR( _xlfn.MINIFS( 'Combined Runs'!$P:$P, 'Combined Runs'!$K:$K, F$17, 'Combined Runs'!$J:$J, "*" & $B24 & "&0&cPVVE&New&Chiller__PumpCtrl*" ), "" ) -> 0.007043 | G24: =IFERROR( _xlfn.MINIFS( 'Combined Runs'!$P:$P, 'Combined Runs'!$K:$K, G$17, 'Combined Runs'!$J:$J, "*" & $B24 & "&0&cPVVE&New&Chiller__PumpCtrl*" ), "" ) -> 0.006297 | H24: =IFERROR( _xlfn.MINIFS( 'Combined Runs'!$P:$P, 'Combined Runs'!$K:$K, H$17, 'Combined Runs'!$J:$J, "*" & $B24 & "&0&cPVVE&New&Chiller__PumpCtrl*" ), "" ) -> 0.006807 | I24: =IFERROR( _xlfn.MINIFS( 'Combined Runs'!$P:$P, 'Combined Runs'!$K:$K, I$17, 'Combined Runs'!$J:$J, "*" & $B24 & "&0&cPVVE&New&Chiller__PumpCtrl*" ), "" ) -> 0.006956 | J24: =IFERROR( _xlfn.MINIFS( 'Combined Runs'!$P:$P, 'Combined Runs'!$K:$K, J$17, 'Combined Runs'!$J:$J, "*" & $B24 & "&0&cPVVE&New&Chiller__PumpCtrl*" ), "" ) -> 0.00744 | ... R24: =IFERROR( _xlfn.MINIFS( 'Combined Runs'!$P:$P, 'Combined Runs'!$K:$K, R$17, 'Combined Runs'!$J:$J, "*" & $B24 & "&0&cPVVE&New&Chiller__PumpCtrl*" ), "" ) -> 0.007276 | S24: =MIN(Table24[[#This Row],[CZ01]:[CZ16]]) -> 0.005402 | T24: =AVERAGE(Table24[[#This Row],[CZ01]:[CZ16]]) -> 0.0071648125 | U24: =MAX(Table24[[#This Row],[CZ01]:[CZ16]]) -> 0.008257
B25: Rt3 | C25: =IFERROR( _xlfn.MINIFS( 'Combined Runs'!$P:$P, 'Combined Runs'!$K:$K, C$17, 'Combined Runs'!$J:$J, "*" & $B25 & "&0&cPVVE&New&Chiller__PumpCtrl*" ), "" ) -> 0.065633 | D25: =IFERROR( _xlfn.MINIFS( 'Combined Runs'!$P:$P, 'Combined Runs'!$K:$K, D$17, 'Combined Runs'!$J:$J, "*" & $B25 & "&0&cPVVE&New&Chiller__PumpCtrl*" ), "" ) -> 0.115625 | E25: =IFERROR( _xlfn.MINIFS( 'Combined Runs'!$P:$P, 'Combined Runs'!$K:$K, E$17, 'Combined Runs'!$J:$J, "*" & $B25 & "&0&cPVVE&New&Chiller__PumpCtrl*" ), "" ) -> 0.107451 | F25: =IFERROR( _xlfn.MINIFS( 'Combined Runs'!$P:$P, 'Combined Runs'!$K:$K, F$17, 'Combined Runs'!$J:$J, "*" & $B25 & "&0&cPVVE&New&Chiller__PumpCtrl*" ), "" ) -> 0.118263 | G25: =IFERROR( _xlfn.MINIFS( 'Combined Runs'!$P:$P, 'Combined Runs'!$K:$K, G$17, 'Combined Runs'!$J:$J, "*" & $B25 & "&0&cPVVE&New&Chiller__PumpCtrl*" ), "" ) -> 0.100819 | H25: =IFERROR( _xlfn.MINIFS( 'Combined Runs'!$P:$P, 'Combined Runs'!$K:$K, H$17, 'Combined Runs'!$J:$J, "*" & $B25 & "&0&cPVVE&New&Chiller__PumpCtrl*" ), "" ) -> 0.109175 | I25: =IFERROR( _xlfn.MINIFS( 'Combined Runs'!$P:$P, 'Combined Runs'!$K:$K, I$17, 'Combined Runs'!$J:$J, "*" & $B25 & "&0&cPVVE&New&Chiller__PumpCtrl*" ), "" ) -> 0.111805 | J25: =IFERROR( _xlfn.MINIFS( 'Combined Runs'!$P:$P, 'Combined Runs'!$K:$K, J$17, 'Combined Runs'!$J:$J, "*" & $B25 & "&0&cPVVE&New&Chiller__PumpCtrl*" ), "" ) -> 0.122185 | ... R25: =IFERROR( _xlfn.MINIFS( 'Combined Runs'!$P:$P, 'Combined Runs'!$K:$K, R$17, 'Combined Runs'!$J:$J, "*" & $B25 & "&0&cPVVE&New&Chiller__PumpCtrl*" ), "" ) -> 0.083229 | S25: =MIN(Table24[[#This Row],[CZ01]:[CZ16]]) -> 0.065633 | T25: =AVERAGE(Table24[[#This Row],[CZ01]:[CZ16]]) -> 0.105595 | U25: =MAX(Table24[[#This Row],[CZ01]:[CZ16]]) -> 0.132571
B26: Htl | C26: =IFERROR( _xlfn.MINIFS( 'Combined Runs'!$P:$P, 'Combined Runs'!$K:$K, C$17, 'Combined Runs'!$J:$J, "*" & $B26 & "&0&cPVVE&New&Chiller__PumpCtrl*" ), "" ) -> 0.015125 | D26: =IFERROR( _xlfn.MINIFS( 'Combined Runs'!$P:$P, 'Combined Runs'!$K:$K, D$17, 'Combined Runs'!$J:$J, "*" & $B26 & "&0&cPVVE&New&Chiller__PumpCtrl*" ), "" ) -> 0.019748 | E26: =IFERROR( _xlfn.MINIFS( 'Combined Runs'!$P:$P, 'Combined Runs'!$K:$K, E$17, 'Combined Runs'!$J:$J, "*" & $B26 & "&0&cPVVE&New&Chiller__PumpCtrl*" ), "" ) -> 0.018618 | F26: =IFERROR( _xlfn.MINIFS( 'Combined Runs'!$P:$P, 'Combined Runs'!$K:$K, F$17, 'Combined Runs'!$J:$J, "*" & $B26 & "&0&cPVVE&New&Chiller__PumpCtrl*" ), "" ) -> 0.020021 | G26: =IFERROR( _xlfn.MINIFS( 'Combined Runs'!$P:$P, 'Combined Runs'!$K:$K, G$17, 'Combined Runs'!$J:$J, "*" & $B26 & "&0&cPVVE&New&Chiller__PumpCtrl*" ), "" ) -> 0.017273 | H26: =IFERROR( _xlfn.MINIFS( 'Combined Runs'!$P:$P, 'Combined Runs'!$K:$K, H$17, 'Combined Runs'!$J:$J, "*" & $B26 & "&0&cPVVE&New&Chiller__PumpCtrl*" ), "" ) -> 0.018309 | I26: =IFERROR( _xlfn.MINIFS( 'Combined Runs'!$P:$P, 'Combined Runs'!$K:$K, I$17, 'Combined Runs'!$J:$J, "*" & $B26 & "&0&cPVVE&New&Chiller__PumpCtrl*" ), "" ) -> 0.01924 | J26: =IFERROR( _xlfn.MINIFS( 'Combined Runs'!$P:$P, 'Combined Runs'!$K:$K, J$17, 'Combined Runs'!$J:$J, "*" & $B26 & "&0&cPVVE&New&Chiller__PumpCtrl*" ), "" ) -> 0.020363 | ... R26: =IFERROR( _xlfn.MINIFS( 'Combined Runs'!$P:$P, 'Combined Runs'!$K:$K, R$17, 'Combined Runs'!$J:$J, "*" & $B26 & "&0&cPVVE&New&Chiller__PumpCtrl*" ), "" ) -> 0.020212 | S26: =MIN(Table24[[#This Row],[CZ01]:[CZ16]]) -> 0.015125 | T26: =AVERAGE(Table24[[#This Row],[CZ01]:[CZ16]]) -> 0.02056675 | U26: =MAX(Table24[[#This Row],[CZ01]:[CZ16]]) -> 0.024418

Sheet Min flow rate
A1: Tech ID | B1: NE-Chiller-PumpCtrl-Full-Std
B2: Min Flow Rate
B3: Existing Building | S3: Minimum CW Pump Flow Rate (constant) (m3/s)
B4: Building Type | C4: CZ01 | D4: CZ02 | E4: CZ03 | F4: CZ04 | G4: CZ05 | H4: CZ06 | I4: CZ07 | J4: CZ08 | K4: CZ09 | L4: CZ10 | M4: CZ11 | N4: CZ12 | O4: CZ13 | P4: CZ14 | Q4: CZ15 | R4: CZ16 | S4: Min Across All CZ | T4: Average Across All CZ2 | U4: Max Across All CZ3 | W4: Water density
B5: ECC | C5: ='Design flow rate'!C5*0.7 -> 0.0979874 | D5: ='Design flow rate'!D5*0.7 -> 0.1259951 | E5: ='Design flow rate'!E5*0.7 -> 0.1184218 | F5: ='Design flow rate'!F5*0.7 -> 0.1275764 | G5: ='Design flow rate'!G5*0.7 -> 0.1119335 | H5: ='Design flow rate'!H5*0.7 -> 0.1167103 | I5: ='Design flow rate'!I5*0.7 -> 0.1196916 | J5: ='Design flow rate'!J5*0.7 -> 0.1284731 | ... U5: ='Design flow rate'!U5*0.7 -> 0.1468705 | W5: 995 | X5: kg/m3
B6: Ese | C6: ='Design flow rate'!C6*0.7 -> 0.0162645 | D6: ='Design flow rate'!D6*0.7 -> 0.0208859 | E6: ='Design flow rate'!E6*0.7 -> 0.0198128 | F6: ='Design flow rate'!F6*0.7 -> 0.0212093 | G6: ='Design flow rate'!G6*0.7 -> 0.0186536 | H6: ='Design flow rate'!H6*0.7 -> 0.0195237 | I6: ='Design flow rate'!I6*0.7 -> 0.0200067 | J6: ='Design flow rate'!J6*0.7 -> 0.021392 | ... U6: ='Design flow rate'!U6*0.7 -> 0.0238126
B7: Eun | C7: ='Design flow rate'!C7*0.7 -> 0.2507876 | D7: ='Design flow rate'!D7*0.7 -> 0.2974377 | E7: ='Design flow rate'!E7*0.7 -> 0.2877217 | F7: ='Design flow rate'!F7*0.7 -> 0.3002139 | G7: ='Design flow rate'!G7*0.7 -> 0.273154 | H7: ='Design flow rate'!H7*0.7 -> 0.2816226 | I7: ='Design flow rate'!I7*0.7 -> 0.2868005 | J7: ='Design flow rate'!J7*0.7 -> 0.3022432 | ... U7: ='Design flow rate'!U7*0.7 -> 0.3297091
B8: Hsp | C8: ='Design flow rate'!C8*0.7 -> 0.1175783 | D8: ='Design flow rate'!D8*0.7 -> 0.1446697 | E8: ='Design flow rate'!E8*0.7 -> 0.1375934 | F8: ='Design flow rate'!F8*0.7 -> 0.1465933 | G8: ='Design flow rate'!G8*0.7 -> 0.1326878 | H8: ='Design flow rate'!H8*0.7 -> 0.1380764 | I8: ='Design flow rate'!I8*0.7 -> 0.1414966 | J8: ='Design flow rate'!J8*0.7 -> 0.1486912 | ... U8: ='Design flow rate'!U8*0.7 -> 0.1652805
B9: Nrs | C9: ='Design flow rate'!C9*0.7 -> 0.0149891 | D9: ='Design flow rate'!D9*0.7 -> 0.0190638 | E9: ='Design flow rate'!E9*0.7 -> 0.0180397 | F9: ='Design flow rate'!F9*0.7 -> 0.0193137 | G9: ='Design flow rate'!G9*0.7 -> 0.0169568 | H9: ='Design flow rate'!H9*0.7 -> 0.0176778 | I9: ='Design flow rate'!I9*0.7 -> 0.0180089 | J9: ='Design flow rate'!J9*0.7 -> 0.0193781 | ... U9: ='Design flow rate'!U9*0.7 -> 0.0219464
B10: OfL | C10: ='Design flow rate'!C10*0.7 -> 0.096964 | D10: ='Design flow rate'!D10*0.7 -> 0.1208242 | E10: ='Design flow rate'!E10*0.7 -> 0.1142127 | F10: ='Design flow rate'!F10*0.7 -> 0.1216446 | G10: ='Design flow rate'!G10*0.7 -> 0.1103949 | H10: ='Design flow rate'!H10*0.7 -> 0.111706 | I10: ='Design flow rate'!I10*0.7 -> 0.112427 | J10: ='Design flow rate'!J10*0.7 -> 0.1209565 | ... U10: ='Design flow rate'!U10*0.7 -> 0.1329524
B11: OfS | C11: ='Design flow rate'!C11*0.7 -> 0.0072856 | D11: ='Design flow rate'!D11*0.7 -> 0.009072 | E11: ='Design flow rate'!E11*0.7 -> 0.0087143 | F11: ='Design flow rate'!F11*0.7 -> 0.0091903 | G11: ='Design flow rate'!G11*0.7 -> 0.0083076 | H11: ='Design flow rate'!H11*0.7 -> 0.0084889 | I11: ='Design flow rate'!I11*0.7 -> 0.0084945 | J11: ='Design flow rate'!J11*0.7 -> 0.0091532 | ... U11: ='Design flow rate'!U11*0.7 -> 0.0099099
B12: Rt3 | C12: ='Design flow rate'!C12*0.7 -> 0.0643265 | D12: ='Design flow rate'!D12*0.7 -> 0.0855477 | E12: ='Design flow rate'!E12*0.7 -> 0.0809067 | F12: ='Design flow rate'!F12*0.7 -> 0.087633 | G12: ='Design flow rate'!G12*0.7 -> 0.0769657 | H12: ='Design flow rate'!H12*0.7 -> 0.0822451 | I12: ='Design flow rate'!I12*0.7 -> 0.0859327 | J12: ='Design flow rate'!J12*0.7 -> 0.0899339 | ... U12: ='Design flow rate'!U12*0.7 -> 0.1011465
B13: Htl | C13: ='Design flow rate'!C13*0.7 -> 0.0120043 | D13: ='Design flow rate'!D13*0.7 -> 0.0160405 | E13: ='Design flow rate'!E13*0.7 -> 0.0151018 | F13: ='Design flow rate'!F13*0.7 -> 0.0162645 | G13: ='Design flow rate'!G13*0.7 -> 0.013923 | H13: ='Design flow rate'!H13*0.7 -> 0.0146881 | I13: ='Design flow rate'!I13*0.7 -> 0.0149786 | J13: ='Design flow rate'!J13*0.7 -> 0.0164332 | ... U13: ='Design flow rate'!U13*0.7 -> 0.0192682
B16: New Building | S16: Minimum CW Pump Flow Rate (constant) (m3/s)
B17: Building Type | C17: CZ01 | D17: CZ02 | E17: CZ03 | F17: CZ04 | G17: CZ05 | H17: CZ06 | I17: CZ07 | J17: CZ08 | K17: CZ09 | L17: CZ10 | M17: CZ11 | N17: CZ12 | O17: CZ13 | P17: CZ14 | Q17: CZ15 | R17: CZ16 | S17: Min Across All CZ | T17: Average Across All CZ2 | U17: Max Across All CZ3
B18: ECC | C18: ='Design flow rate'!C18*0.7 -> 0.075866 | D18: ='Design flow rate'!D18*0.7 -> 0.1056958 | E18: ='Design flow rate'!E18*0.7 -> 0.0980777 | F18: ='Design flow rate'!F18*0.7 -> 0.1071798 | G18: ='Design flow rate'!G18*0.7 -> 0.0916041 | H18: ='Design flow rate'!H18*0.7 -> 0.0971845 | I18: ='Design flow rate'!I18*0.7 -> 0.0999453 | J18: ='Design flow rate'!J18*0.7 -> 0.1088304 | ... U18: ='Design flow rate'!U18*0.7 -> 0.1204651
B19: Ese | C19: ='Design flow rate'!C19*0.7 -> 0.0115388 | D19: ='Design flow rate'!D19*0.7 -> 0.016597 | E19: ='Design flow rate'!E19*0.7 -> 0.0155274 | F19: ='Design flow rate'!F19*0.7 -> 0.0168826 | G19: ='Design flow rate'!G19*0.7 -> 0.0143612 | H19: ='Design flow rate'!H19*0.7 -> 0.0155225 | I19: ='Design flow rate'!I19*0.7 -> 0.0159705 | J19: ='Design flow rate'!J19*0.7 -> 0.0173376 | ... U19: ='Design flow rate'!U19*0.7 -> 0.018886
B20: Eun | C20: ='Design flow rate'!C20*0.7 -> 0.1782802 | D20: ='Design flow rate'!D20*0.7 -> 0.2142196 | E20: ='Design flow rate'!E20*0.7 -> 0.2075619 | F20: ='Design flow rate'!F20*0.7 -> 0.2165457 | G20: ='Design flow rate'!G20*0.7 -> 0.1927821 | H20: ='Design flow rate'!H20*0.7 -> 0.202468 | I20: ='Design flow rate'!I20*0.7 -> 0.2092433 | J20: ='Design flow rate'!J20*0.7 -> 0.2186219 | ... U20: ='Design flow rate'!U20*0.7 -> 0.2467703
B21: Hsp | C21: ='Design flow rate'!C21*0.7 -> 0.1000762 | D21: ='Design flow rate'!D21*0.7 -> 0.1346667 | E21: ='Design flow rate'!E21*0.7 -> 0.1266209 | F21: ='Design flow rate'!F21*0.7 -> 0.1362914 | G21: ='Design flow rate'!G21*0.7 -> 0.1211063 | H21: ='Design flow rate'!H21*0.7 -> 0.1271291 | I21: ='Design flow rate'!I21*0.7 -> 0.1293971 | J21: ='Design flow rate'!J21*0.7 -> 0.1386154 | ... U21: ='Design flow rate'!U21*0.7 -> 0.1498749
B22: Nrs | C22: ='Design flow rate'!C22*0.7 -> 0.0107156 | D22: ='Design flow rate'!D22*0.7 -> 0.01379 | E22: ='Design flow rate'!E22*0.7 -> 0.0133252 | F22: ='Design flow rate'!F22*0.7 -> 0.0140203 | G22: ='Design flow rate'!G22*0.7 -> 0.0123417 | H22: ='Design flow rate'!H22*0.7 -> 0.0131831 | I22: ='Design flow rate'!I22*0.7 -> 0.0136227 | J22: ='Design flow rate'!J22*0.7 -> 0.0145705 | ... U22: ='Design flow rate'!U22*0.7 -> 0.0165725
B23: OfL | C23: ='Design flow rate'!C23*0.7 -> 0.0631687 | D23: ='Design flow rate'!D23*0.7 -> 0.0788424 | E23: ='Design flow rate'!E23*0.7 -> 0.0747817 | F23: ='Design flow rate'!F23*0.7 -> 0.0792834 | G23: ='Design flow rate'!G23*0.7 -> 0.0708736 | H23: ='Design flow rate'!H23*0.7 -> 0.0734041 | I23: ='Design flow rate'!I23*0.7 -> 0.0750162 | J23: ='Design flow rate'!J23*0.7 -> 0.0796922 | ... U23: ='Design flow rate'!U23*0.7 -> 0.0920052
B24: OfS | C24: ='Design flow rate'!C24*0.7 -> 0.0037814 | D24: ='Design flow rate'!D24*0.7 -> 0.0048426 | E24: ='Design flow rate'!E24*0.7 -> 0.004753 | F24: ='Design flow rate'!F24*0.7 -> 0.0049301 | G24: ='Design flow rate'!G24*0.7 -> 0.0044079 | H24: ='Design flow rate'!H24*0.7 -> 0.0047649 | I24: ='Design flow rate'!I24*0.7 -> 0.0048692 | J24: ='Design flow rate'!J24*0.7 -> 0.005208 | ... U24: ='Design flow rate'!U24*0.7 -> 0.0057799
B25: Rt3 | C25: ='Design flow rate'!C25*0.7 -> 0.0459431 | D25: ='Design flow rate'!D25*0.7 -> 0.0809375 | E25: ='Design flow rate'!E25*0.7 -> 0.0752157 | F25: ='Design flow rate'!F25*0.7 -> 0.0827841 | G25: ='Design flow rate'!G25*0.7 -> 0.0705733 | H25: ='Design flow rate'!H25*0.7 -> 0.0764225 | I25: ='Design flow rate'!I25*0.7 -> 0.0782635 | J25: ='Design flow rate'!J25*0.7 -> 0.0855295 | ... U25: ='Design flow rate'!U25*0.7 -> 0.0927997
B26: Htl | C26: ='Design flow rate'!C26*0.7 -> 0.0105875 | D26: ='Design flow rate'!D26*0.7 -> 0.0138236 | E26: ='Design flow rate'!E26*0.7 -> 0.0130326 | F26: ='Design flow rate'!F26*0.7 -> 0.0140147 | G26: ='Design flow rate'!G26*0.7 -> 0.0120911 | H26: ='Design flow rate'!H26*0.7 -> 0.0128163 | I26: ='Design flow rate'!I26*0.7 -> 0.013468 | J26: ='Design flow rate'!J26*0.7 -> 0.0142541 | ... U26: ='Design flow rate'!U26*0.7 -> 0.0170926
B28: Minimum CW Pump Flow Rate (constant) (kg/s)
B29: Existing (kg/s)
B30: ECC | C30: =C5*$W$5 -> 97.497463 | D30: =D5*$W$5 -> 125.36512 | E30: =E5*$W$5 -> 117.82969 | F30: =F5*$W$5 -> 126.93852 | G30: =G5*$W$5 -> 111.37383 | H30: =H5*$W$5 -> 116.12675 | I30: =I5*$W$5 -> 119.09314 | J30: =J5*$W$5 -> 127.83073 | ... R30: =R5*$W$5 -> 123.95053
B31: Ese | C31: =C6*$W$5 -> 16.183177 | D31: =D6*$W$5 -> 20.78147 | E31: =E6*$W$5 -> 19.713736 | F31: =F6*$W$5 -> 21.103253 | G31: =G6*$W$5 -> 18.560332 | H31: =H6*$W$5 -> 19.426081 | I31: =I6*$W$5 -> 19.906667 | J31: =J6*$W$5 -> 21.28504 | ... R31: =R6*$W$5 -> 20.074523
B32: Eun | C32: =C7*$W$5 -> 249.53366 | D32: =D7*$W$5 -> 295.95051 | E32: =E7*$W$5 -> 286.28309 | F32: =F7*$W$5 -> 298.71283 | G32: =G7*$W$5 -> 271.78823 | H32: =H7*$W$5 -> 280.21449 | I32: =I7*$W$5 -> 285.3665 | J32: =J7*$W$5 -> 300.73198 | ... R32: =R7*$W$5 -> 290.99004
B33: Hsp | C33: =C8*$W$5 -> 116.99041 | D33: =D8*$W$5 -> 143.94635 | E33: =E8*$W$5 -> 136.90543 | F33: =F8*$W$5 -> 145.86033 | G33: =G8*$W$5 -> 132.02436 | H33: =H8*$W$5 -> 137.38602 | I33: =I8*$W$5 -> 140.78912 | J33: =J8*$W$5 -> 147.94774 | ... R33: =R8*$W$5 -> 144.34893
B34: Nrs | C34: =C9*$W$5 -> 14.914155 | D34: =D9*$W$5 -> 18.968481 | E34: =E9*$W$5 -> 17.949502 | F34: =F9*$W$5 -> 19.217132 | G34: =G9*$W$5 -> 16.872016 | H34: =H9*$W$5 -> 17.589411 | I34: =I9*$W$5 -> 17.918855 | J34: =J9*$W$5 -> 19.281209 | ... R34: =R9*$W$5 -> 18.691274
B35: OfL | C35: =C10*$W$5 -> 96.47918 | D35: =D10*$W$5 -> 120.22008 | E35: =E10*$W$5 -> 113.64164 | F35: =F10*$W$5 -> 121.03638 | G35: =G10*$W$5 -> 109.84293 | H35: =H10*$W$5 -> 111.14747 | I35: =I10*$W$5 -> 111.86486 | J35: =J10*$W$5 -> 120.35172 | ... R35: =R10*$W$5 -> 120.68255
B36: OfS | C36: =C11*$W$5 -> 7.249172 | D36: =D11*$W$5 -> 9.02664 | E36: =E11*$W$5 -> 8.6707285 | F36: =F11*$W$5 -> 9.1443485 | G36: =G11*$W$5 -> 8.266062 | H36: =H11*$W$5 -> 8.4464555 | I36: =I11*$W$5 -> 8.4520275 | J36: =J11*$W$5 -> 9.107434 | ... R36: =R11*$W$5 -> 9.034998
B37: Rt3 | C37: =C12*$W$5 -> 64.004867 | D37: =D12*$W$5 -> 85.119961 | E37: =E12*$W$5 -> 80.502167 | F37: =F12*$W$5 -> 87.194835 | G37: =G12*$W$5 -> 76.580871 | H37: =H12*$W$5 -> 81.833875 | I37: =I12*$W$5 -> 85.503036 | J37: =J12*$W$5 -> 89.48423 | ... R37: =R12*$W$5 -> 81.946011
B38: Htl | C38: =C13*$W$5 -> 11.944279 | D38: =D13*$W$5 -> 15.960297 | E38: =E13*$W$5 -> 15.026291 | F38: =F13*$W$5 -> 16.183177 | G38: =G13*$W$5 -> 13.853385 | H38: =H13*$W$5 -> 14.61466 | I38: =I13*$W$5 -> 14.903707 | J38: =J13*$W$5 -> 16.351034 | ... R38: =R13*$W$5 -> 16.156014
B41: CW Design Flow Rate (constant) (kg/s)
B42: New (kg/s)
B43: ECC | C43: =C18*$W$5 -> 75.48667 | D43: =D18*$W$5 -> 105.16732 | E43: =E18*$W$5 -> 97.587311 | F43: =F18*$W$5 -> 106.6439 | G43: =G18*$W$5 -> 91.146079 | H43: =H18*$W$5 -> 96.698577 | I43: =I18*$W$5 -> 99.445573 | J43: =J18*$W$5 -> 108.28625 | ... R43: =R18*$W$5 -> 98.085309
B44: Ese | C44: =C19*$W$5 -> 11.481106 | D44: =D19*$W$5 -> 16.514015 | E44: =E19*$W$5 -> 15.449763 | F44: =F19*$W$5 -> 16.798187 | G44: =G19*$W$5 -> 14.289394 | H44: =H19*$W$5 -> 15.444888 | I44: =I19*$W$5 -> 15.890647 | J44: =J19*$W$5 -> 17.250912 | ... R44: =R19*$W$5 -> 14.331881
B45: Eun | C45: =C20*$W$5 -> 177.3888 | D45: =D20*$W$5 -> 213.1485 | E45: =E20*$W$5 -> 206.52409 | F45: =F20*$W$5 -> 215.46297 | G45: =G20*$W$5 -> 191.81819 | H45: =H20*$W$5 -> 201.45566 | I45: =I20*$W$5 -> 208.19708 | J45: =J20*$W$5 -> 217.52879 | ... R45: =R20*$W$5 -> 207.88993
B46: Hsp | C46: =C21*$W$5 -> 99.575819 | D46: =D21*$W$5 -> 133.99337 | E46: =E21*$W$5 -> 125.9878 | F46: =F21*$W$5 -> 135.60994 | G46: =G21*$W$5 -> 120.50077 | H46: =H21*$W$5 -> 126.49345 | I46: =I21*$W$5 -> 128.75011 | J46: =J21*$W$5 -> 137.92232 | ... R46: =R21*$W$5 -> 120.99319
B47: Nrs | C47: =C22*$W$5 -> 10.662022 | D47: =D22*$W$5 -> 13.72105 | E47: =E22*$W$5 -> 13.258574 | F47: =F22*$W$5 -> 13.950198 | G47: =G22*$W$5 -> 12.279992 | H47: =H22*$W$5 -> 13.117184 | I47: =I22*$W$5 -> 13.554586 | J47: =J22*$W$5 -> 14.497647 | ... R47: =R22*$W$5 -> 13.778163
B48: OfL | C48: =C23*$W$5 -> 62.852856 | D48: =D23*$W$5 -> 78.448188 | E48: =E23*$W$5 -> 74.407791 | F48: =F23*$W$5 -> 78.886983 | G48: =G23*$W$5 -> 70.519232 | H48: =H23*$W$5 -> 73.03708 | I48: =I23*$W$5 -> 74.641119 | J48: =J23*$W$5 -> 79.293739 | ... R48: =R23*$W$5 -> 81.723827
B49: OfS | C49: =C24*$W$5 -> 3.762493 | D49: =D24*$W$5 -> 4.818387 | E49: =E24*$W$5 -> 4.729235 | F49: =F24*$W$5 -> 4.9054495 | G49: =G24*$W$5 -> 4.3858605 | H49: =H24*$W$5 -> 4.7410755 | I49: =I24*$W$5 -> 4.844854 | J49: =J24*$W$5 -> 5.18196 | ... R49: =R24*$W$5 -> 5.067734
B50: Rt3 | C50: =C25*$W$5 -> 45.713384 | D50: =D25*$W$5 -> 80.532812 | E50: =E25*$W$5 -> 74.839621 | F50: =F25*$W$5 -> 82.370179 | G50: =G25*$W$5 -> 70.220433 | H50: =H25*$W$5 -> 76.040387 | I50: =I25*$W$5 -> 77.872182 | J50: =J25*$W$5 -> 85.101852 | ... R50: =R25*$W$5 -> 57.968998
B51: Htl | C51: =C26*$W$5 -> 10.534562 | D51: =D26*$W$5 -> 13.754482 | E51: =E26*$W$5 -> 12.967437 | F51: =F26*$W$5 -> 13.944627 | G51: =G26*$W$5 -> 12.030644 | H51: =H26*$W$5 -> 12.752218 | I51: =I26*$W$5 -> 13.40066 | J51: =J26*$W$5 -> 14.182829 | ... R51: =R26*$W$5 -> 14.077658
B56: ECC&0&cPVVE&Ex&Chiller__PumpCtrl
B57: ESe&0&cPVVE&Ex&Chiller__PumpCtrl
B58: EUn&0&cPVVE&Ex&Chiller__PumpCtrl
B59: Hsp&0&cPVVE&Ex&Chiller__PumpCtrl
B60: Nrs&0&cPVVE&Ex&Chiller__PumpCtrl
B61: OfL&0&cPVVE&Ex&Chiller__PumpCtrl
B62: OfS&0&cPVVE&Ex&Chiller__PumpCtrl
B63: Rt3&0&cPVVE&Ex&Chiller__PumpCtrl
B64: Htl&0&cPVVE&Ex&Chiller__PumpCtrl
B65: ECC&0&cPVVE&New&Chiller__PumpCtrl
B66: ESe&0&cPVVE&New&Chiller__PumpCtrl
B67: EUn&0&cPVVE&New&Chiller__PumpCtrl
... B73: Htl&0&cPVVE&New&Chiller__PumpCtrl

Sheet Combined Runs
B2: Paste into codes files or pump_min_flow.csv | F2: Calc inputs
F3: Min flow fraction | G3: 0.7
D4: Minimum CW Pump Flow Rate (constant) (kg/s) | F4: Water density | G4: 995 | H4: kg/m3
B6: cohort_name | C6: climate_name | D6: :cw_pump_min_flow_rate | E6: Intermediate/review -> | F6: TechID | G6: CW Design Flow Rate (constant) (m3/s) | H6: CW Design Flow Rate (constant) (kg/s) | I6: Simulation data -> | J6: File Name | K6: BldgLoc | L6: CHW Pump Power (Constant) | M6: CW Pump Power (Constant) | N6: CHW Pump Power (Variable) | O6: CW Pump Power (Variable) | P6: CW Design Flow Rate (constant) (m3/s) | Q6: Electricity/Heating | R6: Electricity/Cooling | S6: Electricity/Interior Lighting | T6: Electricity/Exterior Lighting | U6: Electricity/Interior Equipment | V6: Electricity/Exterior Equipment | W6: Electricity/Fans | X6: Electricity/Pumps | Y6: Electricity/Heat Rejection | Z6: Electricity/Humidification | AA6: Electricity/Heat Recovery | AB6: Electricity/Water Systems | AC6: Electricity/Refrigeration | AD6: Electricity/Generators | AE6: Natural Gas/Heating | AF6: Natural Gas/Cooling | AG6: Natural Gas/Interior Lighting | AH6: Natural Gas/Exterior Lighting | AI6: Natural Gas/Interior Equipment | AJ6: Natural Gas/Exterior Equipment | AK6: Natural Gas/Fans | AL6: Natural Gas/Pumps | AM6: Natural Gas/Heat Rejection | AN6: Natural Gas/Humidification | AO6: Natural Gas/Heat Recovery | AP6: Natural Gas/Water Systems | AQ6: Natural Gas/Refrigeration | AR6: Natural Gas/Generators | AS6: Electricity:Facility [J](Hourly)
B7: {=INDEX(_xlfn.TEXTSPLIT($J7,"/"),3)} -> ECC&0&cPVVE&Ex&Chiller__PumpCtrl | C7: {=INDEX(_xlfn.TEXTSPLIT($J7,"/"),2)} -> CZ01 | D7: =$G$3*H7 -> 97.497463 | F7: {=INDEX(_xlfn.TEXTSPLIT($J7,"/"),4)} -> NE-Chiller-CHWPumpCtrl-Full-Msr | G7: =$P7 -> 0.139982 | H7: =$G$4*G7 -> 139.28209 | J7: runs/CZ01/ECC&0&cPVVE&Ex&Chiller__PumpCtrl/NE-Chiller-CHWPumpCtrl-Full-Msr/instance-out.sql | K7: CZ01 | M7: 26820.85 | N7: 9394.92 | P7: 0.139982 | Q7: 0 | R7: 88910.01 | S7: 350734.07 | T7: 0 | U7: 936314.72 | V7: 0 | W7: 249804.28 | X7: 177154.51 | Y7: 198095.83 | Z7: 0 | AA7: 0 | AB7: 0 | AC7: 0 | AD7: 0 | AE7: 333355.5 | AF7: 0 | AG7: 0 | AH7: 0 | AI7: 68627.6 | AJ7: 0 | AK7: 0 | AL7: 0 | AM7: 0 | AN7: 0 | AO7: 0 | AP7: 530229.18 | AQ7: 0 | AR7: 0 | AS7: 1.4309967e+09
B8: {=INDEX(_xlfn.TEXTSPLIT($J8,"/"),3)} -> ECC&0&cPVVE&Ex&Chiller__PumpCtrl | C8: {=INDEX(_xlfn.TEXTSPLIT($J8,"/"),2)} -> CZ02 | D8: =$G$3*H8 -> 125.36512 | F8: {=INDEX(_xlfn.TEXTSPLIT($J8,"/"),4)} -> NE-Chiller-CHWPumpCtrl-Full-Msr | G8: =$P8 -> 0.179993 | H8: =$G$4*G8 -> 179.09303 | J8: runs/CZ02/ECC&0&cPVVE&Ex&Chiller__PumpCtrl/NE-Chiller-CHWPumpCtrl-Full-Msr/instance-out.sql | K8: CZ02 | M8: 34487.19 | N8: 12080.31 | P8: 0.179993 | Q8: 0 | R8: 630186.25 | S8: 350734.07 | T8: 0 | U8: 936314.72 | V8: 0 | W8: 344486.25 | X8: 246662.33 | Y8: 250262.28 | Z8: 0 | AA8: 0 | AB8: 0 | AC8: 0 | AD8: 0 | AE8: 450287.69 | AF8: 0 | AG8: 0 | AH8: 0 | AI8: 68627.6 | AJ8: 0 | AK8: 0 | AL8: 0 | AM8: 0 | AN8: 0 | AO8: 0 | AP8: 486328.32 | AQ8: 0 | AR8: 0 | AS8: 2.5355726e+09
B9: {=INDEX(_xlfn.TEXTSPLIT($J9,"/"),3)} -> ECC&0&cPVVE&Ex&Chiller__PumpCtrl | C9: {=INDEX(_xlfn.TEXTSPLIT($J9,"/"),2)} -> CZ03 | D9: =$G$3*H9 -> 117.82969 | F9: {=INDEX(_xlfn.TEXTSPLIT($J9,"/"),4)} -> NE-Chiller-CHWPumpCtrl-Full-Msr | G9: =$P9 -> 0.169174 | H9: =$G$4*G9 -> 168.32813 | J9: runs/CZ03/ECC&0&cPVVE&Ex&Chiller__PumpCtrl/NE-Chiller-CHWPumpCtrl-Full-Msr/instance-out.sql | K9: CZ03 | M9: 32414.14 | N9: 11354.16 | P9: 0.169174 | Q9: 0 | R9: 423117.69 | S9: 350734.07 | T9: 0 | U9: 936314.72 | V9: 0 | W9: 256074.19 | X9: 243577.38 | Y9: 263610.52 | Z9: 0 | AA9: 0 | AB9: 0 | AC9: 0 | AD9: 0 | AE9: 171303.16 | AF9: 0 | AG9: 0 | AH9: 0 | AI9: 68627.6 | AJ9: 0 | AK9: 0 | AL9: 0 | AM9: 0 | AN9: 0 | AO9: 0 | AP9: 484908.14 | AQ9: 0 | AR9: 0 | AS9: 1.9133769e+09
B10: {=INDEX(_xlfn.TEXTSPLIT($J10,"/"),3)} -> ECC&0&cPVVE&Ex&Chiller__PumpCtrl | C10: {=INDEX(_xlfn.TEXTSPLIT($J10,"/"),2)} -> CZ04 | D10: =$G$3*H10 -> 126.93852 | F10: {=INDEX(_xlfn.TEXTSPLIT($J10,"/"),4)} -> NE-Chiller-CHWPumpCtrl-Full-Msr | G10: =$P10 -> 0.182252 | H10: =$G$4*G10 -> 181.34074 | J10: runs/CZ04/ECC&0&cPVVE&Ex&Chiller__PumpCtrl/NE-Chiller-CHWPumpCtrl-Full-Msr/instance-out.sql | K10: CZ04 | M10: 34919.87 | N10: 12231.88 | P10: 0.182252 | Q10: 0 | R10: 655938.59 | S10: 350734.07 | T10: 0 | U10: 936314.72 | V10: 0 | W10: 302679.32 | X10: 265529.52 | Y10: 286420.26 | Z10: 0 | AA10: 0 | AB10: 0 | AC10: 0 | AD10: 0 | AE10: 239728.99 | AF10: 0 | AG10: 0 | AH10: 0 | AI10: 68627.6 | AJ10: 0 | AK10: 0 | AL10: 0 | AM10: 0 | AN10: 0 | AO10: 0 | AP10: 467639.01 | AQ10: 0 | AR10: 0 | AS10: 2.3417931e+09
B11: {=INDEX(_xlfn.TEXTSPLIT($J11,"/"),3)} -> ECC&0&cPVVE&Ex&Chiller__PumpCtrl | C11: {=INDEX(_xlfn.TEXTSPLIT($J11,"/"),2)} -> CZ05 | D11: =$G$3*H11 -> 111.37383 | F11: {=INDEX(_xlfn.TEXTSPLIT($J11,"/"),4)} -> NE-Chiller-CHWPumpCtrl-Full-Msr | G11: =$P11 -> 0.159905 | H11: =$G$4*G11 -> 159.10547 | J11: runs/CZ05/ECC&0&cPVVE&Ex&Chiller__PumpCtrl/NE-Chiller-CHWPumpCtrl-Full-Msr/instance-out.sql | K11: CZ05 | M11: 30638.23 | N11: 10732.08 | P11: 0.159905 | Q11: 0 | R11: 487292.09 | S11: 350734.07 | T11: 0 | U11: 936314.72 | V11: 0 | W11: 265387.39 | X11: 235024.77 | Y11: 249889.62 | Z11: 0 | AA11: 0 | AB11: 0 | AC11: 0 | AD11: 0 | AE11: 174062.07 | AF11: 0 | AG11: 0 | AH11: 0 | AI11: 68627.6 | AJ11: 0 | AK11: 0 | AL11: 0 | AM11: 0 | AN11: 0 | AO11: 0 | AP11: 485029.65 | AQ11: 0 | AR11: 0 | AS11: 1.2799539e+09
B12: {=INDEX(_xlfn.TEXTSPLIT($J12,"/"),3)} -> ECC&0&cPVVE&Ex&Chiller__PumpCtrl | C12: {=INDEX(_xlfn.TEXTSPLIT($J12,"/"),2)} -> CZ06 | D12: =$G$3*H12 -> 116.12675 | F12: {=INDEX(_xlfn.TEXTSPLIT($J12,"/"),4)} -> NE-Chiller-CHWPumpCtrl-Full-Msr | G12: =$P12 -> 0.166729 | H12: =$G$4*G12 -> 165.89535 | J12: runs/CZ06/ECC&0&cPVVE&Ex&Chiller__PumpCtrl/NE-Chiller-CHWPumpCtrl-Full-Msr/instance-out.sql | K12: CZ06 | M12: 31945.7 | N12: 11190.07 | P12: 0.166729 | Q12: 0 | R12: 878658.01 | S12: 350734.07 | T12: 0 | U12: 936314.72 | V12: 0 | W12: 303296.08 | X12: 273088.55 | Y12: 294907.97 | Z12: 0 | AA12: 0 | AB12: 0 | AC12: 0 | AD12: 0 | AE12: 102125.54 | AF12: 0 | AG12: 0 | AH12: 0 | AI12: 68627.6 | AJ12: 0 | AK12: 0 | AL12: 0 | AM12: 0 | AN12: 0 | AO12: 0 | AP12: 446563.07 | AQ12: 0 | AR12: 0 | AS12: 1.2734191e+09
B13: {=INDEX(_xlfn.TEXTSPLIT($J13,"/"),3)} -> ECC&0&cPVVE&Ex&Chiller__PumpCtrl | C13: {=INDEX(_xlfn.TEXTSPLIT($J13,"/"),2)} -> CZ07 | D13: =$G$3*H13 -> 119.09314 | F13: {=INDEX(_xlfn.TEXTSPLIT($J13,"/"),4)} -> NE-Chiller-CHWPumpCtrl-Full-Msr | G13: =$P13 -> 0.170988 | H13: =$G$4*G13 -> 170.13306 | J13: runs/CZ07/ECC&0&cPVVE&Ex&Chiller__PumpCtrl/NE-Chiller-CHWPumpCtrl-Full-Msr/instance-out.sql | K13: CZ07 | M13: 32761.73 | N13: 11475.91 | P13: 0.170988 | Q13: 0 | R13: 952329.75 | S13: 350734.07 | T13: 0 | U13: 936314.72 | V13: 0 | W13: 325690.06 | X13: 280886.81 | Y13: 302120.61 | Z13: 0 | AA13: 0 | AB13: 0 | AC13: 0 | AD13: 0 | AE13: 166418.81 | AF13: 0 | AG13: 0 | AH13: 0 | AI13: 68627.6 | AJ13: 0 | AK13: 0 | AL13: 0 | AM13: 0 | AN13: 0 | AO13: 0 | AP13: 440567.05 | AQ13: 0 | AR13: 0 | AS13: 1.4700416e+09
B14: {=INDEX(_xlfn.TEXTSPLIT($J14,"/"),3)} -> ECC&0&cPVVE&Ex&Chiller__PumpCtrl | C14: {=INDEX(_xlfn.TEXTSPLIT($J14,"/"),2)} -> CZ08 | D14: =$G$3*H14 -> 127.83073 | F14: {=INDEX(_xlfn.TEXTSPLIT($J14,"/"),4)} -> NE-Chiller-CHWPumpCtrl-Full-Msr | G14: =$P14 -> 0.183533 | H14: =$G$4*G14 -> 182.61533 | J14: runs/CZ08/ECC&0&cPVVE&Ex&Chiller__PumpCtrl/NE-Chiller-CHWPumpCtrl-Full-Msr/instance-out.sql | K14: CZ08 | M14: 35165.43 | N14: 12317.89 | P14: 0.183533 | Q14: 0 | R14: 982157.24 | S14: 350734.07 | T14: 0 | U14: 936314.72 | V14: 0 | W14: 325090.01 | X14: 293306.18 | Y14: 315030.58 | Z14: 0 | AA14: 0 | AB14: 0 | AC14: 0 | AD14: 0 | AE14: 204240.78 | AF14: 0 | AG14: 0 | AH14: 0 | AI14: 68627.6 | AJ14: 0 | AK14: 0 | AL14: 0 | AM14: 0 | AN14: 0 | AO14: 0 | AP14: 439685.55 | AQ14: 0 | AR14: 0 | AS14: 1.4433895e+09
B15: {=INDEX(_xlfn.TEXTSPLIT($J15,"/"),3)} -> ECC&0&cPVVE&Ex&Chiller__PumpCtrl | C15: {=INDEX(_xlfn.TEXTSPLIT($J15,"/"),2)} -> CZ09 | D15: =$G$3*H15 -> 129.58661 | F15: {=INDEX(_xlfn.TEXTSPLIT($J15,"/"),4)} -> NE-Chiller-CHWPumpCtrl-Full-Msr | G15: =$P15 -> 0.186054 | H15: =$G$4*G15 -> 185.12373 | J15: runs/CZ09/ECC&0&cPVVE&Ex&Chiller__PumpCtrl/NE-Chiller-CHWPumpCtrl-Full-Msr/instance-out.sql | K15: CZ09 | M15: 35648.49 | N15: 12487.1 | P15: 0.186054 | Q15: 0 | R15: 1238916.1 | S15: 350734.07 | T15: 0 | U15: 936314.72 | V15: 0 | W15: 404672.05 | X15: 305357.28 | Y15: 324102.92 | Z15: 0 | AA15: 0 | AB15: 0 | AC15: 0 | AD15: 0 | AE15: 380325.41 | AF15: 0 | AG15: 0 | AH15: 0 | AI15: 68627.6 | AJ15: 0 | AK15: 0 | AL15: 0 | AM15: 0 | AN15: 0 | AO15: 0 | AP15: 433598.94 | AQ15: 0 | AR15: 0 | AS15: 1.8199479e+09
B16: {=INDEX(_xlfn.TEXTSPLIT($J16,"/"),3)} -> ECC&0&cPVVE&Ex&Chiller__PumpCtrl | C16: {=INDEX(_xlfn.TEXTSPLIT($J16,"/"),2)} -> CZ10 | D16: =$G$3*H16 -> 139.01931 | F16: {=INDEX(_xlfn.TEXTSPLIT($J16,"/"),4)} -> NE-Chiller-CHWPumpCtrl-Full-Msr | G16: =$P16 -> 0.199597 | H16: =$G$4*G16 -> 198.59902 | J16: runs/CZ10/ECC&0&cPVVE&Ex&Chiller__PumpCtrl/NE-Chiller-CHWPumpCtrl-Full-Msr/instance-out.sql | K16: CZ10 | M16: 38243.21 | N16: 13395.99 | P16: 0.199597 | Q16: 0 | R16: 1058650.7 | S16: 350734.07 | T16: 0 | U16: 936314.72 | V16: 0 | W16: 376587.26 | X16: 303779.41 | Y16: 321293.68 | Z16: 0 | AA16: 0 | AB16: 0 | AC16: 0 | AD16: 0 | AE16: 340678.11 | AF16: 0 | AG16: 0 | AH16: 0 | AI16: 68627.6 | AJ16: 0 | AK16: 0 | AL16: 0 | AM16: 0 | AN16: 0 | AO16: 0 | AP16: 428567.2 | AQ16: 0 | AR16: 0 | AS16: 2.3528832e+09
B17: {=INDEX(_xlfn.TEXTSPLIT($J17,"/"),3)} -> ECC&0&cPVVE&Ex&Chiller__PumpCtrl | C17: {=INDEX(_xlfn.TEXTSPLIT($J17,"/"),2)} -> CZ11 | D17: =$G$3*H17 -> 140.53907 | F17: {=INDEX(_xlfn.TEXTSPLIT($J17,"/"),4)} -> NE-Chiller-CHWPumpCtrl-Full-Msr | G17: =$P17 -> 0.201779 | H17: =$G$4*G17 -> 200.7701 | J17: runs/CZ11/ECC&0&cPVVE&Ex&Chiller__PumpCtrl/NE-Chiller-CHWPumpCtrl-Full-Msr/instance-out.sql | K17: CZ11 | M17: 38661.34 | N17: 13542.45 | P17: 0.201779 | Q17: 0 | R17: 989445.66 | S17: 350734.07 | T17: 0 | U17: 936314.72 | V17: 0 | W17: 415757.44 | X17: 286246.05 | Y17: 294471.4 | Z17: 0 | AA17: 0 | AB17: 0 | AC17: 0 | AD17: 0 | AE17: 449792.58 | AF17: 0 | AG17: 0 | AH17: 0 | AI17: 68627.6 | AJ17: 0 | AK17: 0 | AL17: 0 | AM17: 0 | AN17: 0 | AO17: 0 | AP17: 437501.42 | AQ17: 0 | AR17: 0 | AS17: 2.6826704e+09
B18: {=INDEX(_xlfn.TEXTSPLIT($J18,"/"),3)} -> ECC&0&cPVVE&Ex&Chiller__PumpCtrl | C18: {=INDEX(_xlfn.TEXTSPLIT($J18,"/"),2)} -> CZ12 | D18: =$G$3*H18 -> 137.09279 | F18: {=INDEX(_xlfn.TEXTSPLIT($J18,"/"),4)} -> NE-Chiller-CHWPumpCtrl-Full-Msr | G18: =$P18 -> 0.196831 | H18: =$G$4*G18 -> 195.84685 | J18: runs/CZ12/ECC&0&cPVVE&Ex&Chiller__PumpCtrl/NE-Chiller-CHWPumpCtrl-Full-Msr/instance-out.sql | K18: CZ12 | M18: 37713.24 | N18: 13210.35 | P18: 0.196831 | Q18: 0 | R18: 866223.47 | S18: 350734.07 | T18: 0 | U18: 936314.72 | V18: 0 | W18: 459640.08 | X18: 278377.15 | Y18: 286568.28 | Z18: 0 | AA18: 0 | AB18: 0 | AC18: 0 | AD18: 0 | AE18: 641165.73 | AF18: 0 | AG18: 0 | AH18: 0 | AI18: 68627.6 | AJ18: 0 | AK18: 0 | AL18: 0 | AM18: 0 | AN18: 0 | AO18: 0 | AP18: 450758.13 | AQ18: 0 | AR18: 0 | AS18: 2.5477718e+09
... B294: {=INDEX(_xlfn.TEXTSPLIT($J294,"/"),3)} -> Rt3&0&cPVVE&New&Chiller__PumpCtrl | C294: {=INDEX(_xlfn.TEXTSPLIT($J294,"/"),2)} -> CZ16 | D294: =$G$3*H294 -> 57.968998 | F294: {=INDEX(_xlfn.TEXTSPLIT($J294,"/"),4)} -> NE-Chiller-CHWPumpCtrl-Full-Msr | G294: =$P294 -> 0.083229 | H294: =$G$4*G294 -> 82.812855 | J294: runs/CZ16/Rt3&0&cPVVE&New&Chiller__PumpCtrl/NE-Chiller-CHWPumpCtrl-Full-Msr/instance-out.sql | K294: CZ16 | M294: 15946.91 | N294: 5585.95 | P294: 0.083229 | Q294: 0 | R294: 449048.38 | S294: 394508.4 | T294: 0 | U294: 436518 | V294: 0 | W294: 288004.57 | X294: 72943 | Y294: 67436.65 | Z294: 0 | AA294: 0 | AB294: 0 | AC294: 0 | AD294: 0 | AE294: 578239.32 | AF294: 0 | AG294: 0 | AH294: 0 | AI294: 0 | AJ294: 0 | AK294: 0 | AL294: 0 | AM294: 0 | AN294: 0 | AO294: 0 | AP294: 174059.91 | AQ294: 0 | AR294: 0 | AS294: 1.6365977e+09
B295: {=INDEX(_xlfn.TEXTSPLIT($J295,"/"),3)} -> ECC&0&cPVVE&Ex&Chiller__PumpCtrl | C295: {=INDEX(_xlfn.TEXTSPLIT($J295,"/"),2)} -> CZ01 | D295: =$G$3*H295 -> 97.497463 | F295: {=INDEX(_xlfn.TEXTSPLIT($J295,"/"),4)} -> NE-Chiller-PumpCtrl-Full-Std | G295: =$P295 -> 0.139982 | H295: =$G$4*G295 -> 139.28209 | J295: runs/CZ01/ECC&0&cPVVE&Ex&Chiller__PumpCtrl/NE-Chiller-PumpCtrl-Full-Std/instance-out.sql | K295: CZ01 | L295: 9394.92 | M295: 26820.85 | P295: 0.139982 | Q295: 0 | R295: 306314.87 | S295: 350734.07 | T295: 0 | U295: 936314.72 | V295: 0 | W295: 250366.74 | X295: 219858.82 | Y295: 203288.72 | Z295: 0 | AA295: 0 | AB295: 0 | AC295: 0 | AD295: 0 | AE295: 333355.79 | AF295: 0 | AG295: 0 | AH295: 0 | AI295: 68627.6 | AJ295: 0 | AK295: 0 | AL295: 0 | AM295: 0 | AN295: 0 | AO295: 0 | AP295: 530266 | AQ295: 0 | AR295: 0 | AS295: 1.615349e+09
B296: {=INDEX(_xlfn.TEXTSPLIT($J296,"/"),3)} -> ECC&0&cPVVE&Ex&Chiller__PumpCtrl | C296: {=INDEX(_xlfn.TEXTSPLIT($J296,"/"),2)} -> CZ02 | D296: =$G$3*H296 -> 125.36512 | F296: {=INDEX(_xlfn.TEXTSPLIT($J296,"/"),4)} -> NE-Chiller-PumpCtrl-Full-Std | G296: =$P296 -> 0.179993 | H296: =$G$4*G296 -> 179.09303 | J296: runs/CZ02/ECC&0&cPVVE&Ex&Chiller__PumpCtrl/NE-Chiller-PumpCtrl-Full-Std/instance-out.sql | K296: CZ02 | L296: 12080.31 | M296: 34487.19 | P296: 0.179993 | Q296: 0 | R296: 958849.15 | S296: 350734.07 | T296: 0 | U296: 936314.72 | V296: 0 | W296: 344610.07 | X296: 293045.69 | Y296: 262300.84 | Z296: 0 | AA296: 0 | AB296: 0 | AC296: 0 | AD296: 0 | AE296: 452723.12 | AF296: 0 | AG296: 0 | AH296: 0 | AI296: 68627.6 | AJ296: 0 | AK296: 0 | AL296: 0 | AM296: 0 | AN296: 0 | AO296: 0 | AP296: 486315.51 | AQ296: 0 | AR296: 0 | AS296: 2.712454e+09
B297: {=INDEX(_xlfn.TEXTSPLIT($J297,"/"),3)} -> ECC&0&cPVVE&Ex&Chiller__PumpCtrl | C297: {=INDEX(_xlfn.TEXTSPLIT($J297,"/"),2)} -> CZ03 | D297: =$G$3*H297 -> 117.82969 | F297: {=INDEX(_xlfn.TEXTSPLIT($J297,"/"),4)} -> NE-Chiller-PumpCtrl-Full-Std | G297: =$P297 -> 0.169174 | H297: =$G$4*G297 -> 168.32813 | J297: runs/CZ03/ECC&0&cPVVE&Ex&Chiller__PumpCtrl/NE-Chiller-PumpCtrl-Full-Std/instance-out.sql | K297: CZ03 | L297: 11354.16 | M297: 32414.14 | P297: 0.169174 | Q297: 0 | R297: 729742.33 | S297: 350734.07 | T297: 0 | U297: 936314.72 | V297: 0 | W297: 256142.72 | X297: 291446.92 | Y297: 270195.55 | Z297: 0 | AA297: 0 | AB297: 0 | AC297: 0 | AD297: 0 | AE297: 171260.53 | AF297: 0 | AG297: 0 | AH297: 0 | AI297: 68627.6 | AJ297: 0 | AK297: 0 | AL297: 0 | AM297: 0 | AN297: 0 | AO297: 0 | AP297: 484927.18 | AQ297: 0 | AR297: 0 | AS297: 2.2308378e+09
B298: {=INDEX(_xlfn.TEXTSPLIT($J298,"/"),3)} -> ECC&0&cPVVE&Ex&Chiller__PumpCtrl | C298: {=INDEX(_xlfn.TEXTSPLIT($J298,"/"),2)} -> CZ04 | D298: =$G$3*H298 -> 126.93852 | F298: {=INDEX(_xlfn.TEXTSPLIT($J298,"/"),4)} -> NE-Chiller-PumpCtrl-Full-Std | G298: =$P298 -> 0.182252 | H298: =$G$4*G298 -> 181.34074 | J298: runs/CZ04/ECC&0&cPVVE&Ex&Chiller__PumpCtrl/NE-Chiller-PumpCtrl-Full-Std/instance-out.sql | K298: CZ04 | L298: 12231.88 | M298: 34919.87 | P298: 0.182252 | Q298: 0 | R298: 1052355.1 | S298: 350734.07 | T298: 0 | U298: 936314.72 | V298: 0 | W298: 302795.31 | X298: 314908.24 | Y298: 293876.53 | Z298: 0 | AA298: 0 | AB298: 0 | AC298: 0 | AD298: 0 | AE298: 241280.04 | AF298: 0 | AG298: 0 | AH298: 0 | AI298: 68627.6 | AJ298: 0 | AK298: 0 | AL298: 0 | AM298: 0 | AN298: 0 | AO298: 0 | AP298: 467599.86 | AQ298: 0 | AR298: 0 | AS298: 2.6407646e+09
B299: {=INDEX(_xlfn.TEXTSPLIT($J299,"/"),3)} -> ECC&0&cPVVE&Ex&Chiller__PumpCtrl | C299: {=INDEX(_xlfn.TEXTSPLIT($J299,"/"),2)} -> CZ05 | D299: =$G$3*H299 -> 111.37383 | F299: {=INDEX(_xlfn.TEXTSPLIT($J299,"/"),4)} -> NE-Chiller-PumpCtrl-Full-Std | G299: =$P299 -> 0.159905 | H299: =$G$4*G299 -> 159.10547 | J299: runs/CZ05/ECC&0&cPVVE&Ex&Chiller__PumpCtrl/NE-Chiller-PumpCtrl-Full-Std/instance-out.sql | K299: CZ05 | L299: 10732.08 | M299: 30638.23 | P299: 0.159905 | Q299: 0 | R299: 751853.37 | S299: 350734.07 | T299: 0 | U299: 936314.72 | V299: 0 | W299: 266586.45 | X299: 279146.83 | Y299: 256872.54 | Z299: 0 | AA299: 0 | AB299: 0 | AC299: 0 | AD299: 0 | AE299: 174554.05 | AF299: 0 | AG299: 0 | AH299: 0 | AI299: 68627.6 | AJ299: 0 | AK299: 0 | AL299: 0 | AM299: 0 | AN299: 0 | AO299: 0 | AP299: 485038.18 | AQ299: 0 | AR299: 0 | AS299: 1.4379748e+09
B300: {=INDEX(_xlfn.TEXTSPLIT($J300,"/"),3)} -> ECC&0&cPVVE&Ex&Chiller__PumpCtrl | C300: {=INDEX(_xlfn.TEXTSPLIT($J300,"/"),2)} -> CZ06 | D300: =$G$3*H300 -> 116.12675 | F300: {=INDEX(_xlfn.TEXTSPLIT($J300,"/"),4)} -> NE-Chiller-PumpCtrl-Full-Std | G300: =$P300 -> 0.166729 | H300: =$G$4*G300 -> 165.89535 | J300: runs/CZ06/ECC&0&cPVVE&Ex&Chiller__PumpCtrl/NE-Chiller-PumpCtrl-Full-Std/instance-out.sql | K300: CZ06 | L300: 11190.07 | M300: 31945.7 | P300: 0.166729 | Q300: 0 | R300: 1212947.3 | S300: 350734.07 | T300: 0 | U300: 936314.72 | V300: 0 | W300: 304531.81 | X300: 315745.71 | Y300: 297038.83 | Z300: 0 | AA300: 0 | AB300: 0 | AC300: 0 | AD300: 0 | AE300: 102830.32 | AF300: 0 | AG300: 0 | AH300: 0 | AI300: 68627.6 | AJ300: 0 | AK300: 0 | AL300: 0 | AM300: 0 | AN300: 0 | AO300: 0 | AP300: 446568.6 | AQ300: 0 | AR300: 0 | AS300: 1.4301357e+09
B301: {=INDEX(_xlfn.TEXTSPLIT($J301,"/"),3)} -> ECC&0&cPVVE&Ex&Chiller__PumpCtrl | C301: {=INDEX(_xlfn.TEXTSPLIT($J301,"/"),2)} -> CZ07 | D301: =$G$3*H301 -> 119.09314 | F301: {=INDEX(_xlfn.TEXTSPLIT($J301,"/"),4)} -> NE-Chiller-PumpCtrl-Full-Std | G301: =$P301 -> 0.170988 | H301: =$G$4*G301 -> 170.13306 | J301: runs/CZ07/ECC&0&cPVVE&Ex&Chiller__PumpCtrl/NE-Chiller-PumpCtrl-Full-Std/instance-out.sql | K301: CZ07 | L301: 11475.91 | M301: 32761.73 | P301: 0.170988 | Q301: 0 | R301: 1327208 | S301: 350734.07 | T301: 0 | U301: 936314.72 | V301: 0 | W301: 325814.03 | X301: 323279.4 | Y301: 304095.23 | Z301: 0 | AA301: 0 | AB301: 0 | AC301: 0 | AD301: 0 | AE301: 166102.47 | AF301: 0 | AG301: 0 | AH301: 0 | AI301: 68627.6 | AJ301: 0 | AK301: 0 | AL301: 0 | AM301: 0 | AN301: 0 | AO301: 0 | AP301: 440535.58 | AQ301: 0 | AR301: 0 | AS301: 1.721511e+09
B302: {=INDEX(_xlfn.TEXTSPLIT($J302,"/"),3)} -> ECC&0&cPVVE&Ex&Chiller__PumpCtrl | C302: {=INDEX(_xlfn.TEXTSPLIT($J302,"/"),2)} -> CZ08 | D302: =$G$3*H302 -> 127.83073 | F302: {=INDEX(_xlfn.TEXTSPLIT($J302,"/"),4)} -> NE-Chiller-PumpCtrl-Full-Std | G302: =$P302 -> 0.183533 | H302: =$G$4*G302 -> 182.61533 | J302: runs/CZ08/ECC&0&cPVVE&Ex&Chiller__PumpCtrl/NE-Chiller-PumpCtrl-Full-Std/instance-out.sql | K302: CZ08 | L302: 12317.89 | M302: 35165.43 | P302: 0.183533 | Q302: 0 | R302: 1429957.3 | S302: 350734.07 | T302: 0 | U302: 936314.72 | V302: 0 | W302: 324844.38 | X302: 341239.51 | Y302: 319990.17 | Z302: 0 | AA302: 0 | AB302: 0 | AC302: 0 | AD302: 0 | AE302: 207737.42 | AF302: 0 | AG302: 0 | AH302: 0 | AI302: 68627.6 | AJ302: 0 | AK302: 0 | AL302: 0 | AM302: 0 | AN302: 0 | AO302: 0 | AP302: 439720.13 | AQ302: 0 | AR302: 0 | AS302: 1.7165781e+09
B303: {=INDEX(_xlfn.TEXTSPLIT($J303,"/"),3)} -> ECC&0&cPVVE&Ex&Chiller__PumpCtrl | C303: {=INDEX(_xlfn.TEXTSPLIT($J303,"/"),2)} -> CZ09 | D303: =$G$3*H303 -> 129.58661 | F303: {=INDEX(_xlfn.TEXTSPLIT($J303,"/"),4)} -> NE-Chiller-PumpCtrl-Full-Std | G303: =$P303 -> 0.186054 | H303: =$G$4*G303 -> 185.12373 | J303: runs/CZ09/ECC&0&cPVVE&Ex&Chiller__PumpCtrl/NE-Chiller-PumpCtrl-Full-Std/instance-out.sql | K303: CZ09 | L303: 12487.1 | M303: 35648.49 | P303: 0.186054 | Q303: 0 | R303: 1568612 | S303: 350734.07 | T303: 0 | U303: 936314.72 | V303: 0 | W303: 404628.98 | X303: 349495.39 | Y303: 327971.84 | Z303: 0 | AA303: 0 | AB303: 0 | AC303: 0 | AD303: 0 | AE303: 381193.14 | AF303: 0 | AG303: 0 | AH303: 0 | AI303: 68627.6 | AJ303: 0 | AK303: 0 | AL303: 0 | AM303: 0 | AN303: 0 | AO303: 0 | AP303: 433643.07 | AQ303: 0 | AR303: 0 | AS303: 1.9102883e+09
B304: {=INDEX(_xlfn.TEXTSPLIT($J304,"/"),3)} -> ECC&0&cPVVE&Ex&Chiller__PumpCtrl | C304: {=INDEX(_xlfn.TEXTSPLIT($J304,"/"),2)} -> CZ10 | D304: =$G$3*H304 -> 139.01931 | F304: {=INDEX(_xlfn.TEXTSPLIT($J304,"/"),4)} -> NE-Chiller-PumpCtrl-Full-Std | G304: =$P304 -> 0.199597 | H304: =$G$4*G304 -> 198.59902 | J304: runs/CZ10/ECC&0&cPVVE&Ex&Chiller__PumpCtrl/NE-Chiller-PumpCtrl-Full-Std/instance-out.sql | K304: CZ10 | L304: 13395.99 | M304: 38243.21 | P304: 0.199597 | Q304: 0 | R304: 1566176.6 | S304: 350734.07 | T304: 0 | U304: 936314.72 | V304: 0 | W304: 376309.04 | X304: 355847.71 | Y304: 328670 | Z304: 0 | AA304: 0 | AB304: 0 | AC304: 0 | AD304: 0 | AE304: 340961.11 | AF304: 0 | AG304: 0 | AH304: 0 | AI304: 68627.6 | AJ304: 0 | AK304: 0 | AL304: 0 | AM304: 0 | AN304: 0 | AO304: 0 | AP304: 428588.69 | AQ304: 0 | AR304: 0 | AS304: 2.8532488e+09
B305: {=INDEX(_xlfn.TEXTSPLIT($J305,"/"),3)} -> ECC&0&cPVVE&Ex&Chiller__PumpCtrl | C305: {=INDEX(_xlfn.TEXTSPLIT($J305,"/"),2)} -> CZ11 | D305: =$G$3*H305 -> 140.53907 | F305: {=INDEX(_xlfn.TEXTSPLIT($J305,"/"),4)} -> NE-Chiller-PumpCtrl-Full-Std | G305: =$P305 -> 0.201779 | H305: =$G$4*G305 -> 200.7701 | J305: runs/CZ11/ECC&0&cPVVE&Ex&Chiller__PumpCtrl/NE-Chiller-PumpCtrl-Full-Std/instance-out.sql | K305: CZ11 | L305: 13542.45 | M305: 38661.34 | P305: 0.201779 | Q305: 0 | R305: 1412623.3 | S305: 350734.07 | T305: 0 | U305: 936314.72 | V305: 0 | W305: 415394.84 | X305: 337751.16 | Y305: 305855 | Z305: 0 | AA305: 0 | AB305: 0 | AC305: 0 | AD305: 0 | AE305: 451803.81 | AF305: 0 | AG305: 0 | AH305: 0 | AI305: 68627.6 | AJ305: 0 | AK305: 0 | AL305: 0 | AM305: 0 | AN305: 0 | AO305: 0 | AP305: 437501.61 | AQ305: 0 | AR305: 0 | AS305: 2.9269151e+09
B306: {=INDEX(_xlfn.TEXTSPLIT($J306,"/"),3)} -> ECC&0&cPVVE&Ex&Chiller__PumpCtrl | C306: {=INDEX(_xlfn.TEXTSPLIT($J306,"/"),2)} -> CZ12 | D306: =$G$3*H306 -> 137.09279 | F306: {=INDEX(_xlfn.TEXTSPLIT($J306,"/"),4)} -> NE-Chiller-PumpCtrl-Full-Std | G306: =$P306 -> 0.196831 | H306: =$G$4*G306 -> 195.84685 | J306: runs/CZ12/ECC&0&cPVVE&Ex&Chiller__PumpCtrl/NE-Chiller-PumpCtrl-Full-Std/instance-out.sql | K306: CZ12 | L306: 13210.35 | M306: 37713.24 | P306: 0.196831 | Q306: 0 | R306: 1414479.5 | S306: 350734.07 | T306: 0 | U306: 936314.72 | V306: 0 | W306: 459700.04 | X306: 332815.14 | Y306: 300040.14 | Z306: 0 | AA306: 0 | AB306: 0 | AC306: 0 | AD306: 0 | AE306: 641139.25 | AF306: 0 | AG306: 0 | AH306: 0 | AI306: 68627.6 | AJ306: 0 | AK306: 0 | AL306: 0 | AM306: 0 | AN306: 0 | AO306: 0 | AP306: 450768.63 | AQ306: 0 | AR306: 0 | AS306: 3.0144716e+09
... B582: {=INDEX(_xlfn.TEXTSPLIT($J582,"/"),3)} -> Rt3&0&cPVVE&New&Chiller__PumpCtrl | C582: {=INDEX(_xlfn.TEXTSPLIT($J582,"/"),2)} -> CZ16 | D582: =$G$3*H582 -> 57.968998 | F582: {=INDEX(_xlfn.TEXTSPLIT($J582,"/"),4)} -> NE-Chiller-PumpCtrl-Full-Std | G582: =$P582 -> 0.083229 | H582: =$G$4*G582 -> 82.812855 | J582: runs/CZ16/Rt3&0&cPVVE&New&Chiller__PumpCtrl/NE-Chiller-PumpCtrl-Full-Std/instance-out.sql | K582: CZ16 | L582: 5585.95 | M582: 15946.91 | P582: 0.083229 | Q582: 0 | R582: 491944.21 | S582: 394508.4 | T582: 0 | U582: 436518 | V582: 0 | W582: 288113.91 | X582: 83854.57 | Y582: 68196.65 | Z582: 0 | AA582: 0 | AB582: 0 | AC582: 0 | AD582: 0 | AE582: 577616.27 | AF582: 0 | AG582: 0 | AH582: 0 | AI582: 0 | AJ582: 0 | AK582: 0 | AL582: 0 | AM582: 0 | AN582: 0 | AO582: 0 | AP582: 174058.49 | AQ582: 0 | AR582: 0 | AS582: 1.6203673e+09

Sheet Central Plant_Ex
A1: File Name | B1: BldgLoc | C1: CHW Pump Power (Constant) | D1: CW Pump Power (Constant) | E1: CHW Pump Power (Variable) | F1: CW Pump Power (Variable) | G1: CW Design Flow Rate (constant) (m3/s) | H1: Electricity/Heating | I1: Electricity/Cooling | J1: Electricity/Interior Lighting | K1: Electricity/Exterior Lighting | L1: Electricity/Interior Equipment | M1: Electricity/Exterior Equipment | N1: Electricity/Fans | O1: Electricity/Pumps | P1: Electricity/Heat Rejection | Q1: Electricity/Humidification | R1: Electricity/Heat Recovery | S1: Electricity/Water Systems | T1: Electricity/Refrigeration | U1: Electricity/Generators | V1: Natural Gas/Heating | W1: Natural Gas/Cooling | X1: Natural Gas/Interior Lighting | Y1: Natural Gas/Exterior Lighting | Z1: Natural Gas/Interior Equipment | AA1: Natural Gas/Exterior Equipment | AB1: Natural Gas/Fans | AC1: Natural Gas/Pumps | AD1: Natural Gas/Heat Rejection | AE1: Natural Gas/Humidification | AF1: Natural Gas/Heat Recovery | AG1: Natural Gas/Water Systems | AH1: Natural Gas/Refrigeration | AI1: Natural Gas/Generators | AJ1: Electricity:Facility [J](Hourly)
A2: runs/CZ16/Rt3&0&cPVVE&Ex&Chiller__PumpCtrl/NE-Chiller-PumpCtrl-Full-Std/instance-out.sql | B2: CZ16 | C2: 7896.37 | D2: 22542.75 | G2: 0.117654 | H2: 0 | I2: 714504.28 | J2: 774617.57 | K2: 0 | L2: 436518 | M2: 0 | N2: 435609.15 | O2: 137053.93 | P2: 102131.14 | Q2: 0 | R2: 0 | S2: 0 | T2: 0 | U2: 0 | V2: 805901.84 | W2: 0 | X2: 0 | Y2: 0 | Z2: 0 | AA2: 0 | AB2: 0 | AC2: 0 | AD2: 0 | AE2: 0 | AF2: 0 | AG2: 174067.02 | AH2: 0 | AI2: 0 | AJ2: 2.1754123e+09
A3: runs/CZ16/Rt3&0&cPVVE&Ex&Chiller__PumpCtrl/NE-Chiller-CHWPumpCtrl-Full-Msr/instance-out.sql | B3: CZ16 | D3: 22542.75 | E3: 7896.37 | G3: 0.117654 | H3: 0 | I3: 610630.74 | J3: 774617.57 | K3: 0 | L3: 436518 | M3: 0 | N3: 435476 | O3: 118153.94 | P3: 100432.22 | Q3: 0 | R3: 0 | S3: 0 | T3: 0 | U3: 0 | V3: 806652.59 | W3: 0 | X3: 0 | Y3: 0 | Z3: 0 | AA3: 0 | AB3: 0 | AC3: 0 | AD3: 0 | AE3: 0 | AF3: 0 | AG3: 174071.63 | AH3: 0 | AI3: 0 | AJ3: 2.0964767e+09
A4: runs/CZ16/OfS&0&cPVVE&Ex&Chiller__PumpCtrl/NE-Chiller-CHWPumpCtrl-Full-Msr/instance-out.sql | B4: CZ16 | D4: 2485.41 | E4: 870.6 | G4: 0.012972 | H4: 0 | I4: 46039.41 | J4: 23792.96 | K4: 0 | L4: 29466.65 | M4: 0 | N4: 133201.28 | O4: 12004.48 | P4: 10101.05 | Q4: 0 | R4: 0 | S4: 0 | T4: 0 | U4: 0 | V4: 6209.76 | W4: 0 | X4: 0 | Y4: 0 | Z4: 0 | AA4: 0 | AB4: 0 | AC4: 0 | AD4: 0 | AE4: 0 | AF4: 0 | AG4: 4620.76 | AH4: 0 | AI4: 0 | AJ4: 1.6830837e+08
A5: runs/CZ16/Nrs&0&cPVVE&Ex&Chiller__PumpCtrl/NE-Chiller-CHWPumpCtrl-Full-Msr/instance-out.sql | B5: CZ16 | D5: 5141.88 | E5: 1801.12 | G5: 0.026836 | H5: 0 | I5: 240593.34 | J5: 201226.15 | K5: 0 | L5: 282049.05 | M5: 0 | N5: 181145.4 | O5: 24923.18 | P5: 21471.64 | Q5: 0 | R5: 0 | S5: 0 | T5: 0 | U5: 0 | V5: 390516.18 | W5: 0 | X5: 0 | Y5: 0 | Z5: 65854.75 | AA5: 0 | AB5: 0 | AC5: 0 | AD5: 0 | AE5: 0 | AF5: 0 | AG5: 124220.75 | AH5: 0 | AI5: 0 | AJ5: 5.7122029e+08
A6: runs/CZ16/OfL&0&cPVVE&Ex&Chiller__PumpCtrl/NE-Chiller-CHWPumpCtrl-Full-Msr/instance-out.sql | B6: CZ16 | D6: 33199.05 | E6: 11629.1 | G6: 0.17327 | H6: 0 | I6: 846168.71 | J6: 463682.79 | K6: 0 | L6: 831153.37 | M6: 0 | N6: 342339.08 | O6: 251405.55 | P6: 199238.75 | Q6: 0 | R6: 0 | S6: 0 | T6: 0 | U6: 0 | V6: 1111746.1 | W6: 0 | X6: 0 | Y6: 0 | Z6: 0 | AA6: 0 | AB6: 0 | AC6: 0 | AD6: 0 | AE6: 0 | AF6: 0 | AG6: 113906.4 | AH6: 0 | AI6: 0 | AJ6: 1.7917336e+09
A7: runs/CZ16/OfS&0&cPVVE&Ex&Chiller__PumpCtrl/NE-Chiller-PumpCtrl-Full-Std/instance-out.sql | B7: CZ16 | C7: 870.6 | D7: 2485.41 | G7: 0.012972 | H7: 0 | I7: 65825.39 | J7: 23792.96 | K7: 0 | L7: 29466.65 | M7: 0 | N7: 133201.43 | O7: 16410.83 | P7: 10753.92 | Q7: 0 | R7: 0 | S7: 0 | T7: 0 | U7: 0 | V7: 6209.84 | W7: 0 | X7: 0 | Y7: 0 | Z7: 0 | AA7: 0 | AB7: 0 | AC7: 0 | AD7: 0 | AE7: 0 | AF7: 0 | AG7: 4620.75 | AH7: 0 | AI7: 0 | AJ7: 2.0298256e+08
A8: runs/CZ16/OfL&0&cPVVE&Ex&Chiller__PumpCtrl/NE-Chiller-PumpCtrl-Full-Std/instance-out.sql | B8: CZ16 | C8: 11629.1 | D8: 33199.05 | G8: 0.17327 | H8: 0 | I8: 1180296.3 | J8: 463682.79 | K8: 0 | L8: 831153.37 | M8: 0 | N8: 342895.24 | O8: 294170.29 | P8: 205776.92 | Q8: 0 | R8: 0 | S8: 0 | T8: 0 | U8: 0 | V8: 1106076.1 | W8: 0 | X8: 0 | Y8: 0 | Z8: 0 | AA8: 0 | AB8: 0 | AC8: 0 | AD8: 0 | AE8: 0 | AF8: 0 | AG8: 113905.1 | AH8: 0 | AI8: 0 | AJ8: 2.2926161e+09
A9: runs/CZ16/Nrs&0&cPVVE&Ex&Chiller__PumpCtrl/NE-Chiller-PumpCtrl-Full-Std/instance-out.sql | B9: CZ16 | C9: 1801.12 | D9: 5141.88 | G9: 0.026836 | H9: 0 | I9: 274607.51 | J9: 201226.15 | K9: 0 | L9: 282049.05 | M9: 0 | N9: 181160.18 | O9: 28413.71 | P9: 21550.91 | Q9: 0 | R9: 0 | S9: 0 | T9: 0 | U9: 0 | V9: 390558.22 | W9: 0 | X9: 0 | Y9: 0 | Z9: 65854.75 | AA9: 0 | AB9: 0 | AC9: 0 | AD9: 0 | AE9: 0 | AF9: 0 | AG9: 124220.06 | AH9: 0 | AI9: 0 | AJ9: 6.2262143e+08
A10: runs/CZ16/Hsp&0&cPVVE&Ex&Chiller__PumpCtrl/NE-Chiller-PumpCtrl-Full-Std/instance-out.sql | B10: CZ16 | C10: 13909.61 | D10: 39709.5 | G10: 0.207249 | H10: 0 | I10: 1615680.5 | J10: 857863.39 | K10: 0 | L10: 1141299.4 | M10: 0 | N10: 794392.67 | O10: 434750.09 | P10: 274551.58 | Q10: 0 | R10: 0 | S10: 0 | T10: 0 | U10: 0 | V10: 1729956 | W10: 0 | X10: 0 | Y10: 0 | Z10: 43737.51 | AA10: 0 | AB10: 0 | AC10: 0 | AD10: 0 | AE10: 0 | AF10: 0 | AG10: 270731.51 | AH10: 0 | AI10: 0 | AJ10: 2.9544147e+09
A11: runs/CZ16/Hsp&0&cPVVE&Ex&Chiller__PumpCtrl/NE-Chiller-CHWPumpCtrl-Full-Msr/instance-out.sql | B11: CZ16 | D11: 39709.5 | E11: 13909.61 | G11: 0.207249 | H11: 0 | I11: 1278898.5 | J11: 857863.39 | K11: 0 | L11: 1141299.4 | M11: 0 | N11: 791718.12 | O11: 371625.91 | P11: 261948.75 | Q11: 0 | R11: 0 | S11: 0 | T11: 0 | U11: 0 | V11: 1739640.6 | W11: 0 | X11: 0 | Y11: 0 | Z11: 43737.51 | AA11: 0 | AB11: 0 | AC11: 0 | AD11: 0 | AE11: 0 | AF11: 0 | AG11: 270719.36 | AH11: 0 | AI11: 0 | AJ11: 2.5504183e+09
A12: runs/CZ16/EUn&0&cPVVE&Ex&Chiller__PumpCtrl/NE-Chiller-CHWPumpCtrl-Full-Msr/instance-out.sql | B12: CZ16 | D12: 80049.44 | E12: 28040.05 | G12: 0.417789 | H12: 0 | I12: 2524321.6 | J12: 1274541.2 | K12: 0 | L12: 3553012.2 | M12: 0 | N12: 1859200.4 | O12: 450012.08 | P12: 379411.13 | Q12: 0 | R12: 0 | S12: 0 | T12: 0 | U12: 0 | V12: 2814811.4 | W12: 0 | X12: 0 | Y12: 0 | Z12: 127428.8 | AA12: 0 | AB12: 0 | AC12: 0 | AD12: 0 | AE12: 0 | AF12: 0 | AG12: 725832.77 | AH12: 0 | AI12: 0 | AJ12: 6.4897956e+09
A13: runs/CZ16/ESe&0&cPVVE&Ex&Chiller__PumpCtrl/NE-Chiller-CHWPumpCtrl-Full-Msr/instance-out.sql | B13: CZ16 | D13: 5522.32 | E13: 1934.38 | G13: 0.028822 | H13: 0 | I13: 278503.46 | J13: 197273.03 | K13: 0 | L13: 258328.15 | M13: 0 | N13: 410184.4 | O13: 28220.74 | P13: 24622.23 | Q13: 0 | R13: 0 | S13: 0 | T13: 0 | U13: 0 | V13: 241664.99 | W13: 0 | X13: 0 | Y13: 0 | Z13: 64094.3 | AA13: 0 | AB13: 0 | AC13: 0 | AD13: 0 | AE13: 0 | AF13: 0 | AG13: 228586.75 | AH13: 0 | AI13: 0 | AJ13: 8.3873799e+08
A14: runs/CZ16/ESe&0&cPVVE&Ex&Chiller__PumpCtrl/NE-Chiller-PumpCtrl-Full-Std/instance-out.sql | B14: CZ16 | C14: 1934.38 | D14: 5522.32 | G14: 0.028822 | H14: 0 | I14: 303894.69 | J14: 197273.03 | K14: 0 | L14: 258328.15 | M14: 0 | N14: 410092.9 | O14: 31825.33 | P14: 24666.93 | Q14: 0 | R14: 0 | S14: 0 | T14: 0 | U14: 0 | V14: 240480.02 | W14: 0 | X14: 0 | Y14: 0 | Z14: 64094.3 | AA14: 0 | AB14: 0 | AC14: 0 | AD14: 0 | AE14: 0 | AF14: 0 | AG14: 228588.07 | AH14: 0 | AI14: 0 | AJ14: 9.2444641e+08
A15: runs/CZ16/ECC&0&cPVVE&Ex&Chiller__PumpCtrl/NE-Chiller-CHWPumpCtrl-Full-Msr/instance-out.sql | B15: CZ16 | D15: 34098.03 | E15: 11944 | G15: 0.177962 | H15: 0 | I15: 959178.39 | J15: 350734.07 | K15: 0 | L15: 936314.72 | M15: 0 | N15: 573903.31 | O15: 273988.26 | P15: 210598.36 | Q15: 0 | R15: 0 | S15: 0 | T15: 0 | U15: 0 | V15: 796036.92 | W15: 0 | X15: 0 | Y15: 0 | Z15: 68627.6 | AA15: 0 | AB15: 0 | AC15: 0 | AD15: 0 | AE15: 0 | AF15: 0 | AG15: 475884.17 | AH15: 0 | AI15: 0 | AJ15: 1.4534631e+09
A16: runs/CZ15/Rt3&0&cPVVE&Ex&Chiller__PumpCtrl/NE-Chiller-PumpCtrl-Full-Std/instance-out.sql | B16: CZ15 | C16: 9590.62 | D16: 27379.55 | G16: 0.142898 | H16: 0 | I16: 1546709.4 | J16: 774617.57 | K16: 0 | L16: 436518 | M16: 0 | N16: 391157.53 | O16: 186086.4 | P16: 171961.53 | Q16: 0 | R16: 0 | S16: 0 | T16: 0 | U16: 0 | V16: 701647.79 | W16: 0 | X16: 0 | Y16: 0 | Z16: 0 | AA16: 0 | AB16: 0 | AC16: 0 | AD16: 0 | AE16: 0 | AF16: 0 | AG16: 131094.74 | AH16: 0 | AI16: 0 | AJ16: 2.8899279e+09
A17: runs/CZ15/OfS&0&cPVVE&Ex&Chiller__PumpCtrl/NE-Chiller-CHWPumpCtrl-Full-Msr/instance-out.sql | B17: CZ15 | D17: 2706.52 | E17: 948.05 | G17: 0.014126 | H17: 0 | I17: 94668.41 | J17: 23792.96 | K17: 0 | L17: 29466.65 | M17: 0 | N17: 125442.71 | O17: 16365.99 | P17: 18273.57 | Q17: 0 | R17: 0 | S17: 0 | T17: 0 | U17: 0 | V17: 137.41 | W17: 0 | X17: 0 | Y17: 0 | Z17: 0 | AA17: 0 | AB17: 0 | AC17: 0 | AD17: 0 | AE17: 0 | AF17: 0 | AG17: 3626.13 | AH17: 0 | AI17: 0 | AJ17: 1.9907723e+08
A18: runs/CZ16/EUn&0&cPVVE&Ex&Chiller__PumpCtrl/NE-Chiller-PumpCtrl-Full-Std/instance-out.sql | B18: CZ16 | C18: 28040.05 | D18: 80049.44 | G18: 0.417789 | H18: 0 | I18: 2943990.4 | J18: 1274541.2 | K18: 0 | L18: 3553012.2 | M18: 0 | N18: 1861189.1 | O18: 508781.92 | P18: 380878.38 | Q18: 0 | R18: 0 | S18: 0 | T18: 0 | U18: 0 | V18: 2770397 | W18: 0 | X18: 0 | Y18: 0 | Z18: 127428.8 | AA18: 0 | AB18: 0 | AC18: 0 | AD18: 0 | AE18: 0 | AF18: 0 | AG18: 725891.87 | AH18: 0 | AI18: 0 | AJ18: 7.4587358e+09
A19: runs/CZ15/Rt3&0&cPVVE&Ex&Chiller__PumpCtrl/NE-Chiller-CHWPumpCtrl-Full-Msr/instance-out.sql | B19: CZ15 | D19: 27379.55 | E19: 9590.62 | G19: 0.142898 | H19: 0 | I19: 1380122.2 | J19: 774617.57 | K19: 0 | L19: 436518 | M19: 0 | N19: 391301.15 | O19: 167086.42 | P19: 170242.47 | Q19: 0 | R19: 0 | S19: 0 | T19: 0 | U19: 0 | V19: 701091.3 | W19: 0 | X19: 0 | Y19: 0 | Z19: 0 | AA19: 0 | AB19: 0 | AC19: 0 | AD19: 0 | AE19: 0 | AF19: 0 | AG19: 131096.7 | AH19: 0 | AI19: 0 | AJ19: 2.884619e+09
A20: runs/CZ16/ECC&0&cPVVE&Ex&Chiller__PumpCtrl/NE-Chiller-PumpCtrl-Full-Std/instance-out.sql | B20: CZ16 | C20: 11944 | D20: 34098.03 | G20: 0.177962 | H20: 0 | I20: 1156077.7 | J20: 350734.07 | K20: 0 | L20: 936314.72 | M20: 0 | N20: 573970.5 | O20: 319589.51 | P20: 223343.81 | Q20: 0 | R20: 0 | S20: 0 | T20: 0 | U20: 0 | V20: 790912.52 | W20: 0 | X20: 0 | Y20: 0 | Z20: 68627.6 | AA20: 0 | AB20: 0 | AC20: 0 | AD20: 0 | AE20: 0 | AF20: 0 | AG20: 475864.26 | AH20: 0 | AI20: 0 | AJ20: 1.5531119e+09
A21: runs/CZ15/OfL&0&cPVVE&Ex&Chiller__PumpCtrl/NE-Chiller-CHWPumpCtrl-Full-Msr/instance-out.sql | B21: CZ15 | D21: 36391.52 | E21: 12747.37 | G21: 0.189932 | H21: 0 | I21: 1641863.2 | J21: 463682.79 | K21: 0 | L21: 831153.37 | M21: 0 | N21: 341911.19 | O21: 317239.77 | P21: 333997.1 | Q21: 0 | R21: 0 | S21: 0 | T21: 0 | U21: 0 | V21: 821168.66 | W21: 0 | X21: 0 | Y21: 0 | Z21: 0 | AA21: 0 | AB21: 0 | AC21: 0 | AD21: 0 | AE21: 0 | AF21: 0 | AG21: 85804.77 | AH21: 0 | AI21: 0 | AJ21: 2.5549554e+09
A22: runs/CZ15/OfS&0&cPVVE&Ex&Chiller__PumpCtrl/NE-Chiller-PumpCtrl-Full-Std/instance-out.sql | B22: CZ15 | C22: 948.05 | D22: 2706.52 | G22: 0.014126 | H22: 0 | I22: 151916.57 | J22: 23792.96 | K22: 0 | L22: 29466.65 | M22: 0 | N22: 125442.81 | O22: 21271.37 | P22: 18786.4 | Q22: 0 | R22: 0 | S22: 0 | T22: 0 | U22: 0 | V22: 137.41 | W22: 0 | X22: 0 | Y22: 0 | Z22: 0 | AA22: 0 | AB22: 0 | AC22: 0 | AD22: 0 | AE22: 0 | AF22: 0 | AG22: 3626.13 | AH22: 0 | AI22: 0 | AJ22: 2.5959569e+08
A23: runs/CZ15/OfL&0&cPVVE&Ex&Chiller__PumpCtrl/NE-Chiller-PumpCtrl-Full-Std/instance-out.sql | B23: CZ15 | C23: 12747.37 | D23: 36391.52 | G23: 0.189932 | H23: 0 | I23: 2302710.6 | J23: 463682.79 | K23: 0 | L23: 831153.37 | M23: 0 | N23: 343092.47 | O23: 363200.67 | P23: 336778.5 | Q23: 0 | R23: 0 | S23: 0 | T23: 0 | U23: 0 | V23: 821250.33 | W23: 0 | X23: 0 | Y23: 0 | Z23: 0 | AA23: 0 | AB23: 0 | AC23: 0 | AD23: 0 | AE23: 0 | AF23: 0 | AG23: 85800.69 | AH23: 0 | AI23: 0 | AJ23: 3.0820458e+09
A24: runs/CZ15/Nrs&0&cPVVE&Ex&Chiller__PumpCtrl/NE-Chiller-CHWPumpCtrl-Full-Msr/instance-out.sql | B24: CZ15 | D24: 6007.07 | E24: 2104.18 | G24: 0.031352 | H24: 0 | I24: 444924.68 | J24: 201226.15 | K24: 0 | L24: 282049.05 | M24: 0 | N24: 202301.37 | O24: 33837.33 | P24: 36952.79 | Q24: 0 | R24: 0 | S24: 0 | T24: 0 | U24: 0 | V24: 290438.45 | W24: 0 | X24: 0 | Y24: 0 | Z24: 65854.75 | AA24: 0 | AB24: 0 | AC24: 0 | AD24: 0 | AE24: 0 | AF24: 0 | AG24: 93542.73 | AH24: 0 | AI24: 0 | AJ24: 7.3221687e+08
A25: runs/CZ15/Nrs&0&cPVVE&Ex&Chiller__PumpCtrl/NE-Chiller-PumpCtrl-Full-Std/instance-out.sql | B25: CZ15 | C25: 2104.18 | D25: 6007.07 | G25: 0.031352 | H25: 0 | I25: 561257.47 | J25: 201226.15 | K25: 0 | L25: 282049.05 | M25: 0 | N25: 202284.48 | O25: 39780.68 | P25: 36981.57 | Q25: 0 | R25: 0 | S25: 0 | T25: 0 | U25: 0 | V25: 289748.04 | W25: 0 | X25: 0 | Y25: 0 | Z25: 65854.75 | AA25: 0 | AB25: 0 | AC25: 0 | AD25: 0 | AE25: 0 | AF25: 0 | AG25: 93543.25 | AH25: 0 | AI25: 0 | AJ25: 8.2866874e+08
A26: runs/CZ15/Hsp&0&cPVVE&Ex&Chiller__PumpCtrl/NE-Chiller-PumpCtrl-Full-Std/instance-out.sql | B26: CZ15 | C26: 15846.95 | D26: 45240.28 | G26: 0.236115 | H26: 0 | I26: 3074388.4 | J26: 857863.39 | K26: 0 | L26: 1141299.4 | M26: 0 | N26: 801564.47 | O26: 493171.75 | P26: 444161.65 | Q26: 0 | R26: 0 | S26: 0 | T26: 0 | U26: 0 | V26: 1648602.2 | W26: 0 | X26: 0 | Y26: 0 | Z26: 43737.51 | AA26: 0 | AB26: 0 | AC26: 0 | AD26: 0 | AE26: 0 | AF26: 0 | AG26: 203701.21 | AH26: 0 | AI26: 0 | AJ26: 3.7688336e+09
A27: runs/CZ15/ESe&0&cPVVE&Ex&Chiller__PumpCtrl/NE-Chiller-PumpCtrl-Full-Std/instance-out.sql | B27: CZ15 | C27: 2283.14 | D27: 6517.96 | G27: 0.034018 | H27: 0 | I27: 668848.8 | J27: 197273.03 | K27: 0 | L27: 258328.15 | M27: 0 | N27: 336701.08 | O27: 45208.4 | P27: 42323.56 | Q27: 0 | R27: 0 | S27: 0 | T27: 0 | U27: 0 | V27: 135305.94 | W27: 0 | X27: 0 | Y27: 0 | Z27: 64094.3 | AA27: 0 | AB27: 0 | AC27: 0 | AD27: 0 | AE27: 0 | AF27: 0 | AG27: 171950.26 | AH27: 0 | AI27: 0 | AJ27: 1.3384832e+09
A28: runs/CZ15/ESe&0&cPVVE&Ex&Chiller__PumpCtrl/NE-Chiller-CHWPumpCtrl-Full-Msr/instance-out.sql | B28: CZ15 | D28: 6517.96 | E28: 2283.14 | G28: 0.034018 | H28: 0 | I28: 551564.56 | J28: 197273.03 | K28: 0 | L28: 258328.15 | M28: 0 | N28: 336762.78 | O28: 38609.82 | P28: 42226.09 | Q28: 0 | R28: 0 | S28: 0 | T28: 0 | U28: 0 | V28: 135462.46 | W28: 0 | X28: 0 | Y28: 0 | Z28: 64094.3 | AA28: 0 | AB28: 0 | AC28: 0 | AD28: 0 | AE28: 0 | AF28: 0 | AG28: 171951.25 | AH28: 0 | AI28: 0 | AJ28: 1.2302534e+09
A29: runs/CZ15/Hsp&0&cPVVE&Ex&Chiller__PumpCtrl/NE-Chiller-CHWPumpCtrl-Full-Msr/instance-out.sql | B29: CZ15 | D29: 45240.28 | E29: 15846.95 | G29: 0.236115 | H29: 0 | I29: 2648698.7 | J29: 857863.39 | K29: 0 | L29: 1141299.4 | M29: 0 | N29: 800963.7 | O29: 436766.56 | P29: 436992.18 | Q29: 0 | R29: 0 | S29: 0 | T29: 0 | U29: 0 | V29: 1647927.2 | W29: 0 | X29: 0 | Y29: 0 | Z29: 43737.51 | AA29: 0 | AB29: 0 | AC29: 0 | AD29: 0 | AE29: 0 | AF29: 0 | AG29: 203717.46 | AH29: 0 | AI29: 0 | AJ29: 3.738674e+09
A30: runs/CZ15/ECC&0&cPVVE&Ex&Chiller__PumpCtrl/NE-Chiller-CHWPumpCtrl-Full-Msr/instance-out.sql | B30: CZ15 | D30: 40201.16 | E30: 14081.83 | G30: 0.209815 | H30: 0 | I30: 1696450.9 | J30: 350734.07 | K30: 0 | L30: 936314.72 | M30: 0 | N30: 648097.88 | O30: 350214.15 | P30: 371772.12 | Q30: 0 | R30: 0 | S30: 0 | T30: 0 | U30: 0 | V30: 905391.09 | W30: 0 | X30: 0 | Y30: 0 | Z30: 68627.6 | AA30: 0 | AB30: 0 | AC30: 0 | AD30: 0 | AE30: 0 | AF30: 0 | AG30: 356277.67 | AH30: 0 | AI30: 0 | AJ30: 3.0812736e+09
A31: runs/CZ15/ECC&0&cPVVE&Ex&Chiller__PumpCtrl/NE-Chiller-PumpCtrl-Full-Std/instance-out.sql | B31: CZ15 | C31: 14081.83 | D31: 40201.16 | G31: 0.209815 | H31: 0 | I31: 2329439 | J31: 350734.07 | K31: 0 | L31: 936314.72 | M31: 0 | N31: 648412.54 | O31: 413338.84 | P31: 380803.4 | Q31: 0 | R31: 0 | S31: 0 | T31: 0 | U31: 0 | V31: 905455.41 | W31: 0 | X31: 0 | Y31: 0 | Z31: 68627.6 | AA31: 0 | AB31: 0 | AC31: 0 | AD31: 0 | AE31: 0 | AF31: 0 | AG31: 356253.98 | AH31: 0 | AI31: 0 | AJ31: 3.3423175e+09
A32: runs/CZ14/Rt3&0&cPVVE&Ex&Chiller__PumpCtrl/NE-Chiller-CHWPumpCtrl-Full-Msr/instance-out.sql | B32: CZ14 | D32: 25977.47 | E32: 9099.49 | G32: 0.13558 | H32: 0 | I32: 915358.96 | J32: 774617.57 | K32: 0 | L32: 436518 | M32: 0 | N32: 357862.02 | O32: 137632.86 | P32: 135772.33 | Q32: 0 | R32: 0 | S32: 0 | T32: 0 | U32: 0 | V32: 640509.26 | W32: 0 | X32: 0 | Y32: 0 | Z32: 0 | AA32: 0 | AB32: 0 | AC32: 0 | AD32: 0 | AE32: 0 | AF32: 0 | AG32: 147592.87 | AH32: 0 | AI32: 0 | AJ32: 2.7678512e+09
A33: runs/CZ15/EUn&0&cPVVE&Ex&Chiller__PumpCtrl/NE-Chiller-CHWPumpCtrl-Full-Msr/instance-out.sql | B33: CZ15 | D33: 90247.38 | E33: 31612.22 | G33: 0.471013 | H33: 0 | I33: 4934346.1 | J33: 1274541.2 | K33: 0 | L33: 3553012.2 | M33: 0 | N33: 1929019.4 | O33: 601249.78 | P33: 635158.7 | Q33: 0 | R33: 0 | S33: 0 | T33: 0 | U33: 0 | V33: 2807747.7 | W33: 0 | X33: 0 | Y33: 0 | Z33: 127428.8 | AA33: 0 | AB33: 0 | AC33: 0 | AD33: 0 | AE33: 0 | AF33: 0 | AG33: 544716.48 | AH33: 0 | AI33: 0 | AJ33: 8.6770805e+09
A34: runs/CZ14/Rt3&0&cPVVE&Ex&Chiller__PumpCtrl/NE-Chiller-PumpCtrl-Full-Std/instance-out.sql | B34: CZ14 | C34: 9099.49 | D34: 25977.47 | G34: 0.13558 | H34: 0 | I34: 1044978.9 | J34: 774617.57 | K34: 0 | L34: 436518 | M34: 0 | N34: 357877.24 | O34: 158384.14 | P34: 138347.34 | Q34: 0 | R34: 0 | S34: 0 | T34: 0 | U34: 0 | V34: 640006.87 | W34: 0 | X34: 0 | Y34: 0 | Z34: 0 | AA34: 0 | AB34: 0 | AC34: 0 | AD34: 0 | AE34: 0 | AF34: 0 | AG34: 147596.97 | AH34: 0 | AI34: 0 | AJ34: 2.7352894e+09
A35: runs/CZ15/EUn&0&cPVVE&Ex&Chiller__PumpCtrl/NE-Chiller-PumpCtrl-Full-Std/instance-out.sql | B35: CZ15 | C35: 31612.22 | D35: 90247.38 | G35: 0.471013 | H35: 0 | I35: 5932097 | J35: 1274541.2 | K35: 0 | L35: 3553012.2 | M35: 0 | N35: 1929368.3 | O35: 683428.28 | P35: 637035.03 | Q35: 0 | R35: 0 | S35: 0 | T35: 0 | U35: 0 | V35: 2819014.9 | W35: 0 | X35: 0 | Y35: 0 | Z35: 127428.8 | AA35: 0 | AB35: 0 | AC35: 0 | AD35: 0 | AE35: 0 | AF35: 0 | AG35: 544675.36 | AH35: 0 | AI35: 0 | AJ35: 8.9318846e+09
A36: runs/CZ14/OfS&0&cPVVE&Ex&Chiller__PumpCtrl/NE-Chiller-CHWPumpCtrl-Full-Msr/instance-out.sql | B36: CZ14 | D36: 2691.48 | E36: 942.78 | G36: 0.014047 | H36: 0 | I36: 71483.85 | J36: 23792.96 | K36: 0 | L36: 29466.65 | M36: 0 | N36: 132534.9 | O36: 14605.25 | P36: 15215.25 | Q36: 0 | R36: 0 | S36: 0 | T36: 0 | U36: 0 | V36: 1042.01 | W36: 0 | X36: 0 | Y36: 0 | Z36: 0 | AA36: 0 | AB36: 0 | AC36: 0 | AD36: 0 | AE36: 0 | AF36: 0 | AG36: 4007.76 | AH36: 0 | AI36: 0 | AJ36: 2.1012094e+08
A37: runs/CZ14/OfL&0&cPVVE&Ex&Chiller__PumpCtrl/NE-Chiller-CHWPumpCtrl-Full-Msr/instance-out.sql | B37: CZ14 | D37: 35984.33 | E37: 12604.74 | G37: 0.187807 | H37: 0 | I37: 1145528.1 | J37: 463682.79 | K37: 0 | L37: 831153.37 | M37: 0 | N37: 331001.19 | O37: 277805.01 | P37: 281558.06 | Q37: 0 | R37: 0 | S37: 0 | T37: 0 | U37: 0 | V37: 832937.64 | W37: 0 | X37: 0 | Y37: 0 | Z37: 0 | AA37: 0 | AB37: 0 | AC37: 0 | AD37: 0 | AE37: 0 | AF37: 0 | AG37: 96586.85 | AH37: 0 | AI37: 0 | AJ37: 2.3252532e+09
A38: runs/CZ14/OfS&0&cPVVE&Ex&Chiller__PumpCtrl/NE-Chiller-PumpCtrl-Full-Std/instance-out.sql | B38: CZ14 | C38: 942.78 | D38: 2691.48 | G38: 0.014047 | H38: 0 | I38: 107241.87 | J38: 23792.96 | K38: 0 | L38: 29466.65 | M38: 0 | N38: 132531.29 | O38: 19742.09 | P38: 16092.28 | Q38: 0 | R38: 0 | S38: 0 | T38: 0 | U38: 0 | V38: 1042.01 | W38: 0 | X38: 0 | Y38: 0 | Z38: 0 | AA38: 0 | AB38: 0 | AC38: 0 | AD38: 0 | AE38: 0 | AF38: 0 | AG38: 4007.76 | AH38: 0 | AI38: 0 | AJ38: 2.4838144e+08
A39: runs/CZ14/Nrs&0&cPVVE&Ex&Chiller__PumpCtrl/NE-Chiller-CHWPumpCtrl-Full-Msr/instance-out.sql | B39: CZ14 | D39: 5861.97 | E39: 2053.36 | G39: 0.030594 | H39: 0 | I39: 345999.72 | J39: 201226.15 | K39: 0 | L39: 282049.05 | M39: 0 | N39: 182474.13 | O39: 29690.09 | P39: 30333.12 | Q39: 0 | R39: 0 | S39: 0 | T39: 0 | U39: 0 | V39: 268889.81 | W39: 0 | X39: 0 | Y39: 0 | Z39: 65854.75 | AA39: 0 | AB39: 0 | AC39: 0 | AD39: 0 | AE39: 0 | AF39: 0 | AG39: 105316.32 | AH39: 0 | AI39: 0 | AJ39: 7.5521244e+08
A40: runs/CZ14/Nrs&0&cPVVE&Ex&Chiller__PumpCtrl/NE-Chiller-PumpCtrl-Full-Std/instance-out.sql | B40: CZ14 | C40: 2053.36 | D40: 5861.97 | G40: 0.030594 | H40: 0 | I40: 402758.54 | J40: 201226.15 | K40: 0 | L40: 282049.05 | M40: 0 | N40: 182469.21 | O40: 33562.13 | P40: 30417.12 | Q40: 0 | R40: 0 | S40: 0 | T40: 0 | U40: 0 | V40: 268693.42 | W40: 0 | X40: 0 | Y40: 0 | Z40: 65854.75 | AA40: 0 | AB40: 0 | AC40: 0 | AD40: 0 | AE40: 0 | AF40: 0 | AG40: 105318.83 | AH40: 0 | AI40: 0 | AJ40: 8.1276771e+08
A41: runs/CZ14/OfL&0&cPVVE&Ex&Chiller__PumpCtrl/NE-Chiller-PumpCtrl-Full-Std/instance-out.sql | B41: CZ14 | C41: 12604.74 | D41: 35984.33 | G41: 0.187807 | H41: 0 | I41: 1636288.7 | J41: 463682.79 | K41: 0 | L41: 831153.37 | M41: 0 | N41: 331829.28 | O41: 321146.1 | P41: 285395.38 | Q41: 0 | R41: 0 | S41: 0 | T41: 0 | U41: 0 | V41: 831844.21 | W41: 0 | X41: 0 | Y41: 0 | Z41: 0 | AA41: 0 | AB41: 0 | AC41: 0 | AD41: 0 | AE41: 0 | AF41: 0 | AG41: 96591.04 | AH41: 0 | AI41: 0 | AJ41: 2.9255553e+09
A42: runs/CZ14/Hsp&0&cPVVE&Ex&Chiller__PumpCtrl/NE-Chiller-PumpCtrl-Full-Std/instance-out.sql | B42: CZ14 | C42: 15353.69 | D42: 43832.1 | G42: 0.228766 | H42: 0 | I42: 2211146.8 | J42: 857863.39 | K42: 0 | L42: 1141299.4 | M42: 0 | N42: 750738.96 | O42: 477233.94 | P42: 389189.39 | Q42: 0 | R42: 0 | S42: 0 | T42: 0 | U42: 0 | V42: 1544955.3 | W42: 0 | X42: 0 | Y42: 0 | Z42: 43737.51 | AA42: 0 | AB42: 0 | AC42: 0 | AD42: 0 | AE42: 0 | AF42: 0 | AG42: 229429.89 | AH42: 0 | AI42: 0 | AJ42: 3.552688e+09
A43: runs/CZ14/ECC&0&cPVVE&Ex&Chiller__PumpCtrl/NE-Chiller-CHWPumpCtrl-Full-Msr/instance-out.sql | B43: CZ14 | D43: 38835.19 | E43: 13603.35 | G43: 0.202686 | H43: 0 | I43: 1212739.6 | J43: 350734.07 | K43: 0 | L43: 936314.72 | M43: 0 | N43: 472857.76 | O43: 324292.39 | P43: 316034.04 | Q43: 0 | R43: 0 | S43: 0 | T43: 0 | U43: 0 | V43: 384436.96 | W43: 0 | X43: 0 | Y43: 0 | Z43: 68627.6 | AA43: 0 | AB43: 0 | AC43: 0 | AD43: 0 | AE43: 0 | AF43: 0 | AG43: 401652.56 | AH43: 0 | AI43: 0 | AJ43: 2.8780566e+09
A44: runs/CZ14/EUn&0&cPVVE&Ex&Chiller__PumpCtrl/NE-Chiller-PumpCtrl-Full-Std/instance-out.sql | B44: CZ14 | C44: 30916.82 | D44: 88262.12 | G44: 0.460652 | H44: 0 | I44: 4173564.7 | J44: 1274541.2 | K44: 0 | L44: 3553012.2 | M44: 0 | N44: 1727422.6 | O44: 576251.93 | P44: 522611.81 | Q44: 0 | R44: 0 | S44: 0 | T44: 0 | U44: 0 | V44: 2204419.5 | W44: 0 | X44: 0 | Y44: 0 | Z44: 127428.8 | AA44: 0 | AB44: 0 | AC44: 0 | AD44: 0 | AE44: 0 | AF44: 0 | AG44: 613916.1 | AH44: 0 | AI44: 0 | AJ44: 8.4074449e+09
A45: runs/CZ14/ESe&0&cPVVE&Ex&Chiller__PumpCtrl/NE-Chiller-CHWPumpCtrl-Full-Msr/instance-out.sql | B45: CZ14 | D45: 6314.01 | E45: 2211.7 | G45: 0.032954 | H45: 0 | I45: 409116.65 | J45: 197273.03 | K45: 0 | L45: 258328.15 | M45: 0 | N45: 365369.48 | O45: 33175.94 | P45: 34515.88 | Q45: 0 | R45: 0 | S45: 0 | T45: 0 | U45: 0 | V45: 105052.67 | W45: 0 | X45: 0 | Y45: 0 | Z45: 64094.3 | AA45: 0 | AB45: 0 | AC45: 0 | AD45: 0 | AE45: 0 | AF45: 0 | AG45: 193650.81 | AH45: 0 | AI45: 0 | AJ45: 1.2620127e+09
A46: runs/CZ14/Hsp&0&cPVVE&Ex&Chiller__PumpCtrl/NE-Chiller-CHWPumpCtrl-Full-Msr/instance-out.sql | B46: CZ14 | D46: 43832.1 | E46: 15353.69 | G46: 0.228766 | H46: 0 | I46: 1896796.6 | J46: 857863.39 | K46: 0 | L46: 1141299.4 | M46: 0 | N46: 749790.37 | O46: 413101.43 | P46: 374721.68 | Q46: 0 | R46: 0 | S46: 0 | T46: 0 | U46: 0 | V46: 1551138.2 | W46: 0 | X46: 0 | Y46: 0 | Z46: 43737.51 | AA46: 0 | AB46: 0 | AC46: 0 | AD46: 0 | AE46: 0 | AF46: 0 | AG46: 229435.5 | AH46: 0 | AI46: 0 | AJ46: 3.4924886e+09
A47: runs/CZ14/ESe&0&cPVVE&Ex&Chiller__PumpCtrl/NE-Chiller-PumpCtrl-Full-Std/instance-out.sql | B47: CZ14 | C47: 2211.7 | D47: 6314.01 | G47: 0.032954 | H47: 0 | I47: 466822.67 | J47: 197273.03 | K47: 0 | L47: 258328.15 | M47: 0 | N47: 365315.58 | O47: 37763.09 | P47: 34653.82 | Q47: 0 | R47: 0 | S47: 0 | T47: 0 | U47: 0 | V47: 104848.17 | W47: 0 | X47: 0 | Y47: 0 | Z47: 64094.3 | AA47: 0 | AB47: 0 | AC47: 0 | AD47: 0 | AE47: 0 | AF47: 0 | AG47: 193654.7 | AH47: 0 | AI47: 0 | AJ47: 1.3182209e+09
A48: runs/CZ14/EUn&0&cPVVE&Ex&Chiller__PumpCtrl/NE-Chiller-CHWPumpCtrl-Full-Msr/instance-out.sql | B48: CZ14 | D48: 88262.12 | E48: 30916.82 | G48: 0.460652 | H48: 0 | I48: 3477293.5 | J48: 1274541.2 | K48: 0 | L48: 3553012.2 | M48: 0 | N48: 1724917.9 | O48: 507380.43 | P48: 520033.51 | Q48: 0 | R48: 0 | S48: 0 | T48: 0 | U48: 0 | V48: 2213217.4 | W48: 0 | X48: 0 | Y48: 0 | Z48: 127428.8 | AA48: 0 | AB48: 0 | AC48: 0 | AD48: 0 | AE48: 0 | AF48: 0 | AG48: 613927.17 | AH48: 0 | AI48: 0 | AJ48: 7.8844964e+09
A49: runs/CZ14/ECC&0&cPVVE&Ex&Chiller__PumpCtrl/NE-Chiller-PumpCtrl-Full-Std/instance-out.sql | B49: CZ14 | C49: 13603.35 | D49: 38835.19 | G49: 0.202686 | H49: 0 | I49: 1602828.5 | J49: 350734.07 | K49: 0 | L49: 936314.72 | M49: 0 | N49: 472883.81 | O49: 376914.8 | P49: 326649.93 | Q49: 0 | R49: 0 | S49: 0 | T49: 0 | U49: 0 | V49: 385069.44 | W49: 0 | X49: 0 | Y49: 0 | Z49: 68627.6 | AA49: 0 | AB49: 0 | AC49: 0 | AD49: 0 | AE49: 0 | AF49: 0 | AG49: 401659.96 | AH49: 0 | AI49: 0 | AJ49: 2.9592328e+09
A50: runs/CZ13/Rt3&0&cPVVE&Ex&Chiller__PumpCtrl/NE-Chiller-CHWPumpCtrl-Full-Msr/instance-out.sql | B50: CZ13 | D50: 26603.98 | E50: 9318.95 | G50: 0.13885 | H50: 0 | I50: 937791.67 | J50: 774617.57 | K50: 0 | L50: 436518 | M50: 0 | N50: 310756.63 | O50: 132345.17 | P50: 130157.44 | Q50: 0 | R50: 0 | S50: 0 | T50: 0 | U50: 0 | V50: 584798.74 | W50: 0 | X50: 0 | Y50: 0 | Z50: 0 | AA50: 0 | AB50: 0 | AC50: 0 | AD50: 0 | AE50: 0 | AF50: 0 | AG50: 155570.84 | AH50: 0 | AI50: 0 | AJ50: 2.8545282e+09
A51: runs/CZ13/OfS&0&cPVVE&Ex&Chiller__PumpCtrl/NE-Chiller-PumpCtrl-Full-Std/instance-out.sql | B51: CZ13 | C51: 923.61 | D51: 2636.73 | G51: 0.013761 | H51: 0 | I51: 99153.3 | J51: 23792.96 | K51: 0 | L51: 29466.65 | M51: 0 | N51: 120835.59 | O51: 17925.99 | P51: 15434.87 | Q51: 0 | R51: 0 | S51: 0 | T51: 0 | U51: 0 | V51: 2332.8 | W51: 0 | X51: 0 | Y51: 0 | Z51: 0 | AA51: 0 | AB51: 0 | AC51: 0 | AD51: 0 | AE51: 0 | AF51: 0 | AG51: 4192.69 | AH51: 0 | AI51: 0 | AJ51: 2.5432659e+08
A52: runs/CZ13/OfS&0&cPVVE&Ex&Chiller__PumpCtrl/NE-Chiller-CHWPumpCtrl-Full-Msr/instance-out.sql | B52: CZ13 | D52: 2636.73 | E52: 923.61 | G52: 0.013761 | H52: 0 | I52: 63418.88 | J52: 23792.96 | K52: 0 | L52: 29466.65 | M52: 0 | N52: 120835.48 | O52: 13121.38 | P52: 14142.55 | Q52: 0 | R52: 0 | S52: 0 | T52: 0 | U52: 0 | V52: 2332.81 | W52: 0 | X52: 0 | Y52: 0 | Z52: 0 | AA52: 0 | AB52: 0 | AC52: 0 | AD52: 0 | AE52: 0 | AF52: 0 | AG52: 4192.69 | AH52: 0 | AI52: 0 | AJ52: 1.9485747e+08
A53: runs/CZ13/Nrs&0&cPVVE&Ex&Chiller__PumpCtrl/NE-Chiller-CHWPumpCtrl-Full-Msr/instance-out.sql | B53: CZ13 | D53: 5826.28 | E53: 2040.85 | G53: 0.030408 | H53: 0 | I53: 309825.29 | J53: 201226.15 | K53: 0 | L53: 282049.05 | M53: 0 | N53: 154968.68 | O53: 27593.29 | P53: 28235.14 | Q53: 0 | R53: 0 | S53: 0 | T53: 0 | U53: 0 | V53: 241104.64 | W53: 0 | X53: 0 | Y53: 0 | Z53: 65854.75 | AA53: 0 | AB53: 0 | AC53: 0 | AD53: 0 | AE53: 0 | AF53: 0 | AG53: 111016.22 | AH53: 0 | AI53: 0 | AJ53: 7.3264394e+08
A54: runs/CZ13/Rt3&0&cPVVE&Ex&Chiller__PumpCtrl/NE-Chiller-PumpCtrl-Full-Std/instance-out.sql | B54: CZ13 | C54: 9318.95 | D54: 26603.98 | G54: 0.13885 | H54: 0 | I54: 1028708.7 | J54: 774617.57 | K54: 0 | L54: 436518 | M54: 0 | N54: 310721.51 | O54: 150801.36 | P54: 134122.23 | Q54: 0 | R54: 0 | S54: 0 | T54: 0 | U54: 0 | V54: 585010.42 | W54: 0 | X54: 0 | Y54: 0 | Z54: 0 | AA54: 0 | AB54: 0 | AC54: 0 | AD54: 0 | AE54: 0 | AF54: 0 | AG54: 155568.39 | AH54: 0 | AI54: 0 | AJ54: 2.8518896e+09
A55: runs/CZ13/OfL&0&cPVVE&Ex&Chiller__PumpCtrl/NE-Chiller-CHWPumpCtrl-Full-Msr/instance-out.sql | B55: CZ13 | D55: 35383.86 | E55: 12394.4 | G55: 0.184673 | H55: 0 | I55: 1147545.4 | J55: 463682.79 | K55: 0 | L55: 831153.37 | M55: 0 | N55: 294899.56 | O55: 255843.08 | P55: 264562.91 | Q55: 0 | R55: 0 | S55: 0 | T55: 0 | U55: 0 | V55: 818586.02 | W55: 0 | X55: 0 | Y55: 0 | Z55: 0 | AA55: 0 | AB55: 0 | AC55: 0 | AD55: 0 | AE55: 0 | AF55: 0 | AG55: 101808.44 | AH55: 0 | AI55: 0 | AJ55: 2.4600206e+09
A56: runs/CZ13/OfL&0&cPVVE&Ex&Chiller__PumpCtrl/NE-Chiller-PumpCtrl-Full-Std/instance-out.sql | B56: CZ13 | C56: 12394.4 | D56: 35383.86 | G56: 0.184673 | H56: 0 | I56: 1596406.4 | J56: 463682.79 | K56: 0 | L56: 831153.37 | M56: 0 | N56: 296285.1 | O56: 294770.34 | P56: 267815.71 | Q56: 0 | R56: 0 | S56: 0 | T56: 0 | U56: 0 | V56: 816726.22 | W56: 0 | X56: 0 | Y56: 0 | Z56: 0 | AA56: 0 | AB56: 0 | AC56: 0 | AD56: 0 | AE56: 0 | AF56: 0 | AG56: 101805.88 | AH56: 0 | AI56: 0 | AJ56: 3.0634016e+09
A57: runs/CZ13/Nrs&0&cPVVE&Ex&Chiller__PumpCtrl/NE-Chiller-PumpCtrl-Full-Std/instance-out.sql | B57: CZ13 | C57: 2040.85 | D57: 5826.28 | G57: 0.030408 | H57: 0 | I57: 360945.44 | J57: 201226.15 | K57: 0 | L57: 282049.05 | M57: 0 | N57: 154960.66 | O57: 30882.75 | P57: 28312.63 | Q57: 0 | R57: 0 | S57: 0 | T57: 0 | U57: 0 | V57: 240961.44 | W57: 0 | X57: 0 | Y57: 0 | Z57: 65854.75 | AA57: 0 | AB57: 0 | AC57: 0 | AD57: 0 | AE57: 0 | AF57: 0 | AG57: 111015.61 | AH57: 0 | AI57: 0 | AJ57: 7.5191384e+08
A58: runs/CZ13/Hsp&0&cPVVE&Ex&Chiller__PumpCtrl/NE-Chiller-PumpCtrl-Full-Std/instance-out.sql | B58: CZ13 | C58: 15428.13 | D58: 44044.61 | G58: 0.229875 | H58: 0 | I58: 2156110.1 | J58: 857863.39 | K58: 0 | L58: 1141299.4 | M58: 0 | N58: 623386.3 | O58: 473706.58 | P58: 428939.12 | Q58: 0 | R58: 0 | S58: 0 | T58: 0 | U58: 0 | V58: 1357934 | W58: 0 | X58: 0 | Y58: 0 | Z58: 43737.51 | AA58: 0 | AB58: 0 | AC58: 0 | AD58: 0 | AE58: 0 | AF58: 0 | AG58: 241881.52 | AH58: 0 | AI58: 0 | AJ58: 3.7235069e+09
A59: runs/CZ13/Hsp&0&cPVVE&Ex&Chiller__PumpCtrl/NE-Chiller-CHWPumpCtrl-Full-Msr/instance-out.sql | B59: CZ13 | D59: 44044.61 | E59: 15428.13 | G59: 0.229875 | H59: 0 | I59: 1867954.2 | J59: 857863.39 | K59: 0 | L59: 1141299.4 | M59: 0 | N59: 622451.42 | O59: 408124.91 | P59: 414570.13 | Q59: 0 | R59: 0 | S59: 0 | T59: 0 | U59: 0 | V59: 1361497.3 | W59: 0 | X59: 0 | Y59: 0 | Z59: 43737.51 | AA59: 0 | AB59: 0 | AC59: 0 | AD59: 0 | AE59: 0 | AF59: 0 | AG59: 241875.48 | AH59: 0 | AI59: 0 | AJ59: 3.6435028e+09
A60: runs/CZ13/EUn&0&cPVVE&Ex&Chiller__PumpCtrl/NE-Chiller-CHWPumpCtrl-Full-Msr/instance-out.sql | B60: CZ13 | D60: 88225.95 | E60: 30904.15 | G60: 0.460463 | H60: 0 | I60: 3250487.1 | J60: 1274541.2 | K60: 0 | L60: 3553012.2 | M60: 0 | N60: 1474166.2 | O60: 463485.34 | P60: 480874.56 | Q60: 0 | R60: 0 | S60: 0 | T60: 0 | U60: 0 | V60: 1886995.5 | W60: 0 | X60: 0 | Y60: 0 | Z60: 127428.8 | AA60: 0 | AB60: 0 | AC60: 0 | AD60: 0 | AE60: 0 | AF60: 0 | AG60: 647908.91 | AH60: 0 | AI60: 0 | AJ60: 8.280823e+09
A61: runs/CZ13/ESe&0&cPVVE&Ex&Chiller__PumpCtrl/NE-Chiller-CHWPumpCtrl-Full-Msr/instance-out.sql | B61: CZ13 | D61: 6335.18 | E61: 2219.11 | G61: 0.033064 | H61: 0 | I61: 352129.46 | J61: 197273.03 | K61: 0 | L61: 258328.15 | M61: 0 | N61: 357884.67 | O61: 30021.48 | P61: 31339.99 | Q61: 0 | R61: 0 | S61: 0 | T61: 0 | U61: 0 | V61: 127401.18 | W61: 0 | X61: 0 | Y61: 0 | Z61: 64094.3 | AA61: 0 | AB61: 0 | AC61: 0 | AD61: 0 | AE61: 0 | AF61: 0 | AG61: 204220.03 | AH61: 0 | AI61: 0 | AJ61: 1.1558573e+09
A62: runs/CZ13/EUn&0&cPVVE&Ex&Chiller__PumpCtrl/NE-Chiller-PumpCtrl-Full-Std/instance-out.sql | B62: CZ13 | C62: 30904.15 | D62: 88225.95 | G62: 0.460463 | H62: 0 | I62: 3966328.8 | J62: 1274541.2 | K62: 0 | L62: 3553012.2 | M62: 0 | N62: 1475492.9 | O62: 528562.67 | P62: 483707.46 | Q62: 0 | R62: 0 | S62: 0 | T62: 0 | U62: 0 | V62: 1884662.4 | W62: 0 | X62: 0 | Y62: 0 | Z62: 127428.8 | AA62: 0 | AB62: 0 | AC62: 0 | AD62: 0 | AE62: 0 | AF62: 0 | AG62: 647903.98 | AH62: 0 | AI62: 0 | AJ62: 8.6247784e+09
A63: runs/CZ13/ECC&0&cPVVE&Ex&Chiller__PumpCtrl/NE-Chiller-PumpCtrl-Full-Std/instance-out.sql | B63: CZ13 | C63: 13632.7 | D63: 38918.98 | G63: 0.203123 | H63: 0 | I63: 1583744.2 | J63: 350734.07 | K63: 0 | L63: 936314.72 | M63: 0 | N63: 419976.82 | O63: 355528.33 | P63: 325296 | Q63: 0 | R63: 0 | S63: 0 | T63: 0 | U63: 0 | V63: 389960.24 | W63: 0 | X63: 0 | Y63: 0 | Z63: 68627.6 | AA63: 0 | AB63: 0 | AC63: 0 | AD63: 0 | AE63: 0 | AF63: 0 | AG63: 424533.3 | AH63: 0 | AI63: 0 | AJ63: 3.1133506e+09
A64: runs/CZ12/Rt3&0&cPVVE&Ex&Chiller__PumpCtrl/NE-Chiller-PumpCtrl-Full-Std/instance-out.sql | B64: CZ12 | C64: 8858.16 | D64: 25288.49 | G64: 0.131984 | H64: 0 | I64: 872607.89 | J64: 774617.57 | K64: 0 | L64: 436518 | M64: 0 | N64: 279436.59 | O64: 136846.5 | P64: 119270.57 | Q64: 0 | R64: 0 | S64: 0 | T64: 0 | U64: 0 | V64: 580418.37 | W64: 0 | X64: 0 | Y64: 0 | Z64: 0 | AA64: 0 | AB64: 0 | AC64: 0 | AD64: 0 | AE64: 0 | AF64: 0 | AG64: 164667.68 | AH64: 0 | AI64: 0 | AJ64: 2.7296557e+09
A65: runs/CZ12/OfS&0&cPVVE&Ex&Chiller__PumpCtrl/NE-Chiller-CHWPumpCtrl-Full-Msr/instance-out.sql | B65: CZ12 | D65: 2540.72 | E65: 889.97 | G65: 0.01326 | H65: 0 | I65: 48025.77 | J65: 23792.96 | K65: 0 | L65: 29466.65 | M65: 0 | N65: 113959.13 | O65: 11305.28 | P65: 11727.66 | Q65: 0 | R65: 0 | S65: 0 | T65: 0 | U65: 0 | V65: 3587.08 | W65: 0 | X65: 0 | Y65: 0 | Z65: 0 | AA65: 0 | AB65: 0 | AC65: 0 | AD65: 0 | AE65: 0 | AF65: 0 | AG65: 4403.43 | AH65: 0 | AI65: 0 | AJ65: 1.8170018e+08
A66: runs/CZ13/ESe&0&cPVVE&Ex&Chiller__PumpCtrl/NE-Chiller-PumpCtrl-Full-Std/instance-out.sql | B66: CZ13 | C66: 2219.11 | D66: 6335.18 | G66: 0.033064 | H66: 0 | I66: 412197.4 | J66: 197273.03 | K66: 0 | L66: 258328.15 | M66: 0 | N66: 357421.81 | O66: 34424.26 | P66: 31540.07 | Q66: 0 | R66: 0 | S66: 0 | T66: 0 | U66: 0 | V66: 127457.62 | W66: 0 | X66: 0 | Y66: 0 | Z66: 64094.3 | AA66: 0 | AB66: 0 | AC66: 0 | AD66: 0 | AE66: 0 | AF66: 0 | AG66: 204221.71 | AH66: 0 | AI66: 0 | AJ66: 1.2170686e+09
A67: runs/CZ12/Rt3&0&cPVVE&Ex&Chiller__PumpCtrl/NE-Chiller-CHWPumpCtrl-Full-Msr/instance-out.sql | B67: CZ12 | D67: 25288.49 | E67: 8858.16 | G67: 0.131984 | H67: 0 | I67: 814977.96 | J67: 774617.57 | K67: 0 | L67: 436518 | M67: 0 | N67: 279486.86 | O67: 119397.95 | P67: 115549.93 | Q67: 0 | R67: 0 | S67: 0 | T67: 0 | U67: 0 | V67: 580184.77 | W67: 0 | X67: 0 | Y67: 0 | Z67: 0 | AA67: 0 | AB67: 0 | AC67: 0 | AD67: 0 | AE67: 0 | AF67: 0 | AG67: 164668.16 | AH67: 0 | AI67: 0 | AJ67: 2.7467033e+09
A68: runs/CZ13/ECC&0&cPVVE&Ex&Chiller__PumpCtrl/NE-Chiller-CHWPumpCtrl-Full-Msr/instance-out.sql | B68: CZ13 | D68: 38918.98 | E68: 13632.7 | G68: 0.203123 | H68: 0 | I68: 978290.53 | J68: 350734.07 | K68: 0 | L68: 936314.72 | M68: 0 | N68: 419937.15 | O68: 297478.71 | P68: 314677.96 | Q68: 0 | R68: 0 | S68: 0 | T68: 0 | U68: 0 | V68: 390302.86 | W68: 0 | X68: 0 | Y68: 0 | Z68: 68627.6 | AA68: 0 | AB68: 0 | AC68: 0 | AD68: 0 | AE68: 0 | AF68: 0 | AG68: 424513.75 | AH68: 0 | AI68: 0 | AJ68: 2.5682598e+09
A69: runs/CZ12/OfS&0&cPVVE&Ex&Chiller__PumpCtrl/NE-Chiller-PumpCtrl-Full-Std/instance-out.sql | B69: CZ12 | C69: 889.97 | D69: 2540.72 | G69: 0.01326 | H69: 0 | I69: 75175.54 | J69: 23792.96 | K69: 0 | L69: 29466.65 | M69: 0 | N69: 113959.21 | O69: 15611.49 | P69: 12862.67 | Q69: 0 | R69: 0 | S69: 0 | T69: 0 | U69: 0 | V69: 3587.06 | W69: 0 | X69: 0 | Y69: 0 | Z69: 0 | AA69: 0 | AB69: 0 | AC69: 0 | AD69: 0 | AE69: 0 | AF69: 0 | AG69: 4403.42 | AH69: 0 | AI69: 0 | AJ69: 2.3665669e+08
A70: runs/CZ12/OfL&0&cPVVE&Ex&Chiller__PumpCtrl/NE-Chiller-PumpCtrl-Full-Std/instance-out.sql | B70: CZ12 | C70: 12106.63 | D70: 34562.33 | G70: 0.180386 | H70: 0 | I70: 1341565.9 | J70: 463682.79 | K70: 0 | L70: 831153.37 | M70: 0 | N70: 272988.51 | O70: 278407.34 | P70: 247020.75 | Q70: 0 | R70: 0 | S70: 0 | T70: 0 | U70: 0 | V70: 841582.42 | W70: 0 | X70: 0 | Y70: 0 | Z70: 0 | AA70: 0 | AB70: 0 | AC70: 0 | AD70: 0 | AE70: 0 | AF70: 0 | AG70: 107768.44 | AH70: 0 | AI70: 0 | AJ70: 2.9363228e+09
A71: runs/CZ12/OfL&0&cPVVE&Ex&Chiller__PumpCtrl/NE-Chiller-CHWPumpCtrl-Full-Msr/instance-out.sql | B71: CZ12 | D71: 34562.33 | E71: 12106.63 | G71: 0.180386 | H71: 0 | I71: 988686.77 | J71: 463682.79 | K71: 0 | L71: 831153.37 | M71: 0 | N71: 271518.56 | O71: 240090.39 | P71: 241439.23 | Q71: 0 | R71: 0 | S71: 0 | T71: 0 | U71: 0 | V71: 843666.37 | W71: 0 | X71: 0 | Y71: 0 | Z71: 0 | AA71: 0 | AB71: 0 | AC71: 0 | AD71: 0 | AE71: 0 | AF71: 0 | AG71: 107763.32 | AH71: 0 | AI71: 0 | AJ71: 2.3181411e+09
A72: runs/CZ12/Nrs&0&cPVVE&Ex&Chiller__PumpCtrl/NE-Chiller-CHWPumpCtrl-Full-Msr/instance-out.sql | B72: CZ12 | D72: 5599.86 | E72: 1961.54 | G72: 0.029226 | H72: 0 | I72: 247420.74 | J72: 201226.15 | K72: 0 | L72: 282049.05 | M72: 0 | N72: 135146.82 | O72: 24485.06 | P72: 24657.01 | Q72: 0 | R72: 0 | S72: 0 | T72: 0 | U72: 0 | V72: 235114.43 | W72: 0 | X72: 0 | Y72: 0 | Z72: 65854.75 | AA72: 0 | AB72: 0 | AC72: 0 | AD72: 0 | AE72: 0 | AF72: 0 | AG72: 117531.44 | AH72: 0 | AI72: 0 | AJ72: 6.5539727e+08
A73: runs/CZ12/Nrs&0&cPVVE&Ex&Chiller__PumpCtrl/NE-Chiller-PumpCtrl-Full-Std/instance-out.sql | B73: CZ12 | C73: 1961.54 | D73: 5599.86 | G73: 0.029226 | H73: 0 | I73: 288048.64 | J73: 201226.15 | K73: 0 | L73: 282049.05 | M73: 0 | N73: 135156.62 | O73: 27487.66 | P73: 24755 | Q73: 0 | R73: 0 | S73: 0 | T73: 0 | U73: 0 | V73: 234984.06 | W73: 0 | X73: 0 | Y73: 0 | Z73: 65854.75 | AA73: 0 | AB73: 0 | AC73: 0 | AD73: 0 | AE73: 0 | AF73: 0 | AG73: 117529.83 | AH73: 0 | AI73: 0 | AJ73: 6.9637003e+08
A74: runs/CZ12/Hsp&0&cPVVE&Ex&Chiller__PumpCtrl/NE-Chiller-CHWPumpCtrl-Full-Msr/instance-out.sql | B74: CZ12 | D74: 42624.6 | E74: 14930.72 | G74: 0.222464 | H74: 0 | I74: 1550708.5 | J74: 857863.39 | K74: 0 | L74: 1141299.4 | M74: 0 | N74: 551820.42 | O74: 385174.91 | P74: 383505.49 | Q74: 0 | R74: 0 | S74: 0 | T74: 0 | U74: 0 | V74: 1267360.1 | W74: 0 | X74: 0 | Y74: 0 | Z74: 43737.51 | AA74: 0 | AB74: 0 | AC74: 0 | AD74: 0 | AE74: 0 | AF74: 0 | AG74: 256106.83 | AH74: 0 | AI74: 0 | AJ74: 3.4984175e+09
A75: runs/CZ12/Hsp&0&cPVVE&Ex&Chiller__PumpCtrl/NE-Chiller-PumpCtrl-Full-Std/instance-out.sql | B75: CZ12 | C75: 14930.72 | D75: 42624.6 | G75: 0.222464 | H75: 0 | I75: 1791928.1 | J75: 857863.39 | K75: 0 | L75: 1141299.4 | M75: 0 | N75: 552696.89 | O75: 450381.84 | P75: 400124.3 | Q75: 0 | R75: 0 | S75: 0 | T75: 0 | U75: 0 | V75: 1262619.8 | W75: 0 | X75: 0 | Y75: 0 | Z75: 43737.51 | AA75: 0 | AB75: 0 | AC75: 0 | AD75: 0 | AE75: 0 | AF75: 0 | AG75: 256096.06 | AH75: 0 | AI75: 0 | AJ75: 3.5684297e+09
A76: runs/CZ12/ESe&0&cPVVE&Ex&Chiller__PumpCtrl/NE-Chiller-CHWPumpCtrl-Full-Msr/instance-out.sql | B76: CZ12 | D76: 6072.64 | E76: 2127.15 | G76: 0.031694 | H76: 0 | I76: 289235.3 | J76: 197273.03 | K76: 0 | L76: 258328.15 | M76: 0 | N76: 358177.56 | O76: 27447.31 | P76: 28161.76 | Q76: 0 | R76: 0 | S76: 0 | T76: 0 | U76: 0 | V76: 174934.88 | W76: 0 | X76: 0 | Y76: 0 | Z76: 64094.3 | AA76: 0 | AB76: 0 | AC76: 0 | AD76: 0 | AE76: 0 | AF76: 0 | AG76: 216287.01 | AH76: 0 | AI76: 0 | AJ76: 1.0873161e+09
A77: runs/CZ12/ESe&0&cPVVE&Ex&Chiller__PumpCtrl/NE-Chiller-PumpCtrl-Full-Std/instance-out.sql | B77: CZ12 | C77: 2127.15 | D77: 6072.64 | G77: 0.031694 | H77: 0 | I77: 331112.85 | J77: 197273.03 | K77: 0 | L77: 258328.15 | M77: 0 | N77: 358069.15 | O77: 31403.52 | P77: 28401.48 | Q77: 0 | R77: 0 | S77: 0 | T77: 0 | U77: 0 | V77: 174716.01 | W77: 0 | X77: 0 | Y77: 0 | Z77: 64094.3 | AA77: 0 | AB77: 0 | AC77: 0 | AD77: 0 | AE77: 0 | AF77: 0 | AG77: 216288.73 | AH77: 0 | AI77: 0 | AJ77: 1.1410693e+09
A78: runs/CZ12/EUn&0&cPVVE&Ex&Chiller__PumpCtrl/NE-Chiller-CHWPumpCtrl-Full-Msr/instance-out.sql | B78: CZ12 | D78: 85754.95 | E78: 30038.59 | G78: 0.447567 | H78: 0 | I78: 2726797.1 | J78: 1274541.2 | K78: 0 | L78: 3553012.2 | M78: 0 | N78: 1379515.1 | O78: 416269.51 | P78: 424079.05 | Q78: 0 | R78: 0 | S78: 0 | T78: 0 | U78: 0 | V78: 1821785.2 | W78: 0 | X78: 0 | Y78: 0 | Z78: 127428.8 | AA78: 0 | AB78: 0 | AC78: 0 | AD78: 0 | AE78: 0 | AF78: 0 | AG78: 686831.78 | AH78: 0 | AI78: 0 | AJ78: 7.8977591e+09
A79: runs/CZ12/EUn&0&cPVVE&Ex&Chiller__PumpCtrl/NE-Chiller-PumpCtrl-Full-Std/instance-out.sql | B79: CZ12 | C79: 30038.59 | D79: 85754.95 | G79: 0.447567 | H79: 0 | I79: 3252135.9 | J79: 1274541.2 | K79: 0 | L79: 3553012.2 | M79: 0 | N79: 1380035.1 | O79: 474682.55 | P79: 428161.14 | Q79: 0 | R79: 0 | S79: 0 | T79: 0 | U79: 0 | V79: 1818347.4 | W79: 0 | X79: 0 | Y79: 0 | Z79: 127428.8 | AA79: 0 | AB79: 0 | AC79: 0 | AD79: 0 | AE79: 0 | AF79: 0 | AG79: 686940.41 | AH79: 0 | AI79: 0 | AJ79: 8.291181e+09
A80: runs/CZ12/ECC&0&cPVVE&Ex&Chiller__PumpCtrl/NE-Chiller-CHWPumpCtrl-Full-Msr/instance-out.sql | B80: CZ12 | D80: 37713.24 | E80: 13210.35 | G80: 0.196831 | H80: 0 | I80: 866223.47 | J80: 350734.07 | K80: 0 | L80: 936314.72 | M80: 0 | N80: 459640.08 | O80: 278377.15 | P80: 286568.28 | Q80: 0 | R80: 0 | S80: 0 | T80: 0 | U80: 0 | V80: 641165.73 | W80: 0 | X80: 0 | Y80: 0 | Z80: 68627.6 | AA80: 0 | AB80: 0 | AC80: 0 | AD80: 0 | AE80: 0 | AF80: 0 | AG80: 450758.13 | AH80: 0 | AI80: 0 | AJ80: 2.5477718e+09
A81: runs/CZ12/ECC&0&cPVVE&Ex&Chiller__PumpCtrl/NE-Chiller-PumpCtrl-Full-Std/instance-out.sql | B81: CZ12 | C81: 13210.35 | D81: 37713.24 | G81: 0.196831 | H81: 0 | I81: 1414479.5 | J81: 350734.07 | K81: 0 | L81: 936314.72 | M81: 0 | N81: 459700.04 | O81: 332815.14 | P81: 300040.14 | Q81: 0 | R81: 0 | S81: 0 | T81: 0 | U81: 0 | V81: 641139.25 | W81: 0 | X81: 0 | Y81: 0 | Z81: 68627.6 | AA81: 0 | AB81: 0 | AC81: 0 | AD81: 0 | AE81: 0 | AF81: 0 | AG81: 450768.63 | AH81: 0 | AI81: 0 | AJ81: 3.0144716e+09
A82: runs/CZ11/Rt3&0&cPVVE&Ex&Chiller__PumpCtrl/NE-Chiller-PumpCtrl-Full-Std/instance-out.sql | B82: CZ11 | C82: 9159.27 | D82: 26148.13 | G82: 0.136471 | H82: 0 | I82: 921282.73 | J82: 774617.57 | K82: 0 | L82: 436518 | M82: 0 | N82: 300420.83 | O82: 144250.7 | P82: 126270.55 | Q82: 0 | R82: 0 | S82: 0 | T82: 0 | U82: 0 | V82: 666036.99 | W82: 0 | X82: 0 | Y82: 0 | Z82: 0 | AA82: 0 | AB82: 0 | AC82: 0 | AD82: 0 | AE82: 0 | AF82: 0 | AG82: 160208.7 | AH82: 0 | AI82: 0 | AJ82: 2.7954708e+09
A83: runs/CZ11/Rt3&0&cPVVE&Ex&Chiller__PumpCtrl/NE-Chiller-CHWPumpCtrl-Full-Msr/instance-out.sql | B83: CZ11 | D83: 26148.13 | E83: 9159.27 | G83: 0.136471 | H83: 0 | I83: 837398.57 | J83: 774617.57 | K83: 0 | L83: 436518 | M83: 0 | N83: 300448.65 | O83: 126002.23 | P83: 122753.66 | Q83: 0 | R83: 0 | S83: 0 | T83: 0 | U83: 0 | V83: 665628.11 | W83: 0 | X83: 0 | Y83: 0 | Z83: 0 | AA83: 0 | AB83: 0 | AC83: 0 | AD83: 0 | AE83: 0 | AF83: 0 | AG83: 160206.15 | AH83: 0 | AI83: 0 | AJ83: 2.8010857e+09
A84: runs/CZ11/OfS&0&cPVVE&Ex&Chiller__PumpCtrl/NE-Chiller-CHWPumpCtrl-Full-Msr/instance-out.sql | B84: CZ11 | D84: 2712.56 | E84: 950.17 | G84: 0.014157 | H84: 0 | I84: 58448.42 | J84: 23792.96 | K84: 0 | L84: 29466.65 | M84: 0 | N84: 125539.7 | O84: 13149.77 | P84: 13842.17 | Q84: 0 | R84: 0 | S84: 0 | T84: 0 | U84: 0 | V84: 3445.22 | W84: 0 | X84: 0 | Y84: 0 | Z84: 0 | AA84: 0 | AB84: 0 | AC84: 0 | AD84: 0 | AE84: 0 | AF84: 0 | AG84: 4300.14 | AH84: 0 | AI84: 0 | AJ84: 2.1022129e+08
A85: runs/CZ11/OfL&0&cPVVE&Ex&Chiller__PumpCtrl/NE-Chiller-CHWPumpCtrl-Full-Msr/instance-out.sql | B85: CZ11 | D85: 35797.56 | E85: 12539.31 | G85: 0.186832 | H85: 0 | I85: 1059192.3 | J85: 463682.79 | K85: 0 | L85: 831153.37 | M85: 0 | N85: 290517.1 | O85: 250776.28 | P85: 254285.53 | Q85: 0 | R85: 0 | S85: 0 | T85: 0 | U85: 0 | V85: 972847.76 | W85: 0 | X85: 0 | Y85: 0 | Z85: 0 | AA85: 0 | AB85: 0 | AC85: 0 | AD85: 0 | AE85: 0 | AF85: 0 | AG85: 104844.23 | AH85: 0 | AI85: 0 | AJ85: 2.3770754e+09
A86: runs/CZ11/OfS&0&cPVVE&Ex&Chiller__PumpCtrl/NE-Chiller-PumpCtrl-Full-Std/instance-out.sql | B86: CZ11 | C86: 950.17 | D86: 2712.56 | G86: 0.014157 | H86: 0 | I86: 89916.05 | J86: 23792.96 | K86: 0 | L86: 29466.65 | M86: 0 | N86: 125539.99 | O86: 17988.74 | P86: 15129.52 | Q86: 0 | R86: 0 | S86: 0 | T86: 0 | U86: 0 | V86: 3445.22 | W86: 0 | X86: 0 | Y86: 0 | Z86: 0 | AA86: 0 | AB86: 0 | AC86: 0 | AD86: 0 | AE86: 0 | AF86: 0 | AG86: 4300.14 | AH86: 0 | AI86: 0 | AJ86: 2.48406e+08
A87: runs/CZ11/OfL&0&cPVVE&Ex&Chiller__PumpCtrl/NE-Chiller-PumpCtrl-Full-Std/instance-out.sql | B87: CZ11 | C87: 12539.31 | D87: 35797.56 | G87: 0.186832 | H87: 0 | I87: 1460746.8 | J87: 463682.79 | K87: 0 | L87: 831153.37 | M87: 0 | N87: 292110.81 | O87: 289813.93 | P87: 258441.6 | Q87: 0 | R87: 0 | S87: 0 | T87: 0 | U87: 0 | V87: 970577.35 | W87: 0 | X87: 0 | Y87: 0 | Z87: 0 | AA87: 0 | AB87: 0 | AC87: 0 | AD87: 0 | AE87: 0 | AF87: 0 | AG87: 104843.26 | AH87: 0 | AI87: 0 | AJ87: 2.934981e+09
A88: runs/CZ11/Nrs&0&cPVVE&Ex&Chiller__PumpCtrl/NE-Chiller-CHWPumpCtrl-Full-Msr/instance-out.sql | B88: CZ11 | D88: 5807.66 | E88: 2034.33 | G88: 0.030311 | H88: 0 | I88: 283347.42 | J88: 201226.15 | K88: 0 | L88: 282049.05 | M88: 0 | N88: 153230.05 | O88: 25689.62 | P88: 26135.76 | Q88: 0 | R88: 0 | S88: 0 | T88: 0 | U88: 0 | V88: 299776.57 | W88: 0 | X88: 0 | Y88: 0 | Z88: 65854.75 | AA88: 0 | AB88: 0 | AC88: 0 | AD88: 0 | AE88: 0 | AF88: 0 | AG88: 114330.42 | AH88: 0 | AI88: 0 | AJ88: 6.9049089e+08
A89: runs/CZ11/Nrs&0&cPVVE&Ex&Chiller__PumpCtrl/NE-Chiller-PumpCtrl-Full-Std/instance-out.sql | B89: CZ11 | C89: 2034.33 | D89: 5807.66 | G89: 0.030311 | H89: 0 | I89: 329504.88 | J89: 201226.15 | K89: 0 | L89: 282049.05 | M89: 0 | N89: 153227.72 | O89: 28885.39 | P89: 26210.73 | Q89: 0 | R89: 0 | S89: 0 | T89: 0 | U89: 0 | V89: 299651.41 | W89: 0 | X89: 0 | Y89: 0 | Z89: 65854.75 | AA89: 0 | AB89: 0 | AC89: 0 | AD89: 0 | AE89: 0 | AF89: 0 | AG89: 114325.87 | AH89: 0 | AI89: 0 | AJ89: 7.3250574e+08
A90: runs/CZ11/Hsp&0&cPVVE&Ex&Chiller__PumpCtrl/NE-Chiller-CHWPumpCtrl-Full-Msr/instance-out.sql | B90: CZ11 | D90: 43590.66 | E90: 15269.12 | G90: 0.227506 | H90: 0 | I90: 1667231.4 | J90: 857863.39 | K90: 0 | L90: 1141299.4 | M90: 0 | N90: 601292.77 | O90: 400455.01 | P90: 396912.66 | Q90: 0 | R90: 0 | S90: 0 | T90: 0 | U90: 0 | V90: 1478601.7 | W90: 0 | X90: 0 | Y90: 0 | Z90: 43737.51 | AA90: 0 | AB90: 0 | AC90: 0 | AD90: 0 | AE90: 0 | AF90: 0 | AG90: 249112.05 | AH90: 0 | AI90: 0 | AJ90: 3.4149734e+09
A91: runs/CZ11/Hsp&0&cPVVE&Ex&Chiller__PumpCtrl/NE-Chiller-PumpCtrl-Full-Std/instance-out.sql | B91: CZ11 | C91: 15269.12 | D91: 43590.66 | G91: 0.227506 | H91: 0 | I91: 1941455.5 | J91: 857863.39 | K91: 0 | L91: 1141299.4 | M91: 0 | N91: 602585.98 | O91: 467671.41 | P91: 411873.7 | Q91: 0 | R91: 0 | S91: 0 | T91: 0 | U91: 0 | V91: 1473011.2 | W91: 0 | X91: 0 | Y91: 0 | Z91: 43737.51 | AA91: 0 | AB91: 0 | AC91: 0 | AD91: 0 | AE91: 0 | AF91: 0 | AG91: 249128.61 | AH91: 0 | AI91: 0 | AJ91: 3.534765e+09
A92: runs/CZ11/ESe&0&cPVVE&Ex&Chiller__PumpCtrl/NE-Chiller-CHWPumpCtrl-Full-Msr/instance-out.sql | B92: CZ11 | D92: 6320.86 | E92: 2214.1 | G92: 0.032989 | H92: 0 | I92: 314937.74 | J92: 197273.03 | K92: 0 | L92: 258328.15 | M92: 0 | N92: 372266.13 | O92: 28437.32 | P92: 29603.3 | Q92: 0 | R92: 0 | S92: 0 | T92: 0 | U92: 0 | V92: 160538 | W92: 0 | X92: 0 | Y92: 0 | Z92: 64094.3 | AA92: 0 | AB92: 0 | AC92: 0 | AD92: 0 | AE92: 0 | AF92: 0 | AG92: 210325.89 | AH92: 0 | AI92: 0 | AJ92: 1.1387664e+09
A93: runs/CZ11/ESe&0&cPVVE&Ex&Chiller__PumpCtrl/NE-Chiller-PumpCtrl-Full-Std/instance-out.sql | B93: CZ11 | C93: 2214.1 | D93: 6320.86 | G93: 0.032989 | H93: 0 | I93: 373140.9 | J93: 197273.03 | K93: 0 | L93: 258328.15 | M93: 0 | N93: 372354.54 | O93: 32680.72 | P93: 29823.32 | Q93: 0 | R93: 0 | S93: 0 | T93: 0 | U93: 0 | V93: 160689.33 | W93: 0 | X93: 0 | Y93: 0 | Z93: 64094.3 | AA93: 0 | AB93: 0 | AC93: 0 | AD93: 0 | AE93: 0 | AF93: 0 | AG93: 210329.34 | AH93: 0 | AI93: 0 | AJ93: 1.2194759e+09
A94: runs/CZ11/EUn&0&cPVVE&Ex&Chiller__PumpCtrl/NE-Chiller-CHWPumpCtrl-Full-Msr/instance-out.sql | B94: CZ11 | D94: 87782.25 | E94: 30748.73 | G94: 0.458148 | H94: 0 | I94: 2873241.3 | J94: 1274541.2 | K94: 0 | L94: 3553012.2 | M94: 0 | N94: 1440160 | O94: 433116 | P94: 444328.78 | Q94: 0 | R94: 0 | S94: 0 | T94: 0 | U94: 0 | V94: 2054564.7 | W94: 0 | X94: 0 | Y94: 0 | Z94: 127428.8 | AA94: 0 | AB94: 0 | AC94: 0 | AD94: 0 | AE94: 0 | AF94: 0 | AG94: 667526.85 | AH94: 0 | AI94: 0 | AJ94: 7.584456e+09
A95: runs/CZ11/ECC&0&cPVVE&Ex&Chiller__PumpCtrl/NE-Chiller-PumpCtrl-Full-Std/instance-out.sql | B95: CZ11 | C95: 13542.45 | D95: 38661.34 | G95: 0.201779 | H95: 0 | I95: 1412623.3 | J95: 350734.07 | K95: 0 | L95: 936314.72 | M95: 0 | N95: 415394.84 | O95: 337751.16 | P95: 305855 | Q95: 0 | R95: 0 | S95: 0 | T95: 0 | U95: 0 | V95: 451803.81 | W95: 0 | X95: 0 | Y95: 0 | Z95: 68627.6 | AA95: 0 | AB95: 0 | AC95: 0 | AD95: 0 | AE95: 0 | AF95: 0 | AG95: 437501.61 | AH95: 0 | AI95: 0 | AJ95: 2.9269151e+09
A96: runs/CZ11/EUn&0&cPVVE&Ex&Chiller__PumpCtrl/NE-Chiller-PumpCtrl-Full-Std/instance-out.sql | B96: CZ11 | C96: 30748.73 | D96: 87782.25 | G96: 0.458148 | H96: 0 | I96: 3534906.9 | J96: 1274541.2 | K96: 0 | L96: 3553012.2 | M96: 0 | N96: 1441465.9 | O96: 494354.44 | P96: 446912.93 | Q96: 0 | R96: 0 | S96: 0 | T96: 0 | U96: 0 | V96: 2046069.8 | W96: 0 | X96: 0 | Y96: 0 | Z96: 127428.8 | AA96: 0 | AB96: 0 | AC96: 0 | AD96: 0 | AE96: 0 | AF96: 0 | AG96: 667529.87 | AH96: 0 | AI96: 0 | AJ96: 8.2576757e+09
A97: runs/CZ10/Rt3&0&cPVVE&Ex&Chiller__PumpCtrl/NE-Chiller-PumpCtrl-Full-Std/instance-out.sql | B97: CZ10 | C97: 9697.85 | D97: 27685.68 | G97: 0.144495 | H97: 0 | I97: 1124942.4 | J97: 774617.57 | K97: 0 | L97: 436518 | M97: 0 | N97: 321636.73 | O97: 172538.59 | P97: 154347.92 | Q97: 0 | R97: 0 | S97: 0 | T97: 0 | U97: 0 | V97: 678917.41 | W97: 0 | X97: 0 | Y97: 0 | Z97: 0 | AA97: 0 | AB97: 0 | AC97: 0 | AD97: 0 | AE97: 0 | AF97: 0 | AG97: 156630.51 | AH97: 0 | AI97: 0 | AJ97: 2.8050443e+09
A98: runs/CZ11/ECC&0&cPVVE&Ex&Chiller__PumpCtrl/NE-Chiller-CHWPumpCtrl-Full-Msr/instance-out.sql | B98: CZ11 | D98: 38661.34 | E98: 13542.45 | G98: 0.201779 | H98: 0 | I98: 989445.66 | J98: 350734.07 | K98: 0 | L98: 936314.72 | M98: 0 | N98: 415757.44 | O98: 286246.05 | P98: 294471.4 | Q98: 0 | R98: 0 | S98: 0 | T98: 0 | U98: 0 | V98: 449792.58 | W98: 0 | X98: 0 | Y98: 0 | Z98: 68627.6 | AA98: 0 | AB98: 0 | AC98: 0 | AD98: 0 | AE98: 0 | AF98: 0 | AG98: 437501.42 | AH98: 0 | AI98: 0 | AJ98: 2.6826704e+09
A99: runs/CZ10/Rt3&0&cPVVE&Ex&Chiller__PumpCtrl/NE-Chiller-CHWPumpCtrl-Full-Msr/instance-out.sql | B99: CZ10 | D99: 27685.68 | E99: 9697.85 | G99: 0.144495 | H99: 0 | I99: 964300.21 | J99: 774617.57 | K99: 0 | L99: 436518 | M99: 0 | N99: 321661.37 | O99: 149482.11 | P99: 150205.42 | Q99: 0 | R99: 0 | S99: 0 | T99: 0 | U99: 0 | V99: 677930.11 | W99: 0 | X99: 0 | Y99: 0 | Z99: 0 | AA99: 0 | AB99: 0 | AC99: 0 | AD99: 0 | AE99: 0 | AF99: 0 | AG99: 156627.68 | AH99: 0 | AI99: 0 | AJ99: 2.7724974e+09
A100: runs/CZ10/OfL&0&cPVVE&Ex&Chiller__PumpCtrl/NE-Chiller-CHWPumpCtrl-Full-Msr/instance-out.sql | B100: CZ10 | D100: 33861.05 | E100: 11860.99 | G100: 0.176725 | H100: 0 | I100: 1107039.2 | J100: 463682.79 | K100: 0 | L100: 831153.37 | M100: 0 | N100: 293760.55 | O100: 266816.77 | P100: 279539.23 | Q100: 0 | R100: 0 | S100: 0 | T100: 0 | U100: 0 | V100: 687865.48 | W100: 0 | X100: 0 | Y100: 0 | Z100: 0 | AA100: 0 | AB100: 0 | AC100: 0 | AD100: 0 | AE100: 0 | AF100: 0 | AG100: 102507.42 | AH100: 0 | AI100: 0 | AJ100: 2.0913668e+09
...

Sheet Central Plant_New
A1: File Name | B1: BldgLoc | C1: CHW Pump Power (Constant) | D1: CW Pump Power (Constant) | E1: CHW Pump Power (Variable) | F1: CW Pump Power (Variable) | G1: CW Design Flow Rate (constant) (m3/s) | H1: Electricity/Heating | I1: Electricity/Cooling | J1: Electricity/Interior Lighting | K1: Electricity/Exterior Lighting | L1: Electricity/Interior Equipment | M1: Electricity/Exterior Equipment | N1: Electricity/Fans | O1: Electricity/Pumps | P1: Electricity/Heat Rejection | Q1: Electricity/Humidification | R1: Electricity/Heat Recovery | S1: Electricity/Water Systems | T1: Electricity/Refrigeration | U1: Electricity/Generators | V1: Natural Gas/Heating | W1: Natural Gas/Cooling | X1: Natural Gas/Interior Lighting | Y1: Natural Gas/Exterior Lighting | Z1: Natural Gas/Interior Equipment | AA1: Natural Gas/Exterior Equipment | AB1: Natural Gas/Fans | AC1: Natural Gas/Pumps | AD1: Natural Gas/Heat Rejection | AE1: Natural Gas/Humidification | AF1: Natural Gas/Heat Recovery | AG1: Natural Gas/Water Systems | AH1: Natural Gas/Refrigeration | AI1: Natural Gas/Generators | AJ1: Electricity:Facility [J](Hourly)
A2: runs/CZ16/Rt3&0&cPVVE&New&Chiller__PumpCtrl/NE-Chiller-CHWPumpCtrl-Full-Msr/instance-out.sql | B2: CZ16 | D2: 15946.91 | E2: 5585.95 | G2: 0.083229 | H2: 0 | I2: 449048.38 | J2: 394508.4 | K2: 0 | L2: 436518 | M2: 0 | N2: 288004.57 | O2: 72943 | P2: 67436.65 | Q2: 0 | R2: 0 | S2: 0 | T2: 0 | U2: 0 | V2: 578239.32 | W2: 0 | X2: 0 | Y2: 0 | Z2: 0 | AA2: 0 | AB2: 0 | AC2: 0 | AD2: 0 | AE2: 0 | AF2: 0 | AG2: 174059.91 | AH2: 0 | AI2: 0 | AJ2: 1.6365977e+09
A3: runs/CZ16/Rt3&0&cPVVE&New&Chiller__PumpCtrl/NE-Chiller-PumpCtrl-Full-Std/instance-out.sql | B3: CZ16 | C3: 5585.95 | D3: 15946.91 | G3: 0.083229 | H3: 0 | I3: 491944.21 | J3: 394508.4 | K3: 0 | L3: 436518 | M3: 0 | N3: 288113.91 | O3: 83854.57 | P3: 68196.65 | Q3: 0 | R3: 0 | S3: 0 | T3: 0 | U3: 0 | V3: 577616.27 | W3: 0 | X3: 0 | Y3: 0 | Z3: 0 | AA3: 0 | AB3: 0 | AC3: 0 | AD3: 0 | AE3: 0 | AF3: 0 | AG3: 174058.49 | AH3: 0 | AI3: 0 | AJ3: 1.6203673e+09
A4: runs/CZ16/OfS&0&cPVVE&New&Chiller__PumpCtrl/NE-Chiller-CHWPumpCtrl-Full-Msr/instance-out.sql | B4: CZ16 | D4: 1394.09 | E4: 488.33 | G4: 0.007276 | H4: 0 | I4: 22357.07 | J4: 12134.67 | K4: 0 | L4: 29466.65 | M4: 0 | N4: 69147.9 | O4: 5562.3 | P4: 5097.45 | Q4: 0 | R4: 0 | S4: 0 | T4: 0 | U4: 0 | V4: 9275.79 | W4: 0 | X4: 0 | Y4: 0 | Z4: 0 | AA4: 0 | AB4: 0 | AC4: 0 | AD4: 0 | AE4: 0 | AF4: 0 | AG4: 4620.52 | AH4: 0 | AI4: 0 | AJ4: 88952786
A5: runs/CZ16/OfS&0&cPVVE&New&Chiller__PumpCtrl/NE-Chiller-PumpCtrl-Full-Std/instance-out.sql | B5: CZ16 | C5: 488.33 | D5: 1394.09 | G5: 0.007276 | H5: 0 | I5: 31931.71 | J5: 12134.67 | K5: 0 | L5: 29466.65 | M5: 0 | N5: 69147.66 | O5: 7470.68 | P5: 5360.73 | Q5: 0 | R5: 0 | S5: 0 | T5: 0 | U5: 0 | V5: 9275.8 | W5: 0 | X5: 0 | Y5: 0 | Z5: 0 | AA5: 0 | AB5: 0 | AC5: 0 | AD5: 0 | AE5: 0 | AF5: 0 | AG5: 4620.52 | AH5: 0 | AI5: 0 | AJ5: 1.0403632e+08
A6: runs/CZ16/Nrs&0&cPVVE&New&Chiller__PumpCtrl/NE-Chiller-CHWPumpCtrl-Full-Msr/instance-out.sql | B6: CZ16 | D6: 3790.34 | E6: 1327.7 | G6: 0.019782 | H6: 0 | I6: 164349.18 | J6: 103288.37 | K6: 0 | L6: 282049.05 | M6: 0 | N6: 125209.89 | O6: 16775.77 | P6: 15052.1 | Q6: 0 | R6: 0 | S6: 0 | T6: 0 | U6: 0 | V6: 245110.14 | W6: 0 | X6: 0 | Y6: 0 | Z6: 65854.75 | AA6: 0 | AB6: 0 | AC6: 0 | AD6: 0 | AE6: 0 | AF6: 0 | AG6: 124214 | AH6: 0 | AI6: 0 | AJ6: 4.2830326e+08
A7: runs/CZ16/OfL&0&cPVVE&New&Chiller__PumpCtrl/NE-Chiller-PumpCtrl-Full-Std/instance-out.sql | B7: CZ16 | C7: 7874.99 | D7: 22481.73 | G7: 0.117335 | H7: 0 | I7: 805347.41 | J7: 239542.44 | K7: 0 | L7: 831153.37 | M7: 0 | N7: 289853.27 | O7: 197835.26 | P7: 141716.65 | Q7: 0 | R7: 0 | S7: 0 | T7: 0 | U7: 0 | V7: 715529.92 | W7: 0 | X7: 0 | Y7: 0 | Z7: 0 | AA7: 0 | AB7: 0 | AC7: 0 | AD7: 0 | AE7: 0 | AF7: 0 | AG7: 113887.82 | AH7: 0 | AI7: 0 | AJ7: 1.6146386e+09
A8: runs/CZ16/OfL&0&cPVVE&New&Chiller__PumpCtrl/NE-Chiller-CHWPumpCtrl-Full-Msr/instance-out.sql | B8: CZ16 | D8: 22481.73 | E8: 7874.99 | G8: 0.117335 | H8: 0 | I8: 581058.64 | J8: 239542.44 | K8: 0 | L8: 831153.37 | M8: 0 | N8: 288562.93 | O8: 169262.38 | P8: 136379.17 | Q8: 0 | R8: 0 | S8: 0 | T8: 0 | U8: 0 | V8: 719090.96 | W8: 0 | X8: 0 | Y8: 0 | Z8: 0 | AA8: 0 | AB8: 0 | AC8: 0 | AD8: 0 | AE8: 0 | AF8: 0 | AG8: 113890.92 | AH8: 0 | AI8: 0 | AJ8: 1.3465921e+09
A9: runs/CZ16/Nrs&0&cPVVE&New&Chiller__PumpCtrl/NE-Chiller-PumpCtrl-Full-Std/instance-out.sql | B9: CZ16 | C9: 1327.7 | D9: 3790.34 | G9: 0.019782 | H9: 0 | I9: 188342.04 | J9: 103288.37 | K9: 0 | L9: 282049.05 | M9: 0 | N9: 125209.79 | O9: 19148.25 | P9: 15118.81 | Q9: 0 | R9: 0 | S9: 0 | T9: 0 | U9: 0 | V9: 245108.68 | W9: 0 | X9: 0 | Y9: 0 | Z9: 65854.75 | AA9: 0 | AB9: 0 | AC9: 0 | AD9: 0 | AE9: 0 | AF9: 0 | AG9: 124209.22 | AH9: 0 | AI9: 0 | AJ9: 4.5942145e+08
A10: runs/CZ16/Hsp&0&cPVVE&New&Chiller__PumpCtrl/NE-Chiller-PumpCtrl-Full-Std/instance-out.sql | B10: CZ16 | C10: 11658.98 | D10: 33284.37 | G10: 0.173716 | H10: 0 | I10: 1334117.2 | J10: 626942.71 | K10: 0 | L10: 1141299.4 | M10: 0 | N10: 583063.53 | O10: 363344.01 | P10: 227542.72 | Q10: 0 | R10: 0 | S10: 0 | T10: 0 | U10: 0 | V10: 1168821.9 | W10: 0 | X10: 0 | Y10: 0 | Z10: 43737.51 | AA10: 0 | AB10: 0 | AC10: 0 | AD10: 0 | AE10: 0 | AF10: 0 | AG10: 270720.36 | AH10: 0 | AI10: 0 | AJ10: 2.400106e+09
A11: runs/CZ16/Hsp&0&cPVVE&New&Chiller__PumpCtrl/NE-Chiller-CHWPumpCtrl-Full-Msr/instance-out.sql | B11: CZ16 | D11: 33284.37 | E11: 11658.98 | G11: 0.173716 | H11: 0 | I11: 1003986.3 | J11: 626942.71 | K11: 0 | L11: 1141299.4 | M11: 0 | N11: 581284.98 | O11: 308962.6 | P11: 214945.37 | Q11: 0 | R11: 0 | S11: 0 | T11: 0 | U11: 0 | V11: 1178054.5 | W11: 0 | X11: 0 | Y11: 0 | Z11: 43737.51 | AA11: 0 | AB11: 0 | AC11: 0 | AD11: 0 | AE11: 0 | AF11: 0 | AG11: 270731.32 | AH11: 0 | AI11: 0 | AJ11: 2.070556e+09
A12: runs/CZ16/EUn&0&cPVVE&New&Chiller__PumpCtrl/NE-Chiller-CHWPumpCtrl-Full-Msr/instance-out.sql | B12: CZ16 | D12: 57189.2 | E12: 20032.47 | G12: 0.298478 | H12: 0 | I12: 1935210.9 | J12: 643032.05 | K12: 0 | L12: 3553012.2 | M12: 0 | N12: 1484769.1 | O12: 291393.5 | P12: 252147.33 | Q12: 0 | R12: 0 | S12: 0 | T12: 0 | U12: 0 | V12: 1893842.1 | W12: 0 | X12: 0 | Y12: 0 | Z12: 127428.8 | AA12: 0 | AB12: 0 | AC12: 0 | AD12: 0 | AE12: 0 | AF12: 0 | AG12: 725541.67 | AH12: 0 | AI12: 0 | AJ12: 5.2265164e+09
A13: runs/CZ16/EUn&0&cPVVE&New&Chiller__PumpCtrl/NE-Chiller-PumpCtrl-Full-Std/instance-out.sql | B13: CZ16 | C13: 20032.47 | D13: 57189.2 | G13: 0.298478 | H13: 0 | I13: 2112967.1 | J13: 643032.05 | K13: 0 | L13: 3553012.2 | M13: 0 | N13: 1486055.1 | O13: 328535.53 | P13: 253518.22 | Q13: 0 | R13: 0 | S13: 0 | T13: 0 | U13: 0 | V13: 1870567.2 | W13: 0 | X13: 0 | Y13: 0 | Z13: 127428.8 | AA13: 0 | AB13: 0 | AC13: 0 | AD13: 0 | AE13: 0 | AF13: 0 | AG13: 725604.58 | AH13: 0 | AI13: 0 | AJ13: 5.8289304e+09
A14: runs/CZ16/ESe&0&cPVVE&New&Chiller__PumpCtrl/NE-Chiller-PumpCtrl-Full-Std/instance-out.sql | B14: CZ16 | C14: 1381 | D14: 3942.52 | G14: 0.020577 | H14: 0 | I14: 230278.93 | J14: 94437.9 | K14: 0 | L14: 258328.15 | M14: 0 | N14: 313869.53 | O14: 21638.54 | P14: 17227.63 | Q14: 0 | R14: 0 | S14: 0 | T14: 0 | U14: 0 | V14: 220257.29 | W14: 0 | X14: 0 | Y14: 0 | Z14: 64094.3 | AA14: 0 | AB14: 0 | AC14: 0 | AD14: 0 | AE14: 0 | AF14: 0 | AG14: 228583.29 | AH14: 0 | AI14: 0 | AJ14: 7.1143249e+08
A15: runs/CZ16/ESe&0&cPVVE&New&Chiller__PumpCtrl/NE-Chiller-CHWPumpCtrl-Full-Msr/instance-out.sql | B15: CZ16 | D15: 3942.52 | E15: 1381 | G15: 0.020577 | H15: 0 | I15: 221238.5 | J15: 94437.9 | K15: 0 | L15: 258328.15 | M15: 0 | N15: 313770.64 | O15: 19482.86 | P15: 17164.15 | Q15: 0 | R15: 0 | S15: 0 | T15: 0 | U15: 0 | V15: 221631.69 | W15: 0 | X15: 0 | Y15: 0 | Z15: 64094.3 | AA15: 0 | AB15: 0 | AC15: 0 | AD15: 0 | AE15: 0 | AF15: 0 | AG15: 228585.62 | AH15: 0 | AI15: 0 | AJ15: 6.517896e+08
A16: runs/CZ16/ECC&0&cPVVE&New&Chiller__PumpCtrl/NE-Chiller-CHWPumpCtrl-Full-Msr/instance-out.sql | B16: CZ16 | D16: 26982.63 | E16: 9451.59 | G16: 0.140826 | H16: 0 | I16: 726441.15 | J16: 163686.57 | K16: 0 | L16: 936314.72 | M16: 0 | N16: 459912.44 | O16: 213286.95 | P16: 164802.38 | Q16: 0 | R16: 0 | S16: 0 | T16: 0 | U16: 0 | V16: 607325.55 | W16: 0 | X16: 0 | Y16: 0 | Z16: 68627.6 | AA16: 0 | AB16: 0 | AC16: 0 | AD16: 0 | AE16: 0 | AF16: 0 | AG16: 475751.74 | AH16: 0 | AI16: 0 | AJ16: 1.1664033e+09
A17: runs/CZ16/ECC&0&cPVVE&New&Chiller__PumpCtrl/NE-Chiller-PumpCtrl-Full-Std/instance-out.sql | B17: CZ16 | C17: 9451.59 | D17: 26982.63 | G17: 0.140826 | H17: 0 | I17: 907795.04 | J17: 163686.57 | K17: 0 | L17: 936314.72 | M17: 0 | N17: 460086.64 | O17: 249061.9 | P17: 175146.01 | Q17: 0 | R17: 0 | S17: 0 | T17: 0 | U17: 0 | V17: 600059.1 | W17: 0 | X17: 0 | Y17: 0 | Z17: 68627.6 | AA17: 0 | AB17: 0 | AC17: 0 | AD17: 0 | AE17: 0 | AF17: 0 | AG17: 475756.57 | AH17: 0 | AI17: 0 | AJ17: 1.2090725e+09
A18: runs/CZ15/Rt3&0&cPVVE&New&Chiller__PumpCtrl/NE-Chiller-CHWPumpCtrl-Full-Msr/instance-out.sql | B18: CZ15 | D18: 20093.74 | E18: 7038.52 | G18: 0.104872 | H18: 0 | I18: 888791.81 | J18: 394508.4 | K18: 0 | L18: 436518 | M18: 0 | N18: 286195.78 | O18: 110612.39 | P18: 120288.59 | Q18: 0 | R18: 0 | S18: 0 | T18: 0 | U18: 0 | V18: 517143.24 | W18: 0 | X18: 0 | Y18: 0 | Z18: 0 | AA18: 0 | AB18: 0 | AC18: 0 | AD18: 0 | AE18: 0 | AF18: 0 | AG18: 131086.93 | AH18: 0 | AI18: 0 | AJ18: 1.99381e+09
A19: runs/CZ15/Rt3&0&cPVVE&New&Chiller__PumpCtrl/NE-Chiller-PumpCtrl-Full-Std/instance-out.sql | B19: CZ15 | C19: 7038.52 | D19: 20093.74 | G19: 0.104872 | H19: 0 | I19: 1129241.1 | J19: 394508.4 | K19: 0 | L19: 436518 | M19: 0 | N19: 286168.72 | O19: 130843.86 | P19: 121094.37 | Q19: 0 | R19: 0 | S19: 0 | T19: 0 | U19: 0 | V19: 517154.21 | W19: 0 | X19: 0 | Y19: 0 | Z19: 0 | AA19: 0 | AB19: 0 | AC19: 0 | AD19: 0 | AE19: 0 | AF19: 0 | AG19: 131080.06 | AH19: 0 | AI19: 0 | AJ19: 2.0230677e+09
A20: runs/CZ15/OfS&0&cPVVE&New&Chiller__PumpCtrl/NE-Chiller-PumpCtrl-Full-Std/instance-out.sql | B20: CZ15 | C20: 554.16 | D20: 1582.03 | G20: 0.008257 | H20: 0 | I20: 80643.62 | J20: 12134.67 | K20: 0 | L20: 29466.65 | M20: 0 | N20: 64331.57 | O20: 10731.29 | P20: 9519.86 | Q20: 0 | R20: 0 | S20: 0 | T20: 0 | U20: 0 | V20: 281.21 | W20: 0 | X20: 0 | Y20: 0 | Z20: 0 | AA20: 0 | AB20: 0 | AC20: 0 | AD20: 0 | AE20: 0 | AF20: 0 | AG20: 3625.94 | AH20: 0 | AI20: 0 | AJ20: 1.3745929e+08
A21: runs/CZ15/OfS&0&cPVVE&New&Chiller__PumpCtrl/NE-Chiller-CHWPumpCtrl-Full-Msr/instance-out.sql | B21: CZ15 | D21: 1582.03 | E21: 554.16 | G21: 0.008257 | H21: 0 | I21: 52956.92 | J21: 12134.67 | K21: 0 | L21: 29466.65 | M21: 0 | N21: 64331.92 | O21: 8442.65 | P21: 9375.57 | Q21: 0 | R21: 0 | S21: 0 | T21: 0 | U21: 0 | V21: 281.21 | W21: 0 | X21: 0 | Y21: 0 | Z21: 0 | AA21: 0 | AB21: 0 | AC21: 0 | AD21: 0 | AE21: 0 | AF21: 0 | AG21: 3625.94 | AH21: 0 | AI21: 0 | AJ21: 1.1052011e+08
A22: runs/CZ15/OfL&0&cPVVE&New&Chiller__PumpCtrl/NE-Chiller-PumpCtrl-Full-Std/instance-out.sql | B22: CZ15 | C22: 8821.4 | D22: 25183.55 | G22: 0.131436 | H22: 0 | I22: 1590061.9 | J22: 239542.44 | K22: 0 | L22: 831153.37 | M22: 0 | N22: 300747.93 | O22: 252888.16 | P22: 234195.13 | Q22: 0 | R22: 0 | S22: 0 | T22: 0 | U22: 0 | V22: 573458.73 | W22: 0 | X22: 0 | Y22: 0 | Z22: 0 | AA22: 0 | AB22: 0 | AC22: 0 | AD22: 0 | AE22: 0 | AF22: 0 | AG22: 85791.48 | AH22: 0 | AI22: 0 | AJ22: 2.1811597e+09
A23: runs/CZ15/OfL&0&cPVVE&New&Chiller__PumpCtrl/NE-Chiller-CHWPumpCtrl-Full-Msr/instance-out.sql | B23: CZ15 | D23: 25183.55 | E23: 8821.4 | G23: 0.131436 | H23: 0 | I23: 1263618 | J23: 239542.44 | K23: 0 | L23: 831153.37 | M23: 0 | N23: 300591.07 | O23: 223110.86 | P23: 232098.66 | Q23: 0 | R23: 0 | S23: 0 | T23: 0 | U23: 0 | V23: 574715.15 | W23: 0 | X23: 0 | Y23: 0 | Z23: 0 | AA23: 0 | AB23: 0 | AC23: 0 | AD23: 0 | AE23: 0 | AF23: 0 | AG23: 85790.84 | AH23: 0 | AI23: 0 | AJ23: 2.0018293e+09
A24: runs/CZ15/Nrs&0&cPVVE&New&Chiller__PumpCtrl/NE-Chiller-CHWPumpCtrl-Full-Msr/instance-out.sql | B24: CZ15 | D24: 4536.17 | E24: 1588.95 | G24: 0.023675 | H24: 0 | I24: 328760.46 | J24: 103288.37 | K24: 0 | L24: 282049.05 | M24: 0 | N24: 133726.07 | O24: 24703.63 | P24: 27058.48 | Q24: 0 | R24: 0 | S24: 0 | T24: 0 | U24: 0 | V24: 176357.29 | W24: 0 | X24: 0 | Y24: 0 | Z24: 65854.75 | AA24: 0 | AB24: 0 | AC24: 0 | AD24: 0 | AE24: 0 | AF24: 0 | AG24: 93548.4 | AH24: 0 | AI24: 0 | AJ24: 5.5065743e+08
A25: runs/CZ15/Nrs&0&cPVVE&New&Chiller__PumpCtrl/NE-Chiller-PumpCtrl-Full-Std/instance-out.sql | B25: CZ15 | C25: 1588.95 | D25: 4536.17 | G25: 0.023675 | H25: 0 | I25: 408190.59 | J25: 103288.37 | K25: 0 | L25: 282049.05 | M25: 0 | N25: 133711.68 | O25: 29049.43 | P25: 27056.21 | Q25: 0 | R25: 0 | S25: 0 | T25: 0 | U25: 0 | V25: 175973.67 | W25: 0 | X25: 0 | Y25: 0 | Z25: 65854.75 | AA25: 0 | AB25: 0 | AC25: 0 | AD25: 0 | AE25: 0 | AF25: 0 | AG25: 93535.42 | AH25: 0 | AI25: 0 | AJ25: 5.9049964e+08
A26: runs/CZ15/Hsp&0&cPVVE&New&Chiller__PumpCtrl/NE-Chiller-CHWPumpCtrl-Full-Msr/instance-out.sql | B26: CZ15 | D26: 37973.3 | E26: 13301.44 | G26: 0.198188 | H26: 0 | I26: 2004178.2 | J26: 626942.71 | K26: 0 | L26: 1141299.4 | M26: 0 | N26: 564387.07 | O26: 360468.93 | P26: 365590.39 | Q26: 0 | R26: 0 | S26: 0 | T26: 0 | U26: 0 | V26: 1089913.9 | W26: 0 | X26: 0 | Y26: 0 | Z26: 43737.51 | AA26: 0 | AB26: 0 | AC26: 0 | AD26: 0 | AE26: 0 | AF26: 0 | AG26: 203695.1 | AH26: 0 | AI26: 0 | AJ26: 2.9743856e+09
A27: runs/CZ15/Hsp&0&cPVVE&New&Chiller__PumpCtrl/NE-Chiller-PumpCtrl-Full-Std/instance-out.sql | B27: CZ15 | C27: 13301.44 | D27: 37973.3 | G27: 0.198188 | H27: 0 | I27: 2528656 | J27: 626942.71 | K27: 0 | L27: 1141299.4 | M27: 0 | N27: 565129.56 | O27: 413918.81 | P27: 372581.02 | Q27: 0 | R27: 0 | S27: 0 | T27: 0 | U27: 0 | V27: 1091891.7 | W27: 0 | X27: 0 | Y27: 0 | Z27: 43737.51 | AA27: 0 | AB27: 0 | AC27: 0 | AD27: 0 | AE27: 0 | AF27: 0 | AG27: 203675.6 | AH27: 0 | AI27: 0 | AJ27: 3.0368346e+09
A28: runs/CZ15/ESe&0&cPVVE&New&Chiller__PumpCtrl/NE-Chiller-CHWPumpCtrl-Full-Msr/instance-out.sql | B28: CZ15 | D28: 4873.3 | E28: 1707.04 | G28: 0.025434 | H28: 0 | I28: 450931.81 | J28: 94437.9 | K28: 0 | L28: 258328.15 | M28: 0 | N28: 265236.01 | O28: 28012.18 | P28: 30503.1 | Q28: 0 | R28: 0 | S28: 0 | T28: 0 | U28: 0 | V28: 118574.18 | W28: 0 | X28: 0 | Y28: 0 | Z28: 64094.3 | AA28: 0 | AB28: 0 | AC28: 0 | AD28: 0 | AE28: 0 | AF28: 0 | AG28: 171935.8 | AH28: 0 | AI28: 0 | AJ28: 1.0015617e+09
A29: runs/CZ15/ESe&0&cPVVE&New&Chiller__PumpCtrl/NE-Chiller-PumpCtrl-Full-Std/instance-out.sql | B29: CZ15 | C29: 1707.04 | D29: 4873.3 | G29: 0.025434 | H29: 0 | I29: 510699.2 | J29: 94437.9 | K29: 0 | L29: 258328.15 | M29: 0 | N29: 265196.11 | O29: 32642.76 | P29: 30576.23 | Q29: 0 | R29: 0 | S29: 0 | T29: 0 | U29: 0 | V29: 118486.32 | W29: 0 | X29: 0 | Y29: 0 | Z29: 64094.3 | AA29: 0 | AB29: 0 | AC29: 0 | AD29: 0 | AE29: 0 | AF29: 0 | AG29: 171935.84 | AH29: 0 | AI29: 0 | AJ29: 1.0330091e+09
A30: runs/CZ15/EUn&0&cPVVE&New&Chiller__PumpCtrl/NE-Chiller-CHWPumpCtrl-Full-Msr/instance-out.sql | B30: CZ15 | D30: 67545.41 | E30: 23660.08 | G30: 0.352529 | H30: 0 | I30: 3353886.4 | J30: 643032.05 | K30: 0 | L30: 3553012.2 | M30: 0 | N30: 1511282.7 | O30: 402608.77 | P30: 439948.81 | Q30: 0 | R30: 0 | S30: 0 | T30: 0 | U30: 0 | V30: 1873152.4 | W30: 0 | X30: 0 | Y30: 0 | Z30: 127428.8 | AA30: 0 | AB30: 0 | AC30: 0 | AD30: 0 | AE30: 0 | AF30: 0 | AG30: 544402.33 | AH30: 0 | AI30: 0 | AJ30: 6.4977493e+09
A31: runs/CZ15/ECC&0&cPVVE&New&Chiller__PumpCtrl/NE-Chiller-CHWPumpCtrl-Full-Msr/instance-out.sql | B31: CZ15 | D31: 32400.32 | E31: 11349.32 | G31: 0.169102 | H31: 0 | I31: 1280759.7 | J31: 163686.57 | K31: 0 | L31: 936314.72 | M31: 0 | N31: 501293.56 | O31: 277722.13 | P31: 294280.64 | Q31: 0 | R31: 0 | S31: 0 | T31: 0 | U31: 0 | V31: 641920.99 | W31: 0 | X31: 0 | Y31: 0 | Z31: 68627.6 | AA31: 0 | AB31: 0 | AC31: 0 | AD31: 0 | AE31: 0 | AF31: 0 | AG31: 356141.8 | AH31: 0 | AI31: 0 | AJ31: 2.4966497e+09
A32: runs/CZ15/ECC&0&cPVVE&New&Chiller__PumpCtrl/NE-Chiller-PumpCtrl-Full-Std/instance-out.sql | B32: CZ15 | C32: 11349.32 | D32: 32400.32 | G32: 0.169102 | H32: 0 | I32: 1801267.1 | J32: 163686.57 | K32: 0 | L32: 936314.72 | M32: 0 | N32: 501162.28 | O32: 327880.91 | P32: 301248.27 | Q32: 0 | R32: 0 | S32: 0 | T32: 0 | U32: 0 | V32: 641581.08 | W32: 0 | X32: 0 | Y32: 0 | Z32: 68627.6 | AA32: 0 | AB32: 0 | AC32: 0 | AD32: 0 | AE32: 0 | AF32: 0 | AG32: 356152.64 | AH32: 0 | AI32: 0 | AJ32: 2.5147949e+09
A33: runs/CZ15/EUn&0&cPVVE&New&Chiller__PumpCtrl/NE-Chiller-PumpCtrl-Full-Std/instance-out.sql | B33: CZ15 | C33: 23660.08 | D33: 67545.41 | G33: 0.352529 | H33: 0 | I33: 4362973.4 | J33: 643032.05 | K33: 0 | L33: 3553012.2 | M33: 0 | N33: 1511317.1 | O33: 473025.49 | P33: 441343.09 | Q33: 0 | R33: 0 | S33: 0 | T33: 0 | U33: 0 | V33: 1873151.3 | W33: 0 | X33: 0 | Y33: 0 | Z33: 127428.8 | AA33: 0 | AB33: 0 | AC33: 0 | AD33: 0 | AE33: 0 | AF33: 0 | AG33: 544305.19 | AH33: 0 | AI33: 0 | AJ33: 6.7738888e+09
A34: runs/CZ14/Rt3&0&cPVVE&New&Chiller__PumpCtrl/NE-Chiller-PumpCtrl-Full-Std/instance-out.sql | B34: CZ14 | C34: 6612.95 | D34: 18878.81 | G34: 0.098531 | H34: 0 | I34: 751911.91 | J34: 394508.4 | K34: 0 | L34: 436518 | M34: 0 | N34: 272682.29 | O34: 106582.41 | P34: 96403.45 | Q34: 0 | R34: 0 | S34: 0 | T34: 0 | U34: 0 | V34: 416607.48 | W34: 0 | X34: 0 | Y34: 0 | Z34: 0 | AA34: 0 | AB34: 0 | AC34: 0 | AD34: 0 | AE34: 0 | AF34: 0 | AG34: 147585.1 | AH34: 0 | AI34: 0 | AJ34: 1.987656e+09
A35: runs/CZ14/Rt3&0&cPVVE&New&Chiller__PumpCtrl/NE-Chiller-CHWPumpCtrl-Full-Msr/instance-out.sql | B35: CZ14 | D35: 18878.81 | E35: 6612.95 | G35: 0.098531 | H35: 0 | I35: 704919.83 | J35: 394508.4 | K35: 0 | L35: 436518 | M35: 0 | N35: 272794.68 | O35: 94753.93 | P35: 95228.01 | Q35: 0 | R35: 0 | S35: 0 | T35: 0 | U35: 0 | V35: 416772.6 | W35: 0 | X35: 0 | Y35: 0 | Z35: 0 | AA35: 0 | AB35: 0 | AC35: 0 | AD35: 0 | AE35: 0 | AF35: 0 | AG35: 147586.16 | AH35: 0 | AI35: 0 | AJ35: 2.0213765e+09
A36: runs/CZ14/OfS&0&cPVVE&New&Chiller__PumpCtrl/NE-Chiller-PumpCtrl-Full-Std/instance-out.sql | B36: CZ14 | C36: 538.54 | D36: 1537.43 | G36: 0.008024 | H36: 0 | I36: 54836.49 | J36: 12134.67 | K36: 0 | L36: 29466.65 | M36: 0 | N36: 67613.54 | O36: 9475.86 | P36: 7886.64 | Q36: 0 | R36: 0 | S36: 0 | T36: 0 | U36: 0 | V36: 2025.77 | W36: 0 | X36: 0 | Y36: 0 | Z36: 0 | AA36: 0 | AB36: 0 | AC36: 0 | AD36: 0 | AE36: 0 | AF36: 0 | AG36: 4007.89 | AH36: 0 | AI36: 0 | AJ36: 1.3045897e+08
A37: runs/CZ14/OfS&0&cPVVE&New&Chiller__PumpCtrl/NE-Chiller-CHWPumpCtrl-Full-Msr/instance-out.sql | B37: CZ14 | D37: 1537.43 | E37: 538.54 | G37: 0.008024 | H37: 0 | I37: 37932.18 | J37: 12134.67 | K37: 0 | L37: 29466.65 | M37: 0 | N37: 67612.63 | O37: 7195 | P37: 7552.7 | Q37: 0 | R37: 0 | S37: 0 | T37: 0 | U37: 0 | V37: 2025.77 | W37: 0 | X37: 0 | Y37: 0 | Z37: 0 | AA37: 0 | AB37: 0 | AC37: 0 | AD37: 0 | AE37: 0 | AF37: 0 | AG37: 4007.9 | AH37: 0 | AI37: 0 | AJ37: 1.1245996e+08
A38: runs/CZ14/OfL&0&cPVVE&New&Chiller__PumpCtrl/NE-Chiller-CHWPumpCtrl-Full-Msr/instance-out.sql | B38: CZ14 | D38: 24382.16 | E38: 8540.68 | G38: 0.127254 | H38: 0 | I38: 840501.8 | J38: 239542.44 | K38: 0 | L38: 831153.37 | M38: 0 | N38: 274164.83 | O38: 190087.66 | P38: 192051.02 | Q38: 0 | R38: 0 | S38: 0 | T38: 0 | U38: 0 | V38: 529321.26 | W38: 0 | X38: 0 | Y38: 0 | Z38: 0 | AA38: 0 | AB38: 0 | AC38: 0 | AD38: 0 | AE38: 0 | AF38: 0 | AG38: 96582.98 | AH38: 0 | AI38: 0 | AJ38: 1.6773611e+09
A39: runs/CZ14/OfL&0&cPVVE&New&Chiller__PumpCtrl/NE-Chiller-PumpCtrl-Full-Std/instance-out.sql | B39: CZ14 | C39: 8540.68 | D39: 24382.16 | G39: 0.127254 | H39: 0 | I39: 1116394 | J39: 239542.44 | K39: 0 | L39: 831153.37 | M39: 0 | N39: 274347.33 | O39: 219618.24 | P39: 196257.99 | Q39: 0 | R39: 0 | S39: 0 | T39: 0 | U39: 0 | V39: 527010.09 | W39: 0 | X39: 0 | Y39: 0 | Z39: 0 | AA39: 0 | AB39: 0 | AC39: 0 | AD39: 0 | AE39: 0 | AF39: 0 | AG39: 96576.08 | AH39: 0 | AI39: 0 | AJ39: 2.0014853e+09
A40: runs/CZ14/Nrs&0&cPVVE&New&Chiller__PumpCtrl/NE-Chiller-CHWPumpCtrl-Full-Msr/instance-out.sql | B40: CZ14 | D40: 4393.43 | E40: 1538.95 | G40: 0.02293 | H40: 0 | I40: 251536.02 | J40: 103288.37 | K40: 0 | L40: 282049.05 | M40: 0 | N40: 123814.96 | O40: 21660.36 | P40: 22088.09 | Q40: 0 | R40: 0 | S40: 0 | T40: 0 | U40: 0 | V40: 164815.11 | W40: 0 | X40: 0 | Y40: 0 | Z40: 65854.75 | AA40: 0 | AB40: 0 | AC40: 0 | AD40: 0 | AE40: 0 | AF40: 0 | AG40: 105307.15 | AH40: 0 | AI40: 0 | AJ40: 6.0660854e+08
A41: runs/CZ14/Nrs&0&cPVVE&New&Chiller__PumpCtrl/NE-Chiller-PumpCtrl-Full-Std/instance-out.sql | B41: CZ14 | C41: 1538.95 | D41: 4393.43 | G41: 0.02293 | H41: 0 | I41: 289654.77 | J41: 103288.37 | K41: 0 | L41: 282049.05 | M41: 0 | N41: 123815.03 | O41: 24475.18 | P41: 22157.06 | Q41: 0 | R41: 0 | S41: 0 | T41: 0 | U41: 0 | V41: 164774.57 | W41: 0 | X41: 0 | Y41: 0 | Z41: 65854.75 | AA41: 0 | AB41: 0 | AC41: 0 | AD41: 0 | AE41: 0 | AF41: 0 | AG41: 105305.45 | AH41: 0 | AI41: 0 | AJ41: 6.1636812e+08
A42: runs/CZ14/Hsp&0&cPVVE&New&Chiller__PumpCtrl/NE-Chiller-CHWPumpCtrl-Full-Msr/instance-out.sql | B42: CZ14 | D42: 36675.48 | E42: 12846.84 | G42: 0.191414 | H42: 0 | I42: 1464828.5 | J42: 626942.71 | K42: 0 | L42: 1141299.4 | M42: 0 | N42: 543318.24 | O42: 343549.08 | P42: 311400.79 | Q42: 0 | R42: 0 | S42: 0 | T42: 0 | U42: 0 | V42: 992148.83 | W42: 0 | X42: 0 | Y42: 0 | Z42: 43737.51 | AA42: 0 | AB42: 0 | AC42: 0 | AD42: 0 | AE42: 0 | AF42: 0 | AG42: 229425.69 | AH42: 0 | AI42: 0 | AJ42: 2.7949799e+09
A43: runs/CZ14/Hsp&0&cPVVE&New&Chiller__PumpCtrl/NE-Chiller-PumpCtrl-Full-Std/instance-out.sql | B43: CZ14 | C43: 12846.84 | D43: 36675.48 | G43: 0.191414 | H43: 0 | I43: 1816356.1 | J43: 626942.71 | K43: 0 | L43: 1141299.4 | M43: 0 | N43: 543575.62 | O43: 398604.8 | P43: 324910.26 | Q43: 0 | R43: 0 | S43: 0 | T43: 0 | U43: 0 | V43: 989086.16 | W43: 0 | X43: 0 | Y43: 0 | Z43: 43737.51 | AA43: 0 | AB43: 0 | AC43: 0 | AD43: 0 | AE43: 0 | AF43: 0 | AG43: 229429.63 | AH43: 0 | AI43: 0 | AJ43: 2.8436653e+09
A44: runs/CZ14/ESe&0&cPVVE&New&Chiller__PumpCtrl/NE-Chiller-CHWPumpCtrl-Full-Msr/instance-out.sql | B44: CZ14 | D44: 4633.75 | E44: 1623.13 | G44: 0.024184 | H44: 0 | I44: 323984.41 | J44: 94437.9 | K44: 0 | L44: 258328.15 | M44: 0 | N44: 277118.28 | O44: 23220.49 | P44: 24279.32 | Q44: 0 | R44: 0 | S44: 0 | T44: 0 | U44: 0 | V44: 94582.57 | W44: 0 | X44: 0 | Y44: 0 | Z44: 64094.3 | AA44: 0 | AB44: 0 | AC44: 0 | AD44: 0 | AE44: 0 | AF44: 0 | AG44: 193649.34 | AH44: 0 | AI44: 0 | AJ44: 9.8229871e+08
A45: runs/CZ14/EUn&0&cPVVE&New&Chiller__PumpCtrl/NE-Chiller-CHWPumpCtrl-Full-Msr/instance-out.sql | B45: CZ14 | D45: 65093.21 | E45: 22801.12 | G45: 0.33973 | H45: 0 | I45: 2656087.8 | J45: 643032.05 | K45: 0 | L45: 3553012.2 | M45: 0 | N45: 1394596.6 | O45: 346885.58 | P45: 354064.32 | Q45: 0 | R45: 0 | S45: 0 | T45: 0 | U45: 0 | V45: 1488907.5 | W45: 0 | X45: 0 | Y45: 0 | Z45: 127428.8 | AA45: 0 | AB45: 0 | AC45: 0 | AD45: 0 | AE45: 0 | AF45: 0 | AG45: 613687.43 | AH45: 0 | AI45: 0 | AJ45: 6.2533605e+09
A46: runs/CZ14/ECC&0&cPVVE&New&Chiller__PumpCtrl/NE-Chiller-PumpCtrl-Full-Std/instance-out.sql | B46: CZ14 | C46: 10873.51 | D46: 31041.97 | G46: 0.162012 | H46: 0 | I46: 1253686.1 | J46: 163686.57 | K46: 0 | L46: 936314.72 | M46: 0 | N46: 382964.68 | O46: 298354.52 | P46: 258526.03 | Q46: 0 | R46: 0 | S46: 0 | T46: 0 | U46: 0 | V46: 298904.5 | W46: 0 | X46: 0 | Y46: 0 | Z46: 68627.6 | AA46: 0 | AB46: 0 | AC46: 0 | AD46: 0 | AE46: 0 | AF46: 0 | AG46: 401522.39 | AH46: 0 | AI46: 0 | AJ46: 2.2356304e+09
A47: runs/CZ14/EUn&0&cPVVE&New&Chiller__PumpCtrl/NE-Chiller-PumpCtrl-Full-Std/instance-out.sql | B47: CZ14 | C47: 22801.12 | D47: 65093.21 | G47: 0.33973 | H47: 0 | I47: 3043881.3 | J47: 643032.05 | K47: 0 | L47: 3553012.2 | M47: 0 | N47: 1395210.6 | O47: 390944.19 | P47: 355898.69 | Q47: 0 | R47: 0 | S47: 0 | T47: 0 | U47: 0 | V47: 1487238.3 | W47: 0 | X47: 0 | Y47: 0 | Z47: 127428.8 | AA47: 0 | AB47: 0 | AC47: 0 | AD47: 0 | AE47: 0 | AF47: 0 | AG47: 613688.38 | AH47: 0 | AI47: 0 | AJ47: 6.390409e+09
A48: runs/CZ14/ECC&0&cPVVE&New&Chiller__PumpCtrl/NE-Chiller-CHWPumpCtrl-Full-Msr/instance-out.sql | B48: CZ14 | D48: 31041.97 | E48: 10873.51 | G48: 0.162012 | H48: 0 | I48: 873798.69 | J48: 163686.57 | K48: 0 | L48: 936314.72 | M48: 0 | N48: 383142 | O48: 254739.46 | P48: 248275.17 | Q48: 0 | R48: 0 | S48: 0 | T48: 0 | U48: 0 | V48: 297470.88 | W48: 0 | X48: 0 | Y48: 0 | Z48: 68627.6 | AA48: 0 | AB48: 0 | AC48: 0 | AD48: 0 | AE48: 0 | AF48: 0 | AG48: 401519.71 | AH48: 0 | AI48: 0 | AJ48: 1.9736966e+09
A49: runs/CZ14/ESe&0&cPVVE&New&Chiller__PumpCtrl/NE-Chiller-PumpCtrl-Full-Std/instance-out.sql | B49: CZ14 | C49: 1623.13 | D49: 4633.75 | G49: 0.024184 | H49: 0 | I49: 352111.44 | J49: 94437.9 | K49: 0 | L49: 258328.15 | M49: 0 | N49: 277100.73 | O49: 26122.41 | P49: 24392.1 | Q49: 0 | R49: 0 | S49: 0 | T49: 0 | U49: 0 | V49: 94126.7 | W49: 0 | X49: 0 | Y49: 0 | Z49: 64094.3 | AA49: 0 | AB49: 0 | AC49: 0 | AD49: 0 | AE49: 0 | AF49: 0 | AG49: 193633.24 | AH49: 0 | AI49: 0 | AJ49: 1.0166775e+09
A50: runs/CZ13/Rt3&0&cPVVE&New&Chiller__PumpCtrl/NE-Chiller-CHWPumpCtrl-Full-Msr/instance-out.sql | B50: CZ13 | D50: 19057.81 | E50: 6675.65 | G50: 0.099465 | H50: 0 | I50: 690318.44 | J50: 394508.4 | K50: 0 | L50: 436518 | M50: 0 | N50: 235543.14 | O50: 87369.37 | P50: 87751.93 | Q50: 0 | R50: 0 | S50: 0 | T50: 0 | U50: 0 | V50: 387964.41 | W50: 0 | X50: 0 | Y50: 0 | Z50: 0 | AA50: 0 | AB50: 0 | AC50: 0 | AD50: 0 | AE50: 0 | AF50: 0 | AG50: 155561.6 | AH50: 0 | AI50: 0 | AJ50: 2.0081632e+09
A51: runs/CZ13/OfS&0&cPVVE&New&Chiller__PumpCtrl/NE-Chiller-CHWPumpCtrl-Full-Msr/instance-out.sql | B51: CZ13 | D51: 1484.5 | E51: 520 | G51: 0.007748 | H51: 0 | I51: 31306.78 | J51: 12134.67 | K51: 0 | L51: 29466.65 | M51: 0 | N51: 60151.2 | O51: 5986.14 | P51: 6422.37 | Q51: 0 | R51: 0 | S51: 0 | T51: 0 | U51: 0 | V51: 4149.17 | W51: 0 | X51: 0 | Y51: 0 | Z51: 0 | AA51: 0 | AB51: 0 | AC51: 0 | AD51: 0 | AE51: 0 | AF51: 0 | AG51: 4192.59 | AH51: 0 | AI51: 0 | AJ51: 1.0574387e+08
A52: runs/CZ13/Rt3&0&cPVVE&New&Chiller__PumpCtrl/NE-Chiller-PumpCtrl-Full-Std/instance-out.sql | B52: CZ13 | C52: 6675.65 | D52: 19057.81 | G52: 0.099465 | H52: 0 | I52: 722905.86 | J52: 394508.4 | K52: 0 | L52: 436518 | M52: 0 | N52: 235536.32 | O52: 96929.31 | P52: 88611.76 | Q52: 0 | R52: 0 | S52: 0 | T52: 0 | U52: 0 | V52: 388297.31 | W52: 0 | X52: 0 | Y52: 0 | Z52: 0 | AA52: 0 | AB52: 0 | AC52: 0 | AD52: 0 | AE52: 0 | AF52: 0 | AG52: 155562.11 | AH52: 0 | AI52: 0 | AJ52: 2.005814e+09
A53: runs/CZ13/OfS&0&cPVVE&New&Chiller__PumpCtrl/NE-Chiller-PumpCtrl-Full-Std/instance-out.sql | B53: CZ13 | C53: 520 | D53: 1484.5 | G53: 0.007748 | H53: 0 | I53: 48878.06 | J53: 12134.67 | K53: 0 | L53: 29466.65 | M53: 0 | N53: 60151.47 | O53: 7958.09 | P53: 6857.74 | Q53: 0 | R53: 0 | S53: 0 | T53: 0 | U53: 0 | V53: 4149.17 | W53: 0 | X53: 0 | Y53: 0 | Z53: 0 | AA53: 0 | AB53: 0 | AC53: 0 | AD53: 0 | AE53: 0 | AF53: 0 | AG53: 4192.59 | AH53: 0 | AI53: 0 | AJ53: 1.2862444e+08
A54: runs/CZ13/OfL&0&cPVVE&New&Chiller__PumpCtrl/NE-Chiller-CHWPumpCtrl-Full-Msr/instance-out.sql | B54: CZ13 | D54: 23966.55 | E54: 8395.1 | G54: 0.125085 | H54: 0 | I54: 852772.72 | J54: 239542.44 | K54: 0 | L54: 831153.37 | M54: 0 | N54: 246764.57 | O54: 176851.74 | P54: 181172.8 | Q54: 0 | R54: 0 | S54: 0 | T54: 0 | U54: 0 | V54: 485100.97 | W54: 0 | X54: 0 | Y54: 0 | Z54: 0 | AA54: 0 | AB54: 0 | AC54: 0 | AD54: 0 | AE54: 0 | AF54: 0 | AG54: 101797.76 | AH54: 0 | AI54: 0 | AJ54: 1.8835123e+09
A55: runs/CZ13/OfL&0&cPVVE&New&Chiller__PumpCtrl/NE-Chiller-PumpCtrl-Full-Std/instance-out.sql | B55: CZ13 | C55: 8395.1 | D55: 23966.55 | G55: 0.125085 | H55: 0 | I55: 1082352.3 | J55: 239542.44 | K55: 0 | L55: 831153.37 | M55: 0 | N55: 246869.27 | O55: 204096.18 | P55: 186194.9 | Q55: 0 | R55: 0 | S55: 0 | T55: 0 | U55: 0 | V55: 483076.83 | W55: 0 | X55: 0 | Y55: 0 | Z55: 0 | AA55: 0 | AB55: 0 | AC55: 0 | AD55: 0 | AE55: 0 | AF55: 0 | AG55: 101799.69 | AH55: 0 | AI55: 0 | AJ55: 2.0979167e+09
A56: runs/CZ13/Nrs&0&cPVVE&New&Chiller__PumpCtrl/NE-Chiller-CHWPumpCtrl-Full-Msr/instance-out.sql | B56: CZ13 | D56: 4398.8 | E56: 1540.83 | G56: 0.022958 | H56: 0 | I56: 199930.79 | J56: 103288.37 | K56: 0 | L56: 282049.05 | M56: 0 | N56: 105789.61 | O56: 19225.17 | P56: 20503.27 | Q56: 0 | R56: 0 | S56: 0 | T56: 0 | U56: 0 | V56: 152730.59 | W56: 0 | X56: 0 | Y56: 0 | Z56: 65854.75 | AA56: 0 | AB56: 0 | AC56: 0 | AD56: 0 | AE56: 0 | AF56: 0 | AG56: 111011.13 | AH56: 0 | AI56: 0 | AJ56: 4.7870055e+08
A57: runs/CZ13/Nrs&0&cPVVE&New&Chiller__PumpCtrl/NE-Chiller-PumpCtrl-Full-Std/instance-out.sql | B57: CZ13 | C57: 1540.83 | D57: 4398.8 | G57: 0.022958 | H57: 0 | I57: 259182.22 | J57: 103288.37 | K57: 0 | L57: 282049.05 | M57: 0 | N57: 105782.36 | O57: 22476.46 | P57: 20547.5 | Q57: 0 | R57: 0 | S57: 0 | T57: 0 | U57: 0 | V57: 152637.39 | W57: 0 | X57: 0 | Y57: 0 | Z57: 65854.75 | AA57: 0 | AB57: 0 | AC57: 0 | AD57: 0 | AE57: 0 | AF57: 0 | AG57: 111011.06 | AH57: 0 | AI57: 0 | AJ57: 5.4761352e+08
A58: runs/CZ13/Hsp&0&cPVVE&New&Chiller__PumpCtrl/NE-Chiller-CHWPumpCtrl-Full-Msr/instance-out.sql | B58: CZ13 | D58: 36671.87 | E58: 12845.57 | G58: 0.191395 | H58: 0 | I58: 1505011.8 | J58: 626942.71 | K58: 0 | L58: 1141299.4 | M58: 0 | N58: 468143.72 | O58: 339029.09 | P58: 342201.04 | Q58: 0 | R58: 0 | S58: 0 | T58: 0 | U58: 0 | V58: 877105.94 | W58: 0 | X58: 0 | Y58: 0 | Z58: 43737.51 | AA58: 0 | AB58: 0 | AC58: 0 | AD58: 0 | AE58: 0 | AF58: 0 | AG58: 241875.72 | AH58: 0 | AI58: 0 | AJ58: 2.9927964e+09
A59: runs/CZ13/Hsp&0&cPVVE&New&Chiller__PumpCtrl/NE-Chiller-PumpCtrl-Full-Std/instance-out.sql | B59: CZ13 | C59: 12845.57 | D59: 36671.87 | G59: 0.191395 | H59: 0 | I59: 1776299.4 | J59: 626942.71 | K59: 0 | L59: 1141299.4 | M59: 0 | N59: 468815.03 | O59: 394016.12 | P59: 354792.61 | Q59: 0 | R59: 0 | S59: 0 | T59: 0 | U59: 0 | V59: 874587.13 | W59: 0 | X59: 0 | Y59: 0 | Z59: 43737.51 | AA59: 0 | AB59: 0 | AC59: 0 | AD59: 0 | AE59: 0 | AF59: 0 | AG59: 241882.4 | AH59: 0 | AI59: 0 | AJ59: 2.9840389e+09
A60: runs/CZ13/ESe&0&cPVVE&New&Chiller__PumpCtrl/NE-Chiller-CHWPumpCtrl-Full-Msr/instance-out.sql | B60: CZ13 | D60: 4623.16 | E60: 1619.42 | G60: 0.024129 | H60: 0 | I60: 253537.07 | J60: 94437.9 | K60: 0 | L60: 258328.15 | M60: 0 | N60: 265274.1 | O60: 20220.84 | P60: 21983.29 | Q60: 0 | R60: 0 | S60: 0 | T60: 0 | U60: 0 | V60: 126427.68 | W60: 0 | X60: 0 | Y60: 0 | Z60: 64094.3 | AA60: 0 | AB60: 0 | AC60: 0 | AD60: 0 | AE60: 0 | AF60: 0 | AG60: 204201.06 | AH60: 0 | AI60: 0 | AJ60: 8.3226441e+08
A61: runs/CZ13/EUn&0&cPVVE&New&Chiller__PumpCtrl/NE-Chiller-CHWPumpCtrl-Full-Msr/instance-out.sql | B61: CZ13 | D61: 64879.25 | E61: 22726.17 | G61: 0.338614 | H61: 0 | I61: 2323159.1 | J61: 643032.05 | K61: 0 | L61: 3553012.2 | M61: 0 | N61: 1207425.3 | O61: 309865.96 | P61: 324778.65 | Q61: 0 | R61: 0 | S61: 0 | T61: 0 | U61: 0 | V61: 1328988.2 | W61: 0 | X61: 0 | Y61: 0 | Z61: 127428.8 | AA61: 0 | AB61: 0 | AC61: 0 | AD61: 0 | AE61: 0 | AF61: 0 | AG61: 647645.59 | AH61: 0 | AI61: 0 | AJ61: 6.370997e+09
A62: runs/CZ13/ESe&0&cPVVE&New&Chiller__PumpCtrl/NE-Chiller-PumpCtrl-Full-Std/instance-out.sql | B62: CZ13 | C62: 1619.42 | D62: 4623.16 | G62: 0.024129 | H62: 0 | I62: 303516.92 | J62: 94437.9 | K62: 0 | L62: 258328.15 | M62: 0 | N62: 265251.35 | O62: 23648.31 | P62: 22086.82 | Q62: 0 | R62: 0 | S62: 0 | T62: 0 | U62: 0 | V62: 126164.76 | W62: 0 | X62: 0 | Y62: 0 | Z62: 64094.3 | AA62: 0 | AB62: 0 | AC62: 0 | AD62: 0 | AE62: 0 | AF62: 0 | AG62: 204198.84 | AH62: 0 | AI62: 0 | AJ62: 9.1107588e+08
A63: runs/CZ13/EUn&0&cPVVE&New&Chiller__PumpCtrl/NE-Chiller-PumpCtrl-Full-Std/instance-out.sql | B63: CZ13 | C63: 22726.17 | D63: 64879.25 | G63: 0.338614 | H63: 0 | I63: 2850866.6 | J63: 643032.05 | K63: 0 | L63: 3553012.2 | M63: 0 | N63: 1207123.2 | O63: 355267.86 | P63: 326210.36 | Q63: 0 | R63: 0 | S63: 0 | T63: 0 | U63: 0 | V63: 1334637.5 | W63: 0 | X63: 0 | Y63: 0 | Z63: 127428.8 | AA63: 0 | AB63: 0 | AC63: 0 | AD63: 0 | AE63: 0 | AF63: 0 | AG63: 647621.04 | AH63: 0 | AI63: 0 | AJ63: 6.4938686e+09
A64: runs/CZ13/ECC&0&cPVVE&New&Chiller__PumpCtrl/NE-Chiller-CHWPumpCtrl-Full-Msr/instance-out.sql | B64: CZ13 | D64: 31077.47 | E64: 10885.94 | G64: 0.162198 | H64: 0 | I64: 729331.83 | J64: 163686.57 | K64: 0 | L64: 936314.72 | M64: 0 | N64: 340195.79 | O64: 238223.71 | P64: 251702.26 | Q64: 0 | R64: 0 | S64: 0 | T64: 0 | U64: 0 | V64: 313242.25 | W64: 0 | X64: 0 | Y64: 0 | Z64: 68627.6 | AA64: 0 | AB64: 0 | AC64: 0 | AD64: 0 | AE64: 0 | AF64: 0 | AG64: 424441.65 | AH64: 0 | AI64: 0 | AJ64: 1.9213154e+09
A65: runs/CZ13/ECC&0&cPVVE&New&Chiller__PumpCtrl/NE-Chiller-PumpCtrl-Full-Std/instance-out.sql | B65: CZ13 | C65: 10885.94 | D65: 31077.47 | G65: 0.162198 | H65: 0 | I65: 1230716.3 | J65: 163686.57 | K65: 0 | L65: 936314.72 | M65: 0 | N65: 340387.05 | O65: 284660.38 | P65: 260136.23 | Q65: 0 | R65: 0 | S65: 0 | T65: 0 | U65: 0 | V65: 313123.95 | W65: 0 | X65: 0 | Y65: 0 | Z65: 68627.6 | AA65: 0 | AB65: 0 | AC65: 0 | AD65: 0 | AE65: 0 | AF65: 0 | AG65: 424443.34 | AH65: 0 | AI65: 0 | AJ65: 2.327306e+09
A66: runs/CZ12/Rt3&0&cPVVE&New&Chiller__PumpCtrl/NE-Chiller-CHWPumpCtrl-Full-Msr/instance-out.sql | B66: CZ12 | D66: 18299.61 | E66: 6410.06 | G66: 0.095508 | H66: 0 | I66: 605100.66 | J66: 394508.4 | K66: 0 | L66: 436518 | M66: 0 | N66: 212481.2 | O66: 79311.94 | P66: 79511.89 | Q66: 0 | R66: 0 | S66: 0 | T66: 0 | U66: 0 | V66: 417603.55 | W66: 0 | X66: 0 | Y66: 0 | Z66: 0 | AA66: 0 | AB66: 0 | AC66: 0 | AD66: 0 | AE66: 0 | AF66: 0 | AG66: 164659.9 | AH66: 0 | AI66: 0 | AJ66: 1.9345129e+09
A67: runs/CZ12/Rt3&0&cPVVE&New&Chiller__PumpCtrl/NE-Chiller-PumpCtrl-Full-Std/instance-out.sql | B67: CZ12 | C67: 6410.06 | D67: 18299.61 | G67: 0.095508 | H67: 0 | I67: 623662.63 | J67: 394508.4 | K67: 0 | L67: 436518 | M67: 0 | N67: 212462.05 | O67: 88413.49 | P67: 80202.61 | Q67: 0 | R67: 0 | S67: 0 | T67: 0 | U67: 0 | V67: 418187.23 | W67: 0 | X67: 0 | Y67: 0 | Z67: 0 | AA67: 0 | AB67: 0 | AC67: 0 | AD67: 0 | AE67: 0 | AF67: 0 | AG67: 164659.22 | AH67: 0 | AI67: 0 | AJ67: 1.9325448e+09
A68: runs/CZ12/OfS&0&cPVVE&New&Chiller__PumpCtrl/NE-Chiller-PumpCtrl-Full-Std/instance-out.sql | B68: CZ12 | C68: 490.41 | D68: 1400.02 | G68: 0.007307 | H68: 0 | I68: 35943.9 | J68: 12134.67 | K68: 0 | L68: 29466.65 | M68: 0 | N68: 56567.41 | O68: 6544.07 | P68: 5390.86 | Q68: 0 | R68: 0 | S68: 0 | T68: 0 | U68: 0 | V68: 5543.18 | W68: 0 | X68: 0 | Y68: 0 | Z68: 0 | AA68: 0 | AB68: 0 | AC68: 0 | AD68: 0 | AE68: 0 | AF68: 0 | AG68: 4403.6 | AH68: 0 | AI68: 0 | AJ68: 1.1522857e+08
A69: runs/CZ12/OfS&0&cPVVE&New&Chiller__PumpCtrl/NE-Chiller-CHWPumpCtrl-Full-Msr/instance-out.sql | B69: CZ12 | D69: 1400.02 | E69: 490.41 | G69: 0.007307 | H69: 0 | I69: 22517.74 | J69: 12134.67 | K69: 0 | L69: 29466.65 | M69: 0 | N69: 56567.55 | O69: 4835.6 | P69: 5001.08 | Q69: 0 | R69: 0 | S69: 0 | T69: 0 | U69: 0 | V69: 5543.18 | W69: 0 | X69: 0 | Y69: 0 | Z69: 0 | AA69: 0 | AB69: 0 | AC69: 0 | AD69: 0 | AE69: 0 | AF69: 0 | AG69: 4403.6 | AH69: 0 | AI69: 0 | AJ69: 91104382
A70: runs/CZ12/OfL&0&cPVVE&New&Chiller__PumpCtrl/NE-Chiller-PumpCtrl-Full-Std/instance-out.sql | B70: CZ12 | C70: 8164.81 | D70: 23309.11 | G70: 0.121653 | H70: 0 | I70: 909857.49 | J70: 239542.44 | K70: 0 | L70: 831153.37 | M70: 0 | N70: 228829.44 | O70: 195805.4 | P70: 174782.68 | Q70: 0 | R70: 0 | S70: 0 | T70: 0 | U70: 0 | V70: 458031.78 | W70: 0 | X70: 0 | Y70: 0 | Z70: 0 | AA70: 0 | AB70: 0 | AC70: 0 | AD70: 0 | AE70: 0 | AF70: 0 | AG70: 107757.32 | AH70: 0 | AI70: 0 | AJ70: 1.9914236e+09
A71: runs/CZ12/Nrs&0&cPVVE&New&Chiller__PumpCtrl/NE-Chiller-PumpCtrl-Full-Std/instance-out.sql | B71: CZ12 | C71: 1469.39 | D71: 4194.84 | G71: 0.021893 | H71: 0 | I71: 205622.33 | J71: 103288.37 | K71: 0 | L71: 282049.05 | M71: 0 | N71: 93199.64 | O71: 19623.76 | P71: 17781.18 | Q71: 0 | R71: 0 | S71: 0 | T71: 0 | U71: 0 | V71: 146139.94 | W71: 0 | X71: 0 | Y71: 0 | Z71: 65854.75 | AA71: 0 | AB71: 0 | AC71: 0 | AD71: 0 | AE71: 0 | AF71: 0 | AG71: 117515.79 | AH71: 0 | AI71: 0 | AJ71: 5.1242221e+08
A72: runs/CZ12/Nrs&0&cPVVE&New&Chiller__PumpCtrl/NE-Chiller-CHWPumpCtrl-Full-Msr/instance-out.sql | B72: CZ12 | D72: 4194.84 | E72: 1469.39 | G72: 0.021893 | H72: 0 | I72: 160178.99 | J72: 103288.37 | K72: 0 | L72: 282049.05 | M72: 0 | N72: 93200.03 | O72: 16777.74 | P72: 17729.25 | Q72: 0 | R72: 0 | S72: 0 | T72: 0 | U72: 0 | V72: 146203.06 | W72: 0 | X72: 0 | Y72: 0 | Z72: 65854.75 | AA72: 0 | AB72: 0 | AC72: 0 | AD72: 0 | AE72: 0 | AF72: 0 | AG72: 117519.39 | AH72: 0 | AI72: 0 | AJ72: 4.4590639e+08
A73: runs/CZ12/OfL&0&cPVVE&New&Chiller__PumpCtrl/NE-Chiller-CHWPumpCtrl-Full-Msr/instance-out.sql | B73: CZ12 | D73: 23309.11 | E73: 8164.81 | G73: 0.121653 | H73: 0 | I73: 726764.05 | J73: 239542.44 | K73: 0 | L73: 831153.37 | M73: 0 | N73: 228653.5 | O73: 167006.12 | P73: 166835.87 | Q73: 0 | R73: 0 | S73: 0 | T73: 0 | U73: 0 | V73: 460886.19 | W73: 0 | X73: 0 | Y73: 0 | Z73: 0 | AA73: 0 | AB73: 0 | AC73: 0 | AD73: 0 | AE73: 0 | AF73: 0 | AG73: 107761.45 | AH73: 0 | AI73: 0 | AJ73: 1.7187544e+09
A74: runs/CZ12/Hsp&0&cPVVE&New&Chiller__PumpCtrl/NE-Chiller-CHWPumpCtrl-Full-Msr/instance-out.sql | B74: CZ12 | D74: 35837.67 | E74: 12553.37 | G74: 0.187042 | H74: 0 | I74: 1264847.9 | J74: 626942.71 | K74: 0 | L74: 1141299.4 | M74: 0 | N74: 417795.99 | O74: 323315.34 | P74: 319727.79 | Q74: 0 | R74: 0 | S74: 0 | T74: 0 | U74: 0 | V74: 832952.27 | W74: 0 | X74: 0 | Y74: 0 | Z74: 43737.51 | AA74: 0 | AB74: 0 | AC74: 0 | AD74: 0 | AE74: 0 | AF74: 0 | AG74: 256090.49 | AH74: 0 | AI74: 0 | AJ74: 2.9076694e+09
A75: runs/CZ12/Hsp&0&cPVVE&New&Chiller__PumpCtrl/NE-Chiller-PumpCtrl-Full-Std/instance-out.sql | B75: CZ12 | C75: 12553.37 | D75: 35837.67 | G75: 0.187042 | H75: 0 | I75: 1498370.2 | J75: 626942.71 | K75: 0 | L75: 1141299.4 | M75: 0 | N75: 418068.31 | O75: 378989.89 | P75: 334200.31 | Q75: 0 | R75: 0 | S75: 0 | T75: 0 | U75: 0 | V75: 829744.65 | W75: 0 | X75: 0 | Y75: 0 | Z75: 43737.51 | AA75: 0 | AB75: 0 | AC75: 0 | AD75: 0 | AE75: 0 | AF75: 0 | AG75: 256101.77 | AH75: 0 | AI75: 0 | AJ75: 2.8984787e+09
A76: runs/CZ12/ESe&0&cPVVE&New&Chiller__PumpCtrl/NE-Chiller-PumpCtrl-Full-Std/instance-out.sql | B76: CZ12 | C76: 1549.14 | D76: 4422.53 | G76: 0.023082 | H76: 0 | I76: 247519.87 | J76: 94437.9 | K76: 0 | L76: 258328.15 | M76: 0 | N76: 273474.14 | O76: 21906.23 | P76: 20094.31 | Q76: 0 | R76: 0 | S76: 0 | T76: 0 | U76: 0 | V76: 170392.22 | W76: 0 | X76: 0 | Y76: 0 | Z76: 64094.3 | AA76: 0 | AB76: 0 | AC76: 0 | AD76: 0 | AE76: 0 | AF76: 0 | AG76: 216283.71 | AH76: 0 | AI76: 0 | AJ76: 8.668358e+08
A77: runs/CZ12/ESe&0&cPVVE&New&Chiller__PumpCtrl/NE-Chiller-CHWPumpCtrl-Full-Msr/instance-out.sql | B77: CZ12 | D77: 4422.53 | E77: 1549.14 | G77: 0.023082 | H77: 0 | I77: 210256.11 | J77: 94437.9 | K77: 0 | L77: 258328.15 | M77: 0 | N77: 273504.29 | O77: 18784.43 | P77: 19927.43 | Q77: 0 | R77: 0 | S77: 0 | T77: 0 | U77: 0 | V77: 170700.41 | W77: 0 | X77: 0 | Y77: 0 | Z77: 64094.3 | AA77: 0 | AB77: 0 | AC77: 0 | AD77: 0 | AE77: 0 | AF77: 0 | AG77: 216283.09 | AH77: 0 | AI77: 0 | AJ77: 8.2164584e+08
A78: runs/CZ12/EUn&0&cPVVE&New&Chiller__PumpCtrl/NE-Chiller-CHWPumpCtrl-Full-Msr/instance-out.sql | B78: CZ12 | D78: 62246.56 | E78: 21803.98 | G78: 0.324873 | H78: 0 | I78: 1908561.1 | J78: 643032.05 | K78: 0 | L78: 3553012.2 | M78: 0 | N78: 1125381.4 | O78: 272898.77 | P78: 282558.4 | Q78: 0 | R78: 0 | S78: 0 | T78: 0 | U78: 0 | V78: 1245955.7 | W78: 0 | X78: 0 | Y78: 0 | Z78: 127428.8 | AA78: 0 | AB78: 0 | AC78: 0 | AD78: 0 | AE78: 0 | AF78: 0 | AG78: 686695.71 | AH78: 0 | AI78: 0 | AJ78: 6.0502546e+09
A79: runs/CZ12/EUn&0&cPVVE&New&Chiller__PumpCtrl/NE-Chiller-PumpCtrl-Full-Std/instance-out.sql | B79: CZ12 | C79: 21803.98 | D79: 62246.56 | G79: 0.324873 | H79: 0 | I79: 2304665.3 | J79: 643032.05 | K79: 0 | L79: 3553012.2 | M79: 0 | N79: 1125722.6 | O79: 313550.51 | P79: 284593.65 | Q79: 0 | R79: 0 | S79: 0 | T79: 0 | U79: 0 | V79: 1251068.5 | W79: 0 | X79: 0 | Y79: 0 | Z79: 127428.8 | AA79: 0 | AB79: 0 | AC79: 0 | AD79: 0 | AE79: 0 | AF79: 0 | AG79: 686699.99 | AH79: 0 | AI79: 0 | AJ79: 6.1874847e+09
A80: runs/CZ12/ECC&0&cPVVE&New&Chiller__PumpCtrl/NE-Chiller-PumpCtrl-Full-Std/instance-out.sql | B80: CZ12 | C80: 10571.18 | D80: 30178.86 | G80: 0.157508 | H80: 0 | I80: 1117888.4 | J80: 163686.57 | K80: 0 | L80: 936314.72 | M80: 0 | N80: 370296.54 | O80: 270353.17 | P80: 242068.53 | Q80: 0 | R80: 0 | S80: 0 | T80: 0 | U80: 0 | V80: 497100.88 | W80: 0 | X80: 0 | Y80: 0 | Z80: 68627.6 | AA80: 0 | AB80: 0 | AC80: 0 | AD80: 0 | AE80: 0 | AF80: 0 | AG80: 450697.87 | AH80: 0 | AI80: 0 | AJ80: 2.2778221e+09
A81: runs/CZ12/ECC&0&cPVVE&New&Chiller__PumpCtrl/NE-Chiller-CHWPumpCtrl-Full-Msr/instance-out.sql | B81: CZ12 | D81: 30178.86 | E81: 10571.18 | G81: 0.157508 | H81: 0 | I81: 641721.53 | J81: 163686.57 | K81: 0 | L81: 936314.72 | M81: 0 | N81: 370254.34 | O81: 225641.89 | P81: 231147.47 | Q81: 0 | R81: 0 | S81: 0 | T81: 0 | U81: 0 | V81: 497340.66 | W81: 0 | X81: 0 | Y81: 0 | Z81: 68627.6 | AA81: 0 | AB81: 0 | AC81: 0 | AD81: 0 | AE81: 0 | AF81: 0 | AG81: 450692.55 | AH81: 0 | AI81: 0 | AJ81: 1.9474296e+09
A82: runs/CZ11/Rt3&0&cPVVE&New&Chiller__PumpCtrl/NE-Chiller-PumpCtrl-Full-Std/instance-out.sql | B82: CZ11 | C82: 6323.79 | D82: 18053.31 | G82: 0.094223 | H82: 0 | I82: 625951.95 | J82: 394508.4 | K82: 0 | L82: 436518 | M82: 0 | N82: 230923.7 | O82: 87528.56 | P82: 79556.65 | Q82: 0 | R82: 0 | S82: 0 | T82: 0 | U82: 0 | V82: 421007.34 | W82: 0 | X82: 0 | Y82: 0 | Z82: 0 | AA82: 0 | AB82: 0 | AC82: 0 | AD82: 0 | AE82: 0 | AF82: 0 | AG82: 160195.56 | AH82: 0 | AI82: 0 | AJ82: 1.9526525e+09
A83: runs/CZ11/Rt3&0&cPVVE&New&Chiller__PumpCtrl/NE-Chiller-CHWPumpCtrl-Full-Msr/instance-out.sql | B83: CZ11 | D83: 18053.31 | E83: 6323.79 | G83: 0.094223 | H83: 0 | I83: 615143.75 | J83: 394508.4 | K83: 0 | L83: 436518 | M83: 0 | N83: 230995.57 | O83: 78931.16 | P83: 78593.61 | Q83: 0 | R83: 0 | S83: 0 | T83: 0 | U83: 0 | V83: 420877.67 | W83: 0 | X83: 0 | Y83: 0 | Z83: 0 | AA83: 0 | AB83: 0 | AC83: 0 | AD83: 0 | AE83: 0 | AF83: 0 | AG83: 160196.61 | AH83: 0 | AI83: 0 | AJ83: 1.9542427e+09
A84: runs/CZ11/OfS&0&cPVVE&New&Chiller__PumpCtrl/NE-Chiller-PumpCtrl-Full-Std/instance-out.sql | B84: CZ11 | C84: 510.78 | D84: 1458.2 | G84: 0.007611 | H84: 0 | I84: 41979.39 | J84: 12134.67 | K84: 0 | L84: 29466.65 | M84: 0 | N84: 60611.69 | O84: 7448.49 | P84: 6307.19 | Q84: 0 | R84: 0 | S84: 0 | T84: 0 | U84: 0 | V84: 5164.41 | W84: 0 | X84: 0 | Y84: 0 | Z84: 0 | AA84: 0 | AB84: 0 | AC84: 0 | AD84: 0 | AE84: 0 | AF84: 0 | AG84: 4299.92 | AH84: 0 | AI84: 0 | AJ84: 1.204083e+08
A85: runs/CZ11/OfS&0&cPVVE&New&Chiller__PumpCtrl/NE-Chiller-CHWPumpCtrl-Full-Msr/instance-out.sql | B85: CZ11 | D85: 1458.2 | E85: 510.78 | G85: 0.007611 | H85: 0 | I85: 27663.69 | J85: 12134.67 | K85: 0 | L85: 29466.65 | M85: 0 | N85: 60611.69 | O85: 5599.43 | P85: 5875.17 | Q85: 0 | R85: 0 | S85: 0 | T85: 0 | U85: 0 | V85: 5164.41 | W85: 0 | X85: 0 | Y85: 0 | Z85: 0 | AA85: 0 | AB85: 0 | AC85: 0 | AD85: 0 | AE85: 0 | AF85: 0 | AG85: 4299.92 | AH85: 0 | AI85: 0 | AJ85: 1.040984e+08
A86: runs/CZ11/Nrs&0&cPVVE&New&Chiller__PumpCtrl/NE-Chiller-CHWPumpCtrl-Full-Msr/instance-out.sql | B86: CZ11 | D86: 4251.34 | E86: 1489.18 | G86: 0.022188 | H86: 0 | I86: 180381.25 | J86: 103288.37 | K86: 0 | L86: 282049.05 | M86: 0 | N86: 103357.22 | O86: 17332.22 | P86: 18378.97 | Q86: 0 | R86: 0 | S86: 0 | T86: 0 | U86: 0 | V86: 172769 | W86: 0 | X86: 0 | Y86: 0 | Z86: 65854.75 | AA86: 0 | AB86: 0 | AC86: 0 | AD86: 0 | AE86: 0 | AF86: 0 | AG86: 114320.04 | AH86: 0 | AI86: 0 | AJ86: 4.7600426e+08
A87: runs/CZ11/Nrs&0&cPVVE&New&Chiller__PumpCtrl/NE-Chiller-PumpCtrl-Full-Std/instance-out.sql | B87: CZ11 | C87: 1489.18 | D87: 4251.34 | G87: 0.022188 | H87: 0 | I87: 229940.71 | J87: 103288.37 | K87: 0 | L87: 282049.05 | M87: 0 | N87: 103358.49 | O87: 20384.48 | P87: 18442.63 | Q87: 0 | R87: 0 | S87: 0 | T87: 0 | U87: 0 | V87: 172719.93 | W87: 0 | X87: 0 | Y87: 0 | Z87: 65854.75 | AA87: 0 | AB87: 0 | AC87: 0 | AD87: 0 | AE87: 0 | AF87: 0 | AG87: 114317.55 | AH87: 0 | AI87: 0 | AJ87: 5.3213482e+08
A88: runs/CZ11/OfL&0&cPVVE&New&Chiller__PumpCtrl/NE-Chiller-CHWPumpCtrl-Full-Msr/instance-out.sql | B88: CZ11 | D88: 23690.61 | E88: 8298.44 | G88: 0.123645 | H88: 0 | I88: 761950.22 | J88: 239542.44 | K88: 0 | L88: 831153.37 | M88: 0 | N88: 237348.33 | O88: 169230.08 | P88: 170887.49 | Q88: 0 | R88: 0 | S88: 0 | T88: 0 | U88: 0 | V88: 540355.18 | W88: 0 | X88: 0 | Y88: 0 | Z88: 0 | AA88: 0 | AB88: 0 | AC88: 0 | AD88: 0 | AE88: 0 | AF88: 0 | AG88: 104830.99 | AH88: 0 | AI88: 0 | AJ88: 1.706927e+09
A89: runs/CZ11/OfL&0&cPVVE&New&Chiller__PumpCtrl/NE-Chiller-PumpCtrl-Full-Std/instance-out.sql | B89: CZ11 | C89: 8298.44 | D89: 23690.61 | G89: 0.123645 | H89: 0 | I89: 971908.7 | J89: 239542.44 | K89: 0 | L89: 831153.37 | M89: 0 | N89: 237669.45 | O89: 195888.14 | P89: 176016.44 | Q89: 0 | R89: 0 | S89: 0 | T89: 0 | U89: 0 | V89: 537685.07 | W89: 0 | X89: 0 | Y89: 0 | Z89: 0 | AA89: 0 | AB89: 0 | AC89: 0 | AD89: 0 | AE89: 0 | AF89: 0 | AG89: 104832.92 | AH89: 0 | AI89: 0 | AJ89: 1.9715598e+09
A90: runs/CZ11/Hsp&0&cPVVE&New&Chiller__PumpCtrl/NE-Chiller-PumpCtrl-Full-Std/instance-out.sql | B90: CZ11 | C90: 12494.7 | D90: 35670.2 | G90: 0.186168 | H90: 0 | I90: 1576758.7 | J90: 626942.71 | K90: 0 | L90: 1141299.4 | M90: 0 | N90: 450316.16 | O90: 382104.76 | P90: 335602.48 | Q90: 0 | R90: 0 | S90: 0 | T90: 0 | U90: 0 | V90: 884041.85 | W90: 0 | X90: 0 | Y90: 0 | Z90: 43737.51 | AA90: 0 | AB90: 0 | AC90: 0 | AD90: 0 | AE90: 0 | AF90: 0 | AG90: 249115.08 | AH90: 0 | AI90: 0 | AJ90: 2.7941275e+09
A91: runs/CZ11/Hsp&0&cPVVE&New&Chiller__PumpCtrl/NE-Chiller-CHWPumpCtrl-Full-Msr/instance-out.sql | B91: CZ11 | D91: 35670.2 | E91: 12494.7 | G91: 0.186168 | H91: 0 | I91: 1323652.5 | J91: 626942.71 | K91: 0 | L91: 1141299.4 | M91: 0 | N91: 449128.57 | O91: 326738.43 | P91: 323197.55 | Q91: 0 | R91: 0 | S91: 0 | T91: 0 | U91: 0 | V91: 886898.87 | W91: 0 | X91: 0 | Y91: 0 | Z91: 43737.51 | AA91: 0 | AB91: 0 | AC91: 0 | AD91: 0 | AE91: 0 | AF91: 0 | AG91: 249122.35 | AH91: 0 | AI91: 0 | AJ91: 2.7856767e+09
A92: runs/CZ11/ESe&0&cPVVE&New&Chiller__PumpCtrl/NE-Chiller-CHWPumpCtrl-Full-Msr/instance-out.sql | B92: CZ11 | D92: 4458.91 | E92: 1561.89 | G92: 0.023272 | H92: 0 | I92: 227402.02 | J92: 94437.9 | K92: 0 | L92: 258328.15 | M92: 0 | N92: 267820.9 | O92: 18324.16 | P92: 19963.92 | Q92: 0 | R92: 0 | S92: 0 | T92: 0 | U92: 0 | V92: 148964.93 | W92: 0 | X92: 0 | Y92: 0 | Z92: 64094.3 | AA92: 0 | AB92: 0 | AC92: 0 | AD92: 0 | AE92: 0 | AF92: 0 | AG92: 210323.02 | AH92: 0 | AI92: 0 | AJ92: 8.3334296e+08
A93: runs/CZ11/EUn&0&cPVVE&New&Chiller__PumpCtrl/NE-Chiller-PumpCtrl-Full-Std/instance-out.sql | B93: CZ11 | C93: 22240.8 | D93: 63493.61 | G93: 0.331382 | H93: 0 | I93: 2507176.3 | J93: 643032.05 | K93: 0 | L93: 3553012.2 | M93: 0 | N93: 1188141.7 | O93: 326052.93 | P93: 296699.83 | Q93: 0 | R93: 0 | S93: 0 | T93: 0 | U93: 0 | V93: 1413156.3 | W93: 0 | X93: 0 | Y93: 0 | Z93: 127428.8 | AA93: 0 | AB93: 0 | AC93: 0 | AD93: 0 | AE93: 0 | AF93: 0 | AG93: 667241.1 | AH93: 0 | AI93: 0 | AJ93: 6.1669943e+09
A94: runs/CZ11/ESe&0&cPVVE&New&Chiller__PumpCtrl/NE-Chiller-PumpCtrl-Full-Std/instance-out.sql | B94: CZ11 | C94: 1561.89 | D94: 4458.91 | G94: 0.023272 | H94: 0 | I94: 270111.67 | J94: 94437.9 | K94: 0 | L94: 258328.15 | M94: 0 | N94: 267793.5 | O94: 21520.77 | P94: 20091.89 | Q94: 0 | R94: 0 | S94: 0 | T94: 0 | U94: 0 | V94: 148746.04 | W94: 0 | X94: 0 | Y94: 0 | Z94: 64094.3 | AA94: 0 | AB94: 0 | AC94: 0 | AD94: 0 | AE94: 0 | AF94: 0 | AG94: 210322.45 | AH94: 0 | AI94: 0 | AJ94: 8.9906126e+08
A95: runs/CZ11/EUn&0&cPVVE&New&Chiller__PumpCtrl/NE-Chiller-CHWPumpCtrl-Full-Msr/instance-out.sql | B95: CZ11 | D95: 63493.61 | E95: 22240.8 | G95: 0.331382 | H95: 0 | I95: 2043427.8 | J95: 643032.05 | K95: 0 | L95: 3553012.2 | M95: 0 | N95: 1187790.4 | O95: 284223.99 | P95: 295332.19 | Q95: 0 | R95: 0 | S95: 0 | T95: 0 | U95: 0 | V95: 1411621.4 | W95: 0 | X95: 0 | Y95: 0 | Z95: 127428.8 | AA95: 0 | AB95: 0 | AC95: 0 | AD95: 0 | AE95: 0 | AF95: 0 | AG95: 667214.36 | AH95: 0 | AI95: 0 | AJ95: 5.8332728e+09
A96: runs/CZ11/ECC&0&cPVVE&New&Chiller__PumpCtrl/NE-Chiller-CHWPumpCtrl-Full-Msr/instance-out.sql | B96: CZ11 | D96: 30147.36 | E96: 10560.14 | G96: 0.157343 | H96: 0 | I96: 638152.21 | J96: 163686.57 | K96: 0 | L96: 936314.72 | M96: 0 | N96: 338681.7 | O96: 224682.17 | P96: 236748.48 | Q96: 0 | R96: 0 | S96: 0 | T96: 0 | U96: 0 | V96: 357612.54 | W96: 0 | X96: 0 | Y96: 0 | Z96: 68627.6 | AA96: 0 | AB96: 0 | AC96: 0 | AD96: 0 | AE96: 0 | AF96: 0 | AG96: 437385.72 | AH96: 0 | AI96: 0 | AJ96: 1.8134269e+09
A97: runs/CZ11/ECC&0&cPVVE&New&Chiller__PumpCtrl/NE-Chiller-PumpCtrl-Full-Std/instance-out.sql | B97: CZ11 | C97: 10560.14 | D97: 30147.36 | G97: 0.157343 | H97: 0 | I97: 1099508.2 | J97: 163686.57 | K97: 0 | L97: 936314.72 | M97: 0 | N97: 338752.87 | O97: 269625.33 | P97: 245650.76 | Q97: 0 | R97: 0 | S97: 0 | T97: 0 | U97: 0 | V97: 357352.27 | W97: 0 | X97: 0 | Y97: 0 | Z97: 68627.6 | AA97: 0 | AB97: 0 | AC97: 0 | AD97: 0 | AE97: 0 | AF97: 0 | AG97: 437390.27 | AH97: 0 | AI97: 0 | AJ97: 2.1381773e+09
A98: runs/CZ10/Rt3&0&cPVVE&New&Chiller__PumpCtrl/NE-Chiller-PumpCtrl-Full-Std/instance-out.sql | B98: CZ10 | C98: 8897.51 | D98: 25400.85 | G98: 0.132571 | H98: 0 | I98: 1018690.3 | J98: 394508.4 | K98: 0 | L98: 436518 | M98: 0 | N98: 283971.85 | O98: 156884.08 | P98: 141531.25 | Q98: 0 | R98: 0 | S98: 0 | T98: 0 | U98: 0 | V98: 734798.35 | W98: 0 | X98: 0 | Y98: 0 | Z98: 0 | AA98: 0 | AB98: 0 | AC98: 0 | AD98: 0 | AE98: 0 | AF98: 0 | AG98: 156629.82 | AH98: 0 | AI98: 0 | AJ98: 2.4044877e+09
A99: runs/CZ10/OfS&0&cPVVE&New&Chiller__PumpCtrl/NE-Chiller-CHWPumpCtrl-Full-Msr/instance-out.sql | B99: CZ10 | D99: 1487.55 | E99: 521.06 | G99: 0.007764 | H99: 0 | I99: 27839.65 | J99: 12134.67 | K99: 0 | L99: 29466.65 | M99: 0 | N99: 61779.84 | O99: 5754.62 | P99: 6220.24 | Q99: 0 | R99: 0 | S99: 0 | T99: 0 | U99: 0 | V99: 1384.63 | W99: 0 | X99: 0 | Y99: 0 | Z99: 0 | AA99: 0 | AB99: 0 | AC99: 0 | AD99: 0 | AE99: 0 | AF99: 0 | AG99: 4217.27 | AH99: 0 | AI99: 0 | AJ99: 92902082
A100: runs/CZ10/OfS&0&cPVVE&New&Chiller__PumpCtrl/NE-Chiller-PumpCtrl-Full-Std/instance-out.sql | B100: CZ10 | C100: 521.06 | D100: 1487.55 | G100: 0.007764 | H100: 0 | I100: 44969.8 | J100: 12134.67 | K100: 0 | L100: 29466.65 | M100: 0 | N100: 61779.84 | O100: 8029.51 | P100: 6813.95 | Q100: 0 | R100: 0 | S100: 0 | T100: 0 | U100: 0 | V100: 1384.64 | W100: 0 | X100: 0 | Y100: 0 | Z100: 0 | AA100: 0 | AB100: 0 | AC100: 0 | AD100: 0 | AE100: 0 | AF100: 0 | AG100: 4217.27 | AH100: 0 | AI100: 0 | AJ100: 1.212406e+08
...

Sheet Central Plant_Htl_Ex
A1: File Name | B1: BldgLoc | C1: CHW Pump Power (Constant) | D1: CW Pump Power (Constant) | E1: CHW Pump Power (Variable) | F1: CW Pump Power (Variable) | G1: CW Design Flow Rate (constant) (m3/s) | H1: Electricity/Heating | I1: Electricity/Cooling | J1: Electricity/Interior Lighting | K1: Electricity/Exterior Lighting | L1: Electricity/Interior Equipment | M1: Electricity/Exterior Equipment | N1: Electricity/Fans | O1: Electricity/Pumps | P1: Electricity/Heat Rejection | Q1: Electricity/Humidification | R1: Electricity/Heat Recovery | S1: Electricity/Water Systems | T1: Electricity/Refrigeration | U1: Electricity/Generators | V1: Natural Gas/Heating | W1: Natural Gas/Cooling | X1: Natural Gas/Interior Lighting | Y1: Natural Gas/Exterior Lighting | Z1: Natural Gas/Interior Equipment | AA1: Natural Gas/Exterior Equipment | AB1: Natural Gas/Fans | AC1: Natural Gas/Pumps | AD1: Natural Gas/Heat Rejection | AE1: Natural Gas/Humidification | AF1: Natural Gas/Heat Recovery | AG1: Natural Gas/Water Systems | AH1: Natural Gas/Refrigeration | AI1: Natural Gas/Generators | AJ1: Electricity:Facility [J](Hourly)
A2: runs/CZ16/Htl&0&cPVVE&Ex&Chiller__PumpCtrl/NE-Chiller-PumpCtrl-Full-Std/instance-out.sql | B2: CZ16 | C2: 1556.83 | D2: 4444.49 | G2: 0.023196 | H2: 0 | I2: 222981.8 | J2: 125722.95 | K2: 0 | L2: 179632.92 | M2: 0 | N2: 102731.31 | O2: 29039.31 | P2: 22029.72 | Q2: 0 | R2: 0 | S2: 0 | T2: 0 | U2: 0 | V2: 163901.23 | W2: 0 | X2: 0 | Y2: 0 | Z2: 25988.9 | AA2: 0 | AB2: 0 | AC2: 0 | AD2: 0 | AE2: 0 | AF2: 0 | AG2: 11819.3 | AH2: 0 | AI2: 0 | AJ2: 6.2777479e+08
A3: runs/CZ16/Htl&0&cPVVE&Ex&Chiller__PumpCtrl/NE-Chiller-CHWPumpCtrl-Full-Msr/instance-out.sql | B3: CZ16 | D3: 4444.49 | E3: 1556.83 | G3: 0.023196 | H3: 0 | I3: 206975.52 | J3: 125722.95 | K3: 0 | L3: 179632.92 | M3: 0 | N3: 102720.43 | O3: 25585.76 | P3: 21760.25 | Q3: 0 | R3: 0 | S3: 0 | T3: 0 | U3: 0 | V3: 165339.12 | W3: 0 | X3: 0 | Y3: 0 | Z3: 25988.9 | AA3: 0 | AB3: 0 | AC3: 0 | AD3: 0 | AE3: 0 | AF3: 0 | AG3: 11788.24 | AH3: 0 | AI3: 0 | AJ3: 6.1620902e+08
A4: runs/CZ15/Htl&0&cPVVE&Ex&Chiller__PumpCtrl/NE-Chiller-PumpCtrl-Full-Std/instance-out.sql | B4: CZ15 | C4: 1847.44 | D4: 5274.1 | G4: 0.027526 | H4: 0 | I4: 460163.45 | J4: 125722.95 | K4: 0 | L4: 179632.92 | M4: 0 | N4: 113955.08 | O4: 41259.96 | P4: 38463.84 | Q4: 0 | R4: 0 | S4: 0 | T4: 0 | U4: 0 | V4: 131080.58 | W4: 0 | X4: 0 | Y4: 0 | Z4: 25988.9 | AA4: 0 | AB4: 0 | AC4: 0 | AD4: 0 | AE4: 0 | AF4: 0 | AG4: 9051.49 | AH4: 0 | AI4: 0 | AJ4: 8.2711402e+08
A5: runs/CZ15/Htl&0&cPVVE&Ex&Chiller__PumpCtrl/NE-Chiller-CHWPumpCtrl-Full-Msr/instance-out.sql | B5: CZ15 | D5: 5274.1 | E5: 1847.44 | G5: 0.027526 | H5: 0 | I5: 372803.68 | J5: 125722.95 | K5: 0 | L5: 179632.92 | M5: 0 | N5: 113951.3 | O5: 35130.41 | P5: 38249.57 | Q5: 0 | R5: 0 | S5: 0 | T5: 0 | U5: 0 | V5: 132021.42 | W5: 0 | X5: 0 | Y5: 0 | Z5: 25988.9 | AA5: 0 | AB5: 0 | AC5: 0 | AD5: 0 | AE5: 0 | AF5: 0 | AG5: 9028.48 | AH5: 0 | AI5: 0 | AJ5: 7.9051395e+08
A6: runs/CZ14/Htl&0&cPVVE&Ex&Chiller__PumpCtrl/NE-Chiller-PumpCtrl-Full-Std/instance-out.sql | B6: CZ14 | C6: 1784.58 | D6: 5094.66 | G6: 0.02659 | H6: 0 | I6: 327065.45 | J6: 125722.95 | K6: 0 | L6: 179632.92 | M6: 0 | N6: 102850.54 | O6: 34307.22 | P6: 31084.97 | Q6: 0 | R6: 0 | S6: 0 | T6: 0 | U6: 0 | V6: 111912.84 | W6: 0 | X6: 0 | Y6: 0 | Z6: 25988.9 | AA6: 0 | AB6: 0 | AC6: 0 | AD6: 0 | AE6: 0 | AF6: 0 | AG6: 10061.32 | AH6: 0 | AI6: 0 | AJ6: 8.1417552e+08
A7: runs/CZ14/Htl&0&cPVVE&Ex&Chiller__PumpCtrl/NE-Chiller-CHWPumpCtrl-Full-Msr/instance-out.sql | B7: CZ14 | D7: 5094.66 | E7: 1784.58 | G7: 0.02659 | H7: 0 | I7: 299614.91 | J7: 125722.95 | K7: 0 | L7: 179632.92 | M7: 0 | N7: 102820.75 | O7: 30463.86 | P7: 30826.62 | Q7: 0 | R7: 0 | S7: 0 | T7: 0 | U7: 0 | V7: 111852.1 | W7: 0 | X7: 0 | Y7: 0 | Z7: 25988.9 | AA7: 0 | AB7: 0 | AC7: 0 | AD7: 0 | AE7: 0 | AF7: 0 | AG7: 10025.38 | AH7: 0 | AI7: 0 | AJ7: 8.2194852e+08
A8: runs/CZ12/Htl&0&cPVVE&Ex&Chiller__PumpCtrl/NE-Chiller-PumpCtrl-Full-Std/instance-out.sql | B8: CZ12 | C8: 1722.77 | D8: 4918.2 | G8: 0.025669 | H8: 0 | I8: 252880.21 | J8: 125722.95 | K8: 0 | L8: 179632.92 | M8: 0 | N8: 76392.56 | O8: 28810.17 | P8: 25933.12 | Q8: 0 | R8: 0 | S8: 0 | T8: 0 | U8: 0 | V8: 126633.28 | W8: 0 | X8: 0 | Y8: 0 | Z8: 25988.9 | AA8: 0 | AB8: 0 | AC8: 0 | AD8: 0 | AE8: 0 | AF8: 0 | AG8: 11104.25 | AH8: 0 | AI8: 0 | AJ8: 7.3712059e+08
A9: runs/CZ13/Htl&0&cPVVE&Ex&Chiller__PumpCtrl/NE-Chiller-CHWPumpCtrl-Full-Msr/instance-out.sql | B9: CZ13 | D9: 5150.04 | E9: 1803.98 | G9: 0.026879 | H9: 0 | I9: 246553.97 | J9: 125722.95 | K9: 0 | L9: 179632.92 | M9: 0 | N9: 89902.25 | O9: 27404.74 | P9: 28954.85 | Q9: 0 | R9: 0 | S9: 0 | T9: 0 | U9: 0 | V9: 128378.19 | W9: 0 | X9: 0 | Y9: 0 | Z9: 25988.9 | AA9: 0 | AB9: 0 | AC9: 0 | AD9: 0 | AE9: 0 | AF9: 0 | AG9: 10573.56 | AH9: 0 | AI9: 0 | AJ9: 7.3257331e+08
A10: runs/CZ12/Htl&0&cPVVE&Ex&Chiller__PumpCtrl/NE-Chiller-CHWPumpCtrl-Full-Msr/instance-out.sql | B10: CZ12 | D10: 4918.2 | E10: 1722.77 | G10: 0.025669 | H10: 0 | I10: 194155.98 | J10: 125722.95 | K10: 0 | L10: 179632.92 | M10: 0 | N10: 76436.92 | O10: 24463.27 | P10: 25535.33 | Q10: 0 | R10: 0 | S10: 0 | T10: 0 | U10: 0 | V10: 127239.53 | W10: 0 | X10: 0 | Y10: 0 | Z10: 25988.9 | AA10: 0 | AB10: 0 | AC10: 0 | AD10: 0 | AE10: 0 | AF10: 0 | AG10: 11150.86 | AH10: 0 | AI10: 0 | AJ10: 6.4610624e+08
A11: runs/CZ13/Htl&0&cPVVE&Ex&Chiller__PumpCtrl/NE-Chiller-PumpCtrl-Full-Std/instance-out.sql | B11: CZ13 | C11: 1803.98 | D11: 5150.04 | G11: 0.026879 | H11: 0 | I11: 314839.34 | J11: 125722.95 | K11: 0 | L11: 179632.92 | M11: 0 | N11: 89854.13 | O11: 32055.55 | P11: 29266.5 | Q11: 0 | R11: 0 | S11: 0 | T11: 0 | U11: 0 | V11: 127567.56 | W11: 0 | X11: 0 | Y11: 0 | Z11: 25988.9 | AA11: 0 | AB11: 0 | AC11: 0 | AD11: 0 | AE11: 0 | AF11: 0 | AG11: 10568.12 | AH11: 0 | AI11: 0 | AJ11: 7.9530681e+08
A12: runs/CZ11/Htl&0&cPVVE&Ex&Chiller__PumpCtrl/NE-Chiller-CHWPumpCtrl-Full-Msr/instance-out.sql | B12: CZ11 | D12: 5085.88 | E12: 1781.5 | G12: 0.026544 | H12: 0 | I12: 222030.1 | J12: 125722.95 | K12: 0 | L12: 179632.92 | M12: 0 | N12: 88119.68 | O12: 25564.04 | P12: 26757.6 | Q12: 0 | R12: 0 | S12: 0 | T12: 0 | U12: 0 | V12: 151728.78 | W12: 0 | X12: 0 | Y12: 0 | Z12: 25988.9 | AA12: 0 | AB12: 0 | AC12: 0 | AD12: 0 | AE12: 0 | AF12: 0 | AG12: 10785.6 | AH12: 0 | AI12: 0 | AJ12: 6.9869523e+08
A13: runs/CZ11/Htl&0&cPVVE&Ex&Chiller__PumpCtrl/NE-Chiller-PumpCtrl-Full-Std/instance-out.sql | B13: CZ11 | C13: 1781.5 | D13: 5085.88 | G13: 0.026544 | H13: 0 | I13: 280072.07 | J13: 125722.95 | K13: 0 | L13: 179632.92 | M13: 0 | N13: 88090.44 | O13: 29906.95 | P13: 27044.3 | Q13: 0 | R13: 0 | S13: 0 | T13: 0 | U13: 0 | V13: 150379.36 | W13: 0 | X13: 0 | Y13: 0 | Z13: 25988.9 | AA13: 0 | AB13: 0 | AC13: 0 | AD13: 0 | AE13: 0 | AF13: 0 | AG13: 10784.19 | AH13: 0 | AI13: 0 | AJ13: 7.703299e+08
A14: runs/CZ10/Htl&0&cPVVE&Ex&Chiller__PumpCtrl/NE-Chiller-PumpCtrl-Full-Std/instance-out.sql | B14: CZ10 | C14: 1720.44 | D14: 4911.56 | G14: 0.025634 | H14: 0 | I14: 297674.76 | J14: 125722.95 | K14: 0 | L14: 179632.92 | M14: 0 | N14: 85893.14 | O14: 33206.83 | P14: 30666.22 | Q14: 0 | R14: 0 | S14: 0 | T14: 0 | U14: 0 | V14: 98561.16 | W14: 0 | X14: 0 | Y14: 0 | Z14: 25988.9 | AA14: 0 | AB14: 0 | AC14: 0 | AD14: 0 | AE14: 0 | AF14: 0 | AG14: 10585.48 | AH14: 0 | AI14: 0 | AJ14: 7.1049116e+08
A15: runs/CZ09/Htl&0&cPVVE&Ex&Chiller__PumpCtrl/NE-Chiller-CHWPumpCtrl-Full-Msr/instance-out.sql | B15: CZ09 | D15: 4507.54 | E15: 1578.92 | G15: 0.023525 | H15: 0 | I15: 260926.97 | J15: 125722.95 | K15: 0 | L15: 179632.92 | M15: 0 | N15: 78313.98 | O15: 29134.82 | P15: 30435.93 | Q15: 0 | R15: 0 | S15: 0 | T15: 0 | U15: 0 | V15: 64643.95 | W15: 0 | X15: 0 | Y15: 0 | Z15: 25988.9 | AA15: 0 | AB15: 0 | AC15: 0 | AD15: 0 | AE15: 0 | AF15: 0 | AG15: 10727.66 | AH15: 0 | AI15: 0 | AJ15: 5.856316e+08
A16: runs/CZ10/Htl&0&cPVVE&Ex&Chiller__PumpCtrl/NE-Chiller-CHWPumpCtrl-Full-Msr/instance-out.sql | B16: CZ10 | D16: 4911.56 | E16: 1720.44 | G16: 0.025634 | H16: 0 | I16: 224995.29 | J16: 125722.95 | K16: 0 | L16: 179632.92 | M16: 0 | N16: 85986.74 | O16: 28300.81 | P16: 30369.2 | Q16: 0 | R16: 0 | S16: 0 | T16: 0 | U16: 0 | V16: 99582.21 | W16: 0 | X16: 0 | Y16: 0 | Z16: 25988.9 | AA16: 0 | AB16: 0 | AC16: 0 | AD16: 0 | AE16: 0 | AF16: 0 | AG16: 10564.6 | AH16: 0 | AI16: 0 | AJ16: 6.1104848e+08
A17: runs/CZ09/Htl&0&cPVVE&Ex&Chiller__PumpCtrl/NE-Chiller-PumpCtrl-Full-Std/instance-out.sql | B17: CZ09 | C17: 1578.92 | D17: 4507.54 | G17: 0.023525 | H17: 0 | I17: 276899.93 | J17: 125722.95 | K17: 0 | L17: 179632.92 | M17: 0 | N17: 78307.3 | O17: 32544.58 | P17: 30543.32 | Q17: 0 | R17: 0 | S17: 0 | T17: 0 | U17: 0 | V17: 65004.96 | W17: 0 | X17: 0 | Y17: 0 | Z17: 25988.9 | AA17: 0 | AB17: 0 | AC17: 0 | AD17: 0 | AE17: 0 | AF17: 0 | AG17: 10793.7 | AH17: 0 | AI17: 0 | AJ17: 6.1597496e+08
A18: runs/CZ08/Htl&0&cPVVE&Ex&Chiller__PumpCtrl/NE-Chiller-CHWPumpCtrl-Full-Msr/instance-out.sql | B18: CZ08 | D18: 4498.14 | E18: 1575.63 | G18: 0.023476 | H18: 0 | I18: 198907.4 | J18: 125722.95 | K18: 0 | L18: 179632.92 | M18: 0 | N18: 71448.89 | O18: 27360.7 | P18: 29705.89 | Q18: 0 | R18: 0 | S18: 0 | T18: 0 | U18: 0 | V18: 60055.3 | W18: 0 | X18: 0 | Y18: 0 | Z18: 25988.9 | AA18: 0 | AB18: 0 | AC18: 0 | AD18: 0 | AE18: 0 | AF18: 0 | AG18: 10836.58 | AH18: 0 | AI18: 0 | AJ18: 4.9945511e+08
A19: runs/CZ07/Htl&0&cPVVE&Ex&Chiller__PumpCtrl/NE-Chiller-CHWPumpCtrl-Full-Msr/instance-out.sql | B19: CZ07 | D19: 4099.97 | E19: 1436.16 | G19: 0.021398 | H19: 0 | I19: 222306.07 | J19: 125722.95 | K19: 0 | L19: 179632.92 | M19: 0 | N19: 69676.28 | O19: 27155.73 | P19: 28349.66 | Q19: 0 | R19: 0 | S19: 0 | T19: 0 | U19: 0 | V19: 46536.7 | W19: 0 | X19: 0 | Y19: 0 | Z19: 25988.9 | AA19: 0 | AB19: 0 | AC19: 0 | AD19: 0 | AE19: 0 | AF19: 0 | AG19: 10842.76 | AH19: 0 | AI19: 0 | AJ19: 5.881975e+08
A20: runs/CZ07/Htl&0&cPVVE&Ex&Chiller__PumpCtrl/NE-Chiller-PumpCtrl-Full-Std/instance-out.sql | B20: CZ07 | C20: 1436.16 | D20: 4099.97 | G20: 0.021398 | H20: 0 | I20: 238147.61 | J20: 125722.95 | K20: 0 | L20: 179632.92 | M20: 0 | N20: 69666.73 | O20: 30266.56 | P20: 28431.94 | Q20: 0 | R20: 0 | S20: 0 | T20: 0 | U20: 0 | V20: 46965.01 | W20: 0 | X20: 0 | Y20: 0 | Z20: 25988.9 | AA20: 0 | AB20: 0 | AC20: 0 | AD20: 0 | AE20: 0 | AF20: 0 | AG20: 10849.82 | AH20: 0 | AI20: 0 | AJ20: 5.9259066e+08
A21: runs/CZ08/Htl&0&cPVVE&Ex&Chiller__PumpCtrl/NE-Chiller-PumpCtrl-Full-Std/instance-out.sql | B21: CZ08 | C21: 1575.63 | D21: 4498.14 | G21: 0.023476 | H21: 0 | I21: 258576.06 | J21: 125722.95 | K21: 0 | L21: 179632.92 | M21: 0 | N21: 71389.61 | O21: 31853.08 | P21: 29827.67 | Q21: 0 | R21: 0 | S21: 0 | T21: 0 | U21: 0 | V21: 59860.47 | W21: 0 | X21: 0 | Y21: 0 | Z21: 25988.9 | AA21: 0 | AB21: 0 | AC21: 0 | AD21: 0 | AE21: 0 | AF21: 0 | AG21: 10790.14 | AH21: 0 | AI21: 0 | AJ21: 5.9488809e+08
A22: runs/CZ06/Htl&0&cPVVE&Ex&Chiller__PumpCtrl/NE-Chiller-PumpCtrl-Full-Std/instance-out.sql | B22: CZ06 | C22: 1408.3 | D22: 4020.46 | G22: 0.020983 | H22: 0 | I22: 210983.17 | J22: 125722.95 | K22: 0 | L22: 179632.92 | M22: 0 | N22: 59483.27 | O22: 28529.22 | P22: 26795.11 | Q22: 0 | R22: 0 | S22: 0 | T22: 0 | U22: 0 | V22: 26211.74 | W22: 0 | X22: 0 | Y22: 0 | Z22: 25988.9 | AA22: 0 | AB22: 0 | AC22: 0 | AD22: 0 | AE22: 0 | AF22: 0 | AG22: 11000.94 | AH22: 0 | AI22: 0 | AJ22: 5.1684373e+08
A23: runs/CZ06/Htl&0&cPVVE&Ex&Chiller__PumpCtrl/NE-Chiller-CHWPumpCtrl-Full-Msr/instance-out.sql | B23: CZ06 | D23: 4020.46 | E23: 1408.3 | G23: 0.020983 | H23: 0 | I23: 197292.42 | J23: 125722.95 | K23: 0 | L23: 179632.92 | M23: 0 | N23: 59483.54 | O23: 25211.31 | P23: 26715.58 | Q23: 0 | R23: 0 | S23: 0 | T23: 0 | U23: 0 | V23: 25902.26 | W23: 0 | X23: 0 | Y23: 0 | Z23: 25988.9 | AA23: 0 | AB23: 0 | AC23: 0 | AD23: 0 | AE23: 0 | AF23: 0 | AG23: 10994.82 | AH23: 0 | AI23: 0 | AJ23: 4.924932e+08
A24: runs/CZ05/Htl&0&cPVVE&Ex&Chiller__PumpCtrl/NE-Chiller-CHWPumpCtrl-Full-Msr/instance-out.sql | B24: CZ05 | D24: 3810.92 | E24: 1334.91 | G24: 0.01989 | H24: 0 | I24: 114224.86 | J24: 125722.95 | K24: 0 | L24: 179632.92 | M24: 0 | N24: 48142.32 | O24: 15877.19 | P24: 16397.75 | Q24: 0 | R24: 0 | S24: 0 | T24: 0 | U24: 0 | V24: 43643.69 | W24: 0 | X24: 0 | Y24: 0 | Z24: 25988.9 | AA24: 0 | AB24: 0 | AC24: 0 | AD24: 0 | AE24: 0 | AF24: 0 | AG24: 11806.95 | AH24: 0 | AI24: 0 | AJ24: 4.3379873e+08
A25: runs/CZ05/Htl&0&cPVVE&Ex&Chiller__PumpCtrl/NE-Chiller-PumpCtrl-Full-Std/instance-out.sql | B25: CZ05 | C25: 1334.91 | D25: 3810.92 | G25: 0.01989 | H25: 0 | I25: 120782.06 | J25: 125722.95 | K25: 0 | L25: 179632.92 | M25: 0 | N25: 48160.81 | O25: 18263.02 | P25: 16566.4 | Q25: 0 | R25: 0 | S25: 0 | T25: 0 | U25: 0 | V25: 43669.37 | W25: 0 | X25: 0 | Y25: 0 | Z25: 25988.9 | AA25: 0 | AB25: 0 | AC25: 0 | AD25: 0 | AE25: 0 | AF25: 0 | AG25: 11835.46 | AH25: 0 | AI25: 0 | AJ25: 4.4699548e+08
A26: runs/CZ04/Htl&0&cPVVE&Ex&Chiller__PumpCtrl/NE-Chiller-CHWPumpCtrl-Full-Msr/instance-out.sql | B26: CZ04 | D26: 4451.85 | E26: 1559.41 | G26: 0.023235 | H26: 0 | I26: 141555.17 | J26: 125722.95 | K26: 0 | L26: 179632.92 | M26: 0 | N26: 59874.77 | O26: 20301.12 | P26: 21801.67 | Q26: 0 | R26: 0 | S26: 0 | T26: 0 | U26: 0 | V26: 67205.6 | W26: 0 | X26: 0 | Y26: 0 | Z26: 25988.9 | AA26: 0 | AB26: 0 | AC26: 0 | AD26: 0 | AE26: 0 | AF26: 0 | AG26: 11507.79 | AH26: 0 | AI26: 0 | AJ26: 5.8798015e+08
A27: runs/CZ03/Htl&0&cPVVE&Ex&Chiller__PumpCtrl/NE-Chiller-PumpCtrl-Full-Std/instance-out.sql | B27: CZ03 | C27: 1447.91 | D27: 4133.54 | G27: 0.021574 | H27: 0 | I27: 111421.12 | J27: 125722.95 | K27: 0 | L27: 179632.92 | M27: 0 | N27: 44489.53 | O27: 18747.13 | P27: 17259.12 | Q27: 0 | R27: 0 | S27: 0 | T27: 0 | U27: 0 | V27: 46222.73 | W27: 0 | X27: 0 | Y27: 0 | Z27: 25988.9 | AA27: 0 | AB27: 0 | AC27: 0 | AD27: 0 | AE27: 0 | AF27: 0 | AG27: 11862.67 | AH27: 0 | AI27: 0 | AJ27: 5.4815328e+08
A28: runs/CZ04/Htl&0&cPVVE&Ex&Chiller__PumpCtrl/NE-Chiller-PumpCtrl-Full-Std/instance-out.sql | B28: CZ04 | C28: 1559.41 | D28: 4451.85 | G28: 0.023235 | H28: 0 | I28: 177414.1 | J28: 125722.95 | K28: 0 | L28: 179632.92 | M28: 0 | N28: 59851.85 | O28: 23876.27 | P28: 21998.08 | Q28: 0 | R28: 0 | S28: 0 | T28: 0 | U28: 0 | V28: 67037.39 | W28: 0 | X28: 0 | Y28: 0 | Z28: 25988.9 | AA28: 0 | AB28: 0 | AC28: 0 | AD28: 0 | AE28: 0 | AF28: 0 | AG28: 11475.45 | AH28: 0 | AI28: 0 | AJ28: 6.4102624e+08
A29: runs/CZ03/Htl&0&cPVVE&Ex&Chiller__PumpCtrl/NE-Chiller-CHWPumpCtrl-Full-Msr/instance-out.sql | B29: CZ03 | D29: 4133.54 | E29: 1447.91 | G29: 0.021574 | H29: 0 | I29: 103144.33 | J29: 125722.95 | K29: 0 | L29: 179632.92 | M29: 0 | N29: 44480.73 | O29: 16056.21 | P29: 17110.04 | Q29: 0 | R29: 0 | S29: 0 | T29: 0 | U29: 0 | V29: 46215.92 | W29: 0 | X29: 0 | Y29: 0 | Z29: 25988.9 | AA29: 0 | AB29: 0 | AC29: 0 | AD29: 0 | AE29: 0 | AF29: 0 | AG29: 11866.86 | AH29: 0 | AI29: 0 | AJ29: 5.311502e+08
A30: runs/CZ02/Htl&0&cPVVE&Ex&Chiller__PumpCtrl/NE-Chiller-CHWPumpCtrl-Full-Msr/instance-out.sql | B30: CZ02 | D30: 4390.62 | E30: 1537.96 | G30: 0.022915 | H30: 0 | I30: 122303.96 | J30: 125722.95 | K30: 0 | L30: 179632.92 | M30: 0 | N30: 57227.08 | O30: 17913.81 | P30: 18389.04 | Q30: 0 | R30: 0 | S30: 0 | T30: 0 | U30: 0 | V30: 96024.44 | W30: 0 | X30: 0 | Y30: 0 | Z30: 25988.9 | AA30: 0 | AB30: 0 | AC30: 0 | AD30: 0 | AE30: 0 | AF30: 0 | AG30: 11934.79 | AH30: 0 | AI30: 0 | AJ30: 5.42117e+08
A31: runs/CZ02/Htl&0&cPVVE&Ex&Chiller__PumpCtrl/NE-Chiller-PumpCtrl-Full-Std/instance-out.sql | B31: CZ02 | C31: 1537.96 | D31: 4390.62 | G31: 0.022915 | H31: 0 | I31: 150260.64 | J31: 125722.95 | K31: 0 | L31: 179632.92 | M31: 0 | N31: 57206.96 | O31: 21005.91 | P31: 18623.27 | Q31: 0 | R31: 0 | S31: 0 | T31: 0 | U31: 0 | V31: 95468.55 | W31: 0 | X31: 0 | Y31: 0 | Z31: 25988.9 | AA31: 0 | AB31: 0 | AC31: 0 | AD31: 0 | AE31: 0 | AF31: 0 | AG31: 11913.4 | AH31: 0 | AI31: 0 | AJ31: 6.217137e+08
A32: runs/CZ01/Htl&0&cPVVE&Ex&Chiller__PumpCtrl/NE-Chiller-CHWPumpCtrl-Full-Msr/instance-out.sql | B32: CZ01 | D32: 3285.83 | E32: 1150.97 | G32: 0.017149 | H32: 0 | I32: 26206.43 | J32: 125722.95 | K32: 0 | L32: 179632.92 | M32: 0 | N32: 39907.85 | O32: 3207.07 | P32: 3108.51 | Q32: 0 | R32: 0 | S32: 0 | T32: 0 | U32: 0 | V32: 101686.59 | W32: 0 | X32: 0 | Y32: 0 | Z32: 25988.9 | AA32: 0 | AB32: 0 | AC32: 0 | AD32: 0 | AE32: 0 | AF32: 0 | AG32: 12884.56 | AH32: 0 | AI32: 0 | AJ32: 3.6245346e+08
A33: runs/CZ01/Htl&0&cPVVE&Ex&Chiller__PumpCtrl/NE-Chiller-PumpCtrl-Full-Std/instance-out.sql | B33: CZ01 | C33: 1150.97 | D33: 3285.83 | G33: 0.017149 | H33: 0 | I33: 27895.76 | J33: 125722.95 | K33: 0 | L33: 179632.92 | M33: 0 | N33: 39907.97 | O33: 3844.21 | P33: 3199.63 | Q33: 0 | R33: 0 | S33: 0 | T33: 0 | U33: 0 | V33: 101536.01 | W33: 0 | X33: 0 | Y33: 0 | Z33: 25988.9 | AA33: 0 | AB33: 0 | AC33: 0 | AD33: 0 | AE33: 0 | AF33: 0 | AG33: 12829.71 | AH33: 0 | AI33: 0 | AJ33: 3.6623126e+08

Sheet Central Plant_Htl_New
A1: File Name | B1: BldgLoc | C1: CHW Pump Power (Constant) | D1: CW Pump Power (Constant) | E1: CHW Pump Power (Variable) | F1: CW Pump Power (Variable) | G1: CW Design Flow Rate (constant) (m3/s) | H1: Electricity/Heating | I1: Electricity/Cooling | J1: Electricity/Interior Lighting | K1: Electricity/Exterior Lighting | L1: Electricity/Interior Equipment | M1: Electricity/Exterior Equipment | N1: Electricity/Fans | O1: Electricity/Pumps | P1: Electricity/Heat Rejection | Q1: Electricity/Humidification | R1: Electricity/Heat Recovery | S1: Electricity/Water Systems | T1: Electricity/Refrigeration | U1: Electricity/Generators | V1: Natural Gas/Heating | W1: Natural Gas/Cooling | X1: Natural Gas/Interior Lighting | Y1: Natural Gas/Exterior Lighting | Z1: Natural Gas/Interior Equipment | AA1: Natural Gas/Exterior Equipment | AB1: Natural Gas/Fans | AC1: Natural Gas/Pumps | AD1: Natural Gas/Heat Rejection | AE1: Natural Gas/Humidification | AF1: Natural Gas/Heat Recovery | AG1: Natural Gas/Water Systems | AH1: Natural Gas/Refrigeration | AI1: Natural Gas/Generators | AJ1: Electricity:Facility [J](Hourly)
A2: runs/CZ16/Htl&0&cPVVE&New&Chiller__PumpCtrl/NE-Chiller-CHWPumpCtrl-Full-Msr/instance-out.sql | B2: CZ16 | D2: 3872.59 | E2: 1356.51 | G2: 0.020212 | H2: 0 | I2: 167101.58 | J2: 125722.95 | K2: 0 | L2: 179632.92 | M2: 0 | N2: 85529.46 | O2: 21958.82 | P2: 18679.89 | Q2: 0 | R2: 0 | S2: 0 | T2: 0 | U2: 0 | V2: 140507.2 | W2: 0 | X2: 0 | Y2: 0 | Z2: 25988.9 | AA2: 0 | AB2: 0 | AC2: 0 | AD2: 0 | AE2: 0 | AF2: 0 | AG2: 11672.67 | AH2: 0 | AI2: 0 | AJ2: 5.4796796e+08
A3: runs/CZ16/Htl&0&cPVVE&New&Chiller__PumpCtrl/NE-Chiller-PumpCtrl-Full-Std/instance-out.sql | B3: CZ16 | C3: 1356.51 | D3: 3872.59 | G3: 0.020212 | H3: 0 | I3: 177328.57 | J3: 125722.95 | K3: 0 | L3: 179632.92 | M3: 0 | N3: 85533.76 | O3: 25002.35 | P3: 18981.19 | Q3: 0 | R3: 0 | S3: 0 | T3: 0 | U3: 0 | V3: 139043.31 | W3: 0 | X3: 0 | Y3: 0 | Z3: 25988.9 | AA3: 0 | AB3: 0 | AC3: 0 | AD3: 0 | AE3: 0 | AF3: 0 | AG3: 11733.56 | AH3: 0 | AI3: 0 | AJ3: 5.4589557e+08
A4: runs/CZ15/Htl&0&cPVVE&New&Chiller__PumpCtrl/NE-Chiller-CHWPumpCtrl-Full-Msr/instance-out.sql | B4: CZ15 | D4: 4678.63 | E4: 1638.85 | G4: 0.024418 | H4: 0 | I4: 308378.55 | J4: 125722.95 | K4: 0 | L4: 179632.92 | M4: 0 | N4: 94833.34 | O4: 30956.82 | P4: 33884.9 | Q4: 0 | R4: 0 | S4: 0 | T4: 0 | U4: 0 | V4: 126384.18 | W4: 0 | X4: 0 | Y4: 0 | Z4: 25988.9 | AA4: 0 | AB4: 0 | AC4: 0 | AD4: 0 | AE4: 0 | AF4: 0 | AG4: 9025.39 | AH4: 0 | AI4: 0 | AJ4: 6.8340273e+08
A5: runs/CZ15/Htl&0&cPVVE&New&Chiller__PumpCtrl/NE-Chiller-PumpCtrl-Full-Std/instance-out.sql | B5: CZ15 | C5: 1638.85 | D5: 4678.63 | G5: 0.024418 | H5: 0 | I5: 382912.15 | J5: 125722.95 | K5: 0 | L5: 179632.92 | M5: 0 | N5: 94837.84 | O5: 36593.43 | P5: 34096.11 | Q5: 0 | R5: 0 | S5: 0 | T5: 0 | U5: 0 | V5: 126345.02 | W5: 0 | X5: 0 | Y5: 0 | Z5: 25988.9 | AA5: 0 | AB5: 0 | AC5: 0 | AD5: 0 | AE5: 0 | AF5: 0 | AG5: 9031.55 | AH5: 0 | AI5: 0 | AJ5: 7.1267399e+08
A6: runs/CZ14/Htl&0&cPVVE&New&Chiller__PumpCtrl/NE-Chiller-CHWPumpCtrl-Full-Msr/instance-out.sql | B6: CZ14 | D6: 4541.03 | E6: 1590.65 | G6: 0.0237 | H6: 0 | I6: 247032.05 | J6: 125722.95 | K6: 0 | L6: 179632.92 | M6: 0 | N6: 86266.02 | O6: 27124.01 | P6: 27417.41 | Q6: 0 | R6: 0 | S6: 0 | T6: 0 | U6: 0 | V6: 106898.38 | W6: 0 | X6: 0 | Y6: 0 | Z6: 25988.9 | AA6: 0 | AB6: 0 | AC6: 0 | AD6: 0 | AE6: 0 | AF6: 0 | AG6: 10040.52 | AH6: 0 | AI6: 0 | AJ6: 7.0518857e+08
A7: runs/CZ13/Htl&0&cPVVE&New&Chiller__PumpCtrl/NE-Chiller-CHWPumpCtrl-Full-Msr/instance-out.sql | B7: CZ13 | D7: 4521.82 | E7: 1583.92 | G7: 0.0236 | H7: 0 | I7: 195080.51 | J7: 125722.95 | K7: 0 | L7: 179632.92 | M7: 0 | N7: 74775.54 | O7: 23804.46 | P7: 25296.84 | Q7: 0 | R7: 0 | S7: 0 | T7: 0 | U7: 0 | V7: 112889.15 | W7: 0 | X7: 0 | Y7: 0 | Z7: 25988.9 | AA7: 0 | AB7: 0 | AC7: 0 | AD7: 0 | AE7: 0 | AF7: 0 | AG7: 10563.33 | AH7: 0 | AI7: 0 | AJ7: 6.131104e+08
A8: runs/CZ14/Htl&0&cPVVE&New&Chiller__PumpCtrl/NE-Chiller-PumpCtrl-Full-Std/instance-out.sql | B8: CZ14 | C8: 1590.65 | D8: 4541.03 | G8: 0.0237 | H8: 0 | I8: 270749.41 | J8: 125722.95 | K8: 0 | L8: 179632.92 | M8: 0 | N8: 86274.32 | O8: 30550.37 | P8: 27678.25 | Q8: 0 | R8: 0 | S8: 0 | T8: 0 | U8: 0 | V8: 106881.05 | W8: 0 | X8: 0 | Y8: 0 | Z8: 25988.9 | AA8: 0 | AB8: 0 | AC8: 0 | AD8: 0 | AE8: 0 | AF8: 0 | AG8: 10008.47 | AH8: 0 | AI8: 0 | AJ8: 6.9672517e+08
A9: runs/CZ13/Htl&0&cPVVE&New&Chiller__PumpCtrl/NE-Chiller-PumpCtrl-Full-Std/instance-out.sql | B9: CZ13 | C9: 1583.92 | D9: 4521.82 | G9: 0.0236 | H9: 0 | I9: 257903.84 | J9: 125722.95 | K9: 0 | L9: 179632.92 | M9: 0 | N9: 74757.41 | O9: 28081.25 | P9: 25624.14 | Q9: 0 | R9: 0 | S9: 0 | T9: 0 | U9: 0 | V9: 112613.94 | W9: 0 | X9: 0 | Y9: 0 | Z9: 25988.9 | AA9: 0 | AB9: 0 | AC9: 0 | AD9: 0 | AE9: 0 | AF9: 0 | AG9: 10534.92 | AH9: 0 | AI9: 0 | AJ9: 6.7648594e+08
A10: runs/CZ12/Htl&0&cPVVE&New&Chiller__PumpCtrl/NE-Chiller-CHWPumpCtrl-Full-Msr/instance-out.sql | B10: CZ12 | D10: 4334.04 | E10: 1518.14 | G10: 0.02262 | H10: 0 | I10: 157860.14 | J10: 125722.95 | K10: 0 | L10: 179632.92 | M10: 0 | N10: 65352.47 | O10: 21370.7 | P10: 22367.98 | Q10: 0 | R10: 0 | S10: 0 | T10: 0 | U10: 0 | V10: 105830.31 | W10: 0 | X10: 0 | Y10: 0 | Z10: 25988.9 | AA10: 0 | AB10: 0 | AC10: 0 | AD10: 0 | AE10: 0 | AF10: 0 | AG10: 11107.26 | AH10: 0 | AI10: 0 | AJ10: 5.4962908e+08
A11: runs/CZ11/Htl&0&cPVVE&New&Chiller__PumpCtrl/NE-Chiller-CHWPumpCtrl-Full-Msr/instance-out.sql | B11: CZ11 | D11: 4396.07 | E11: 1539.87 | G11: 0.022944 | H11: 0 | I11: 175161.43 | J11: 125722.95 | K11: 0 | L11: 179632.92 | M11: 0 | N11: 72999.17 | O11: 21853.93 | P11: 22994.54 | Q11: 0 | R11: 0 | S11: 0 | T11: 0 | U11: 0 | V11: 122213.14 | W11: 0 | X11: 0 | Y11: 0 | Z11: 25988.9 | AA11: 0 | AB11: 0 | AC11: 0 | AD11: 0 | AE11: 0 | AF11: 0 | AG11: 10772.89 | AH11: 0 | AI11: 0 | AJ11: 5.8656054e+08
A12: runs/CZ12/Htl&0&cPVVE&New&Chiller__PumpCtrl/NE-Chiller-PumpCtrl-Full-Std/instance-out.sql | B12: CZ12 | C12: 1518.14 | D12: 4334.04 | G12: 0.02262 | H12: 0 | I12: 211539.83 | J12: 125722.95 | K12: 0 | L12: 179632.92 | M12: 0 | N12: 65351.18 | O12: 25366.03 | P12: 22778.06 | Q12: 0 | R12: 0 | S12: 0 | T12: 0 | U12: 0 | V12: 105754 | W12: 0 | X12: 0 | Y12: 0 | Z12: 25988.9 | AA12: 0 | AB12: 0 | AC12: 0 | AD12: 0 | AE12: 0 | AF12: 0 | AG12: 11096.96 | AH12: 0 | AI12: 0 | AJ12: 6.362034e+08
A13: runs/CZ11/Htl&0&cPVVE&New&Chiller__PumpCtrl/NE-Chiller-PumpCtrl-Full-Std/instance-out.sql | B13: CZ11 | C13: 1539.87 | D13: 4396.07 | G13: 0.022944 | H13: 0 | I13: 226967.71 | J13: 125722.95 | K13: 0 | L13: 179632.92 | M13: 0 | N13: 72990.4 | O13: 25815.36 | P13: 23303.4 | Q13: 0 | R13: 0 | S13: 0 | T13: 0 | U13: 0 | V13: 121791.8 | W13: 0 | X13: 0 | Y13: 0 | Z13: 25988.9 | AA13: 0 | AB13: 0 | AC13: 0 | AD13: 0 | AE13: 0 | AF13: 0 | AG13: 10763.43 | AH13: 0 | AI13: 0 | AJ13: 6.4796653e+08
A14: runs/CZ10/Htl&0&cPVVE&New&Chiller__PumpCtrl/NE-Chiller-CHWPumpCtrl-Full-Msr/instance-out.sql | B14: CZ10 | D14: 4342.93 | E14: 1521.26 | G14: 0.022666 | H14: 0 | I14: 185199.94 | J14: 125722.95 | K14: 0 | L14: 179632.92 | M14: 0 | N14: 72472.08 | O14: 24964.76 | P14: 26772.52 | Q14: 0 | R14: 0 | S14: 0 | T14: 0 | U14: 0 | V14: 92058.24 | W14: 0 | X14: 0 | Y14: 0 | Z14: 25988.9 | AA14: 0 | AB14: 0 | AC14: 0 | AD14: 0 | AE14: 0 | AF14: 0 | AG14: 10618.45 | AH14: 0 | AI14: 0 | AJ14: 5.3598119e+08
A15: runs/CZ10/Htl&0&cPVVE&New&Chiller__PumpCtrl/NE-Chiller-PumpCtrl-Full-Std/instance-out.sql | B15: CZ10 | C15: 1521.26 | D15: 4342.93 | G15: 0.022666 | H15: 0 | I15: 249178.1 | J15: 125722.95 | K15: 0 | L15: 179632.92 | M15: 0 | N15: 72376.24 | O15: 29348.24 | P15: 27052.41 | Q15: 0 | R15: 0 | S15: 0 | T15: 0 | U15: 0 | V15: 91607.8 | W15: 0 | X15: 0 | Y15: 0 | Z15: 25988.9 | AA15: 0 | AB15: 0 | AC15: 0 | AD15: 0 | AE15: 0 | AF15: 0 | AG15: 10589.37 | AH15: 0 | AI15: 0 | AJ15: 6.2278564e+08
A16: runs/CZ09/Htl&0&cPVVE&New&Chiller__PumpCtrl/NE-Chiller-CHWPumpCtrl-Full-Msr/instance-out.sql | B16: CZ09 | D16: 3872.42 | E16: 1356.45 | G16: 0.020211 | H16: 0 | I16: 171983.59 | J16: 125722.95 | K16: 0 | L16: 179632.92 | M16: 0 | N16: 63567.32 | O16: 24019.24 | P16: 26095.18 | Q16: 0 | R16: 0 | S16: 0 | T16: 0 | U16: 0 | V16: 65582.65 | W16: 0 | X16: 0 | Y16: 0 | Z16: 25988.9 | AA16: 0 | AB16: 0 | AC16: 0 | AD16: 0 | AE16: 0 | AF16: 0 | AG16: 10690.75 | AH16: 0 | AI16: 0 | AJ16: 4.4955105e+08
A17: runs/CZ09/Htl&0&cPVVE&New&Chiller__PumpCtrl/NE-Chiller-PumpCtrl-Full-Std/instance-out.sql | B17: CZ09 | C17: 1356.45 | D17: 3872.42 | G17: 0.020211 | H17: 0 | I17: 225211.53 | J17: 125722.95 | K17: 0 | L17: 179632.92 | M17: 0 | N17: 63533.01 | O17: 27920.73 | P17: 26194.51 | Q17: 0 | R17: 0 | S17: 0 | T17: 0 | U17: 0 | V17: 65489.85 | W17: 0 | X17: 0 | Y17: 0 | Z17: 25988.9 | AA17: 0 | AB17: 0 | AC17: 0 | AD17: 0 | AE17: 0 | AF17: 0 | AG17: 10687.59 | AH17: 0 | AI17: 0 | AJ17: 5.3508919e+08
A18: runs/CZ08/Htl&0&cPVVE&New&Chiller__PumpCtrl/NE-Chiller-CHWPumpCtrl-Full-Msr/instance-out.sql | B18: CZ08 | D18: 3901.66 | E18: 1366.69 | G18: 0.020363 | H18: 0 | I18: 160500.52 | J18: 125722.95 | K18: 0 | L18: 179632.92 | M18: 0 | N18: 58715.74 | O18: 23654.22 | P18: 25693.51 | Q18: 0 | R18: 0 | S18: 0 | T18: 0 | U18: 0 | V18: 58945.85 | W18: 0 | X18: 0 | Y18: 0 | Z18: 25988.9 | AA18: 0 | AB18: 0 | AC18: 0 | AD18: 0 | AE18: 0 | AF18: 0 | AG18: 10835.57 | AH18: 0 | AI18: 0 | AJ18: 4.3884764e+08
A19: runs/CZ08/Htl&0&cPVVE&New&Chiller__PumpCtrl/NE-Chiller-PumpCtrl-Full-Std/instance-out.sql | B19: CZ08 | C19: 1366.69 | D19: 3901.66 | G19: 0.020363 | H19: 0 | I19: 211188.9 | J19: 125722.95 | K19: 0 | L19: 179632.92 | M19: 0 | N19: 58675.46 | O19: 27571.17 | P19: 25808.42 | Q19: 0 | R19: 0 | S19: 0 | T19: 0 | U19: 0 | V19: 58901.65 | W19: 0 | X19: 0 | Y19: 0 | Z19: 25988.9 | AA19: 0 | AB19: 0 | AC19: 0 | AD19: 0 | AE19: 0 | AF19: 0 | AG19: 10794.59 | AH19: 0 | AI19: 0 | AJ19: 5.2150225e+08
A20: runs/CZ07/Htl&0&cPVVE&New&Chiller__PumpCtrl/NE-Chiller-CHWPumpCtrl-Full-Msr/instance-out.sql | B20: CZ07 | D20: 3686.5 | E20: 1291.32 | G20: 0.01924 | H20: 0 | I20: 187715.78 | J20: 125722.95 | K20: 0 | L20: 179632.92 | M20: 0 | N20: 59379.11 | O20: 24385.93 | P20: 25449.14 | Q20: 0 | R20: 0 | S20: 0 | T20: 0 | U20: 0 | V20: 49679.86 | W20: 0 | X20: 0 | Y20: 0 | Z20: 25988.9 | AA20: 0 | AB20: 0 | AC20: 0 | AD20: 0 | AE20: 0 | AF20: 0 | AG20: 10925.34 | AH20: 0 | AI20: 0 | AJ20: 5.3718799e+08
A21: runs/CZ07/Htl&0&cPVVE&New&Chiller__PumpCtrl/NE-Chiller-PumpCtrl-Full-Std/instance-out.sql | B21: CZ07 | C21: 1291.32 | D21: 3686.5 | G21: 0.01924 | H21: 0 | I21: 201694.49 | J21: 125722.95 | K21: 0 | L21: 179632.92 | M21: 0 | N21: 59367.33 | O21: 27188.35 | P21: 25533.75 | Q21: 0 | R21: 0 | S21: 0 | T21: 0 | U21: 0 | V21: 50064.89 | W21: 0 | X21: 0 | Y21: 0 | Z21: 25988.9 | AA21: 0 | AB21: 0 | AC21: 0 | AD21: 0 | AE21: 0 | AF21: 0 | AG21: 10840.41 | AH21: 0 | AI21: 0 | AJ21: 5.3847167e+08
A22: runs/CZ06/Htl&0&cPVVE&New&Chiller__PumpCtrl/NE-Chiller-CHWPumpCtrl-Full-Msr/instance-out.sql | B22: CZ06 | D22: 3508.11 | E22: 1228.83 | G22: 0.018309 | H22: 0 | I22: 161701.9 | J22: 125722.95 | K22: 0 | L22: 179632.92 | M22: 0 | N22: 49154.93 | O22: 21924.24 | P22: 23209.18 | Q22: 0 | R22: 0 | S22: 0 | T22: 0 | U22: 0 | V22: 27445.06 | W22: 0 | X22: 0 | Y22: 0 | Z22: 25988.9 | AA22: 0 | AB22: 0 | AC22: 0 | AD22: 0 | AE22: 0 | AF22: 0 | AG22: 10970.72 | AH22: 0 | AI22: 0 | AJ22: 4.43122e+08
A23: runs/CZ05/Htl&0&cPVVE&New&Chiller__PumpCtrl/NE-Chiller-CHWPumpCtrl-Full-Msr/instance-out.sql | B23: CZ05 | D23: 3309.58 | E23: 1159.29 | G23: 0.017273 | H23: 0 | I23: 92667.87 | J23: 125722.95 | K23: 0 | L23: 179632.92 | M23: 0 | N23: 41583.21 | O23: 13746.97 | P23: 14169.02 | Q23: 0 | R23: 0 | S23: 0 | T23: 0 | U23: 0 | V23: 43288.74 | W23: 0 | X23: 0 | Y23: 0 | Z23: 25988.9 | AA23: 0 | AB23: 0 | AC23: 0 | AD23: 0 | AE23: 0 | AF23: 0 | AG23: 11782.85 | AH23: 0 | AI23: 0 | AJ23: 3.8871252e+08
